customer_id,usage_month,monthly_logins,active_users,support_tickets
CUST-0001,2024-04,29.1,6,0
CUST-0001,2024-05,22.5,8,3
CUST-0001,2024-06,21.8,5,3
CUST-0001,2024-07,22.4,4,1
CUST-0001,2024-08,20.5,6,0
CUST-0001,2024-09,20.4,9,0
CUST-0001,2024-10,13.6,4,1
CUST-0001,2024-11,10.9,2,0
CUST-0001,2024-12,20.2,5,2
CUST-0001,2025-01,16.1,3,1
CUST-0001,2025-02,6.7,2,3
CUST-0001,2025-03,8.3,2,3
CUST-0001,2025-04,4.4,1,0
CUST-0001,2025-05,11.5,5,0
CUST-0002,2023-07,15.7,3,0
CUST-0002,2023-08,11.4,4,0
CUST-0002,2023-09,,3,1
CUST-0002,2023-10,9.2,2,0
CUST-0002,2023-11,15.9,5,0
CUST-0002,2023-12,21.1,5,1
CUST-0002,2024-01,14.7,3,1
CUST-0002,2024-02,7.3,1,1
CUST-0002,2024-03,12.4,5,1
CUST-0002,2024-04,8.4,2,0
CUST-0002,2024-05,11.8,3,0
CUST-0002,2024-06,9.1,1,0
CUST-0002,2024-07,12.7,5,0
CUST-0002,2024-08,10.5,3,0
CUST-0002,2024-09,15.9,3,1
CUST-0002,2024-10,12.0,5,1
CUST-0002,2024-11,11.5,5,0
CUST-0002,2024-12,14.2,6,0
CUST-0002,2025-01,15.2,5,0
CUST-0002,2025-02,11.9,4,0
CUST-0002,2025-03,12.0,2,1
CUST-0002,2025-04,10.0,3,0
CUST-0002,2025-05,13.2,2,0
CUST-0003,2023-09,32.2,10,1
CUST-0003,2023-10,26.8,8,1
CUST-0003,2023-11,31.3,7,1
CUST-0003,2023-12,32.8,15,0
CUST-0003,2024-01,34.2,13,0
CUST-0003,2024-02,32.2,6,0
CUST-0003,2024-03,26.8,9,0
CUST-0003,2024-04,30.5,13,0
CUST-0003,2024-05,27.8,10,0
CUST-0003,2024-06,30.6,7,1
CUST-0003,2024-07,27.0,7,1
CUST-0003,2024-08,21.8,5,0
CUST-0003,2024-09,29.0,6,0
CUST-0003,2024-10,29.0,11,0
CUST-0003,2024-11,32.6,6,0
CUST-0003,2024-12,25.2,11,0
CUST-0003,2025-01,32.4,8,0
CUST-0003,2025-02,31.8,12,0
CUST-0003,2025-03,28.3,8,0
CUST-0003,2025-04,26.6,5,0
CUST-0003,2025-05,30.5,7,0
CUST-0004,2024-03,15.7,3,0
CUST-0004,2024-04,14.5,5,0
CUST-0004,2024-05,14.2,5,1
CUST-0004,2024-06,16.5,3,0
CUST-0004,2024-07,12.3,2,0
CUST-0004,2024-08,14.7,6,1
CUST-0004,2024-09,11.0,2,0
CUST-0004,2024-10,11.7,2,0
CUST-0004,2024-11,,5,0
CUST-0004,2024-12,13.7,5,2
CUST-0004,2025-01,,2,1
CUST-0004,2025-02,11.7,2,0
CUST-0004,2025-03,8.2,3,1
CUST-0004,2025-04,14.8,6,1
CUST-0004,2025-05,12.6,4,1
CUST-0005,2023-06,11.5,4,1
CUST-0005,2023-07,8.4,1,2
CUST-0005,2023-08,9.6,2,0
CUST-0005,2023-09,6.3,2,0
CUST-0005,2023-10,11.4,2,0
CUST-0005,2023-11,11.2,3,0
CUST-0005,2023-12,9.4,3,0
CUST-0005,2024-01,13.3,4,1
CUST-0005,2024-02,10.9,4,0
CUST-0005,2024-03,7.8,2,0
CUST-0005,2024-04,15.5,3,0
CUST-0005,2024-05,5.8,1,0
CUST-0005,2024-06,13.0,5,0
CUST-0005,2024-07,12.3,3,1
CUST-0005,2024-08,11.0,3,0
CUST-0005,2024-09,4.1,1,0
CUST-0005,2024-10,,2,0
CUST-0005,2024-11,15.3,6,0
CUST-0005,2024-12,11.9,2,0
CUST-0005,2025-01,13.3,2,0
CUST-0005,2025-02,9.7,3,0
CUST-0005,2025-03,6.2,2,0
CUST-0005,2025-04,14.2,4,0
CUST-0005,2025-05,13.4,3,0
CUST-0006,2023-11,27.5,8,1
CUST-0006,2023-12,30.4,9,0
CUST-0006,2024-01,,5,0
CUST-0006,2024-02,22.7,6,0
CUST-0006,2024-03,33.8,11,0
CUST-0006,2024-04,26.7,7,0
CUST-0006,2024-05,30.7,8,0
CUST-0006,2024-06,25.4,7,0
CUST-0006,2024-07,30.6,7,0
CUST-0006,2024-08,29.6,13,0
CUST-0006,2024-09,31.8,8,0
CUST-0006,2024-10,27.6,13,0
CUST-0006,2024-11,23.6,6,0
CUST-0006,2024-12,26.1,9,0
CUST-0006,2025-01,31.4,7,2
CUST-0006,2025-02,27.7,10,0
CUST-0006,2025-03,32.8,8,0
CUST-0006,2025-04,30.7,7,0
CUST-0006,2025-05,34.1,7,0
CUST-0007,2024-01,18.4,8,0
CUST-0007,2024-02,16.6,3,0
CUST-0007,2024-03,19.5,9,0
CUST-0007,2024-04,16.5,4,1
CUST-0007,2024-05,20.3,6,1
CUST-0007,2024-06,19.7,8,0
CUST-0007,2024-07,13.9,2,0
CUST-0007,2024-08,18.0,7,0
CUST-0007,2024-09,19.8,4,0
CUST-0007,2024-10,16.3,7,0
CUST-0007,2024-11,12.8,2,1
CUST-0007,2024-12,9.4,2,0
CUST-0007,2025-01,16.7,6,0
CUST-0007,2025-02,22.1,5,0
CUST-0007,2025-03,15.0,4,0
CUST-0007,2025-04,18.4,7,0
CUST-0007,2025-05,12.3,3,1
CUST-0008,2022-07,31.7,9,2
CUST-0008,2022-08,23.7,8,1
CUST-0008,2022-09,29.5,11,0
CUST-0008,2022-10,22.2,6,2
CUST-0008,2022-11,21.5,4,1
CUST-0008,2022-12,19.1,5,0
CUST-0008,2023-01,21.9,9,2
CUST-0008,2023-02,18.3,7,0
CUST-0008,2023-03,18.5,4,2
CUST-0008,2023-04,15.3,3,0
CUST-0008,2023-05,11.6,3,0
CUST-0008,2023-06,19.1,8,1
CUST-0008,2023-07,6.1,1,0
CUST-0008,2023-08,18.3,7,3
CUST-0008,2023-09,6.6,2,0
CUST-0008,2023-10,11.6,5,2
CUST-0008,2023-11,2.1,1,2
CUST-0008,2023-12,10.0,3,1
CUST-0008,2024-01,15.2,3,1
CUST-0008,2024-02,,1,0
CUST-0008,2024-03,4.2,1,1
CUST-0008,2024-04,19.7,6,2
CUST-0008,2024-05,,2,0
CUST-0008,2024-06,16.4,4,2
CUST-0008,2024-07,0.0,1,1
CUST-0008,2024-08,6.8,1,2
CUST-0008,2024-09,7.8,2,0
CUST-0008,2024-10,0.0,1,0
CUST-0008,2024-11,0.0,1,0
CUST-0008,2024-12,9.5,3,0
CUST-0008,2025-01,7.1,2,0
CUST-0009,2022-02,10.5,4,1
CUST-0009,2022-03,14.5,3,1
CUST-0009,2022-04,7.5,2,0
CUST-0009,2022-05,10.2,3,0
CUST-0009,2022-06,1.6,1,1
CUST-0009,2022-07,2.9,1,2
CUST-0009,2022-08,7.5,3,1
CUST-0009,2022-09,0.2,1,2
CUST-0009,2022-10,0.0,1,1
CUST-0009,2022-11,8.2,2,1
CUST-0009,2022-12,1.1,1,2
CUST-0009,2023-01,8.3,1,2
CUST-0009,2023-02,0.0,1,1
CUST-0009,2023-03,0.0,1,2
CUST-0009,2023-04,0.0,1,0
CUST-0009,2023-05,0.0,1,2
CUST-0009,2023-06,0.0,1,1
CUST-0009,2023-07,0.0,1,4
CUST-0009,2023-08,0.0,1,1
CUST-0009,2023-09,0.0,1,2
CUST-0009,2023-10,0.0,1,2
CUST-0009,2023-11,0.0,1,2
CUST-0009,2023-12,0.0,1,0
CUST-0009,2024-01,0.0,1,0
CUST-0009,2024-02,0.0,1,0
CUST-0009,2024-03,0.0,1,3
CUST-0009,2024-04,0.0,1,1
CUST-0009,2024-05,0.0,1,0
CUST-0009,2024-06,0.0,1,0
CUST-0009,2024-07,0.0,1,3
CUST-0009,2024-08,0.0,1,2
CUST-0010,2022-09,28.9,13,0
CUST-0010,2022-10,27.4,8,0
CUST-0010,2022-11,26.8,8,0
CUST-0010,2022-12,26.1,10,0
CUST-0010,2023-01,31.2,6,0
CUST-0010,2023-02,22.2,6,1
CUST-0010,2023-03,19.2,6,2
CUST-0010,2023-04,26.1,6,1
CUST-0010,2023-05,26.5,6,0
CUST-0010,2023-06,25.7,11,1
CUST-0010,2023-07,23.1,5,0
CUST-0010,2023-08,28.4,13,0
CUST-0010,2023-09,20.8,8,0
CUST-0010,2023-10,22.4,9,1
CUST-0010,2023-11,20.5,7,0
CUST-0010,2023-12,28.0,9,1
CUST-0010,2024-01,25.6,8,0
CUST-0010,2024-02,,15,0
CUST-0010,2024-03,21.9,5,1
CUST-0010,2024-04,25.2,6,1
CUST-0010,2024-05,27.5,11,0
CUST-0010,2024-06,24.4,8,0
CUST-0010,2024-07,29.6,7,0
CUST-0010,2024-08,29.7,11,0
CUST-0010,2024-09,29.5,6,0
CUST-0010,2024-10,23.2,5,1
CUST-0010,2024-11,22.4,7,0
CUST-0010,2024-12,22.2,4,0
CUST-0010,2025-01,28.5,6,1
CUST-0010,2025-02,24.1,10,1
CUST-0010,2025-03,22.8,9,0
CUST-0011,2022-09,24.1,8,0
CUST-0011,2022-10,23.2,4,1
CUST-0011,2022-11,26.9,7,1
CUST-0011,2022-12,21.7,5,0
CUST-0011,2023-01,27.7,5,1
CUST-0011,2023-02,24.7,8,0
CUST-0011,2023-03,,4,0
CUST-0011,2023-04,,7,0
CUST-0011,2023-05,24.2,7,0
CUST-0011,2023-06,26.0,9,0
CUST-0011,2023-07,29.7,6,1
CUST-0011,2023-08,21.9,9,0
CUST-0011,2023-09,32.0,10,1
CUST-0011,2023-10,27.8,13,0
CUST-0011,2023-11,27.0,12,2
CUST-0011,2023-12,26.4,5,0
CUST-0011,2024-01,25.4,6,3
CUST-0011,2024-02,25.3,10,1
CUST-0011,2024-03,25.2,8,0
CUST-0011,2024-04,26.5,7,2
CUST-0011,2024-05,25.5,6,0
CUST-0011,2024-06,30.3,15,1
CUST-0011,2024-07,27.6,9,0
CUST-0011,2024-08,24.6,4,1
CUST-0011,2024-09,29.8,6,1
CUST-0011,2024-10,24.7,6,0
CUST-0011,2024-11,30.4,8,0
CUST-0011,2024-12,25.7,6,2
CUST-0011,2025-01,25.3,6,0
CUST-0011,2025-02,27.0,9,0
CUST-0011,2025-03,22.8,5,0
CUST-0012,2024-02,28.1,7,1
CUST-0012,2024-03,20.0,4,5
CUST-0012,2024-04,27.5,7,3
CUST-0012,2024-05,,5,1
CUST-0012,2024-06,20.6,9,3
CUST-0012,2024-07,18.7,6,0
CUST-0012,2024-08,21.8,7,0
CUST-0012,2024-09,24.9,6,2
CUST-0012,2024-10,13.8,2,0
CUST-0012,2024-11,11.4,3,3
CUST-0012,2024-12,12.8,3,2
CUST-0012,2025-01,11.2,5,0
CUST-0012,2025-02,10.8,3,4
CUST-0012,2025-03,0.0,1,0
CUST-0012,2025-04,15.0,6,1
CUST-0012,2025-05,8.8,3,1
CUST-0013,2024-04,25.7,11,0
CUST-0013,2024-05,19.6,7,1
CUST-0013,2024-06,21.2,7,0
CUST-0013,2024-07,20.7,6,1
CUST-0013,2024-08,23.7,5,1
CUST-0013,2024-09,28.2,13,0
CUST-0013,2024-10,26.1,6,0
CUST-0013,2024-11,24.4,10,0
CUST-0013,2024-12,29.7,13,2
CUST-0013,2025-01,21.6,7,0
CUST-0013,2025-02,24.9,8,0
CUST-0013,2025-03,21.7,8,0
CUST-0013,2025-04,24.5,8,1
CUST-0013,2025-05,24.8,9,0
CUST-0014,2022-01,26.6,6,0
CUST-0014,2022-02,28.0,5,0
CUST-0014,2022-03,24.8,5,1
CUST-0014,2022-04,28.8,13,0
CUST-0014,2022-05,33.4,13,0
CUST-0014,2022-06,28.7,7,0
CUST-0014,2022-07,30.2,13,0
CUST-0014,2022-08,29.0,7,0
CUST-0014,2022-09,24.0,7,1
CUST-0014,2022-10,34.7,7,0
CUST-0014,2022-11,26.9,12,0
CUST-0014,2022-12,24.4,5,1
CUST-0014,2023-01,30.8,13,2
CUST-0014,2023-02,32.4,6,0
CUST-0014,2023-03,29.6,7,1
CUST-0014,2023-04,29.4,7,1
CUST-0014,2023-05,22.5,5,1
CUST-0014,2023-06,33.8,7,0
CUST-0014,2023-07,27.9,9,0
CUST-0014,2023-08,26.0,9,0
CUST-0014,2023-09,28.3,11,0
CUST-0014,2023-10,23.2,5,1
CUST-0014,2023-11,31.7,8,1
CUST-0014,2023-12,35.1,11,2
CUST-0014,2024-01,29.2,5,1
CUST-0014,2024-02,34.2,7,0
CUST-0014,2024-03,31.7,9,0
CUST-0014,2024-04,29.6,14,0
CUST-0014,2024-05,26.8,5,1
CUST-0014,2024-06,,5,0
CUST-0014,2024-07,29.8,10,0
CUST-0015,2023-03,8.2,1,0
CUST-0015,2023-04,10.8,3,0
CUST-0015,2023-05,12.0,5,0
CUST-0015,2023-06,14.7,2,0
CUST-0015,2023-07,11.9,4,0
CUST-0015,2023-08,17.7,6,0
CUST-0015,2023-09,13.0,3,1
CUST-0015,2023-10,16.4,6,0
CUST-0015,2023-11,12.7,2,1
CUST-0015,2023-12,19.5,4,1
CUST-0015,2024-01,12.6,4,0
CUST-0015,2024-02,14.4,5,2
CUST-0015,2024-03,10.1,3,0
CUST-0015,2024-04,10.7,2,1
CUST-0015,2024-05,10.5,3,0
CUST-0015,2024-06,12.4,2,1
CUST-0015,2024-07,14.6,2,2
CUST-0015,2024-08,18.1,7,0
CUST-0015,2024-09,,2,0
CUST-0015,2024-10,16.4,3,0
CUST-0015,2024-11,11.0,2,1
CUST-0015,2024-12,12.9,4,0
CUST-0015,2025-01,,2,0
CUST-0015,2025-02,15.0,4,1
CUST-0015,2025-03,17.3,3,1
CUST-0015,2025-04,8.8,2,1
CUST-0015,2025-05,13.2,3,0
CUST-0016,2024-01,12.4,5,0
CUST-0016,2024-02,8.4,2,0
CUST-0016,2024-03,17.0,6,0
CUST-0016,2024-04,6.6,1,1
CUST-0016,2024-05,12.4,3,0
CUST-0016,2024-06,8.5,1,0
CUST-0016,2024-07,10.9,4,1
CUST-0016,2024-08,11.9,2,0
CUST-0016,2024-09,10.7,3,0
CUST-0016,2024-10,7.2,2,0
CUST-0016,2024-11,12.6,5,0
CUST-0016,2024-12,10.3,3,1
CUST-0016,2025-01,8.6,2,0
CUST-0016,2025-02,9.4,3,0
CUST-0016,2025-03,6.0,1,0
CUST-0016,2025-04,7.8,1,0
CUST-0016,2025-05,12.2,3,0
CUST-0017,2022-04,20.4,6,0
CUST-0017,2022-05,14.7,3,0
CUST-0017,2022-06,11.7,3,1
CUST-0017,2022-07,,4,1
CUST-0017,2022-08,0.0,1,2
CUST-0017,2022-09,6.5,2,1
CUST-0017,2022-10,,1,1
CUST-0017,2022-11,,3,0
CUST-0017,2022-12,1.8,1,2
CUST-0017,2023-01,1.5,1,3
CUST-0017,2023-02,0.0,1,1
CUST-0017,2023-03,5.5,1,3
CUST-0017,2023-04,1.7,1,1
CUST-0017,2023-05,0.0,1,1
CUST-0017,2023-06,0.0,1,2
CUST-0017,2023-07,0.0,1,2
CUST-0017,2023-08,5.6,1,1
CUST-0017,2023-09,0.0,1,3
CUST-0017,2023-10,0.0,1,3
CUST-0017,2023-11,1.5,1,0
CUST-0017,2023-12,0.0,1,0
CUST-0017,2024-01,,1,2
CUST-0017,2024-02,0.0,1,1
CUST-0017,2024-03,0.0,1,0
CUST-0017,2024-04,0.0,1,1
CUST-0017,2024-05,3.0,1,0
CUST-0017,2024-06,0.0,1,3
CUST-0017,2024-07,0.0,1,1
CUST-0017,2024-08,0.0,1,0
CUST-0017,2024-09,0.0,1,1
CUST-0017,2024-10,0.0,1,1
CUST-0018,2023-12,24.4,5,1
CUST-0018,2024-01,18.9,7,0
CUST-0018,2024-02,20.1,4,0
CUST-0018,2024-03,16.7,3,0
CUST-0018,2024-04,21.5,5,1
CUST-0018,2024-05,23.5,7,1
CUST-0018,2024-06,25.9,12,0
CUST-0018,2024-07,23.8,5,0
CUST-0018,2024-08,24.4,7,1
CUST-0018,2024-09,29.5,6,0
CUST-0018,2024-10,30.3,7,0
CUST-0018,2024-11,25.6,8,1
CUST-0018,2024-12,26.7,12,1
CUST-0018,2025-01,27.4,7,0
CUST-0018,2025-02,29.1,11,0
CUST-0018,2025-03,22.5,6,0
CUST-0018,2025-04,24.5,6,1
CUST-0018,2025-05,19.1,4,1
CUST-0019,2022-04,23.9,6,1
CUST-0019,2022-05,23.2,4,0
CUST-0019,2022-06,13.9,5,0
CUST-0019,2022-07,18.8,5,0
CUST-0019,2022-08,15.4,4,0
CUST-0019,2022-09,22.3,7,0
CUST-0019,2022-10,16.0,7,0
CUST-0019,2022-11,14.6,5,1
CUST-0019,2022-12,17.3,8,0
CUST-0019,2023-01,20.3,6,0
CUST-0019,2023-02,20.1,5,0
CUST-0019,2023-03,15.3,3,1
CUST-0019,2023-04,20.9,4,0
CUST-0019,2023-05,20.6,8,0
CUST-0019,2023-06,16.7,3,0
CUST-0019,2023-07,17.3,4,0
CUST-0019,2023-08,13.2,2,1
CUST-0019,2023-09,25.4,10,0
CUST-0019,2023-10,17.9,4,0
CUST-0019,2023-11,18.2,5,0
CUST-0019,2023-12,23.0,4,0
CUST-0019,2024-01,21.2,4,2
CUST-0019,2024-02,23.8,7,0
CUST-0019,2024-03,17.7,7,0
CUST-0019,2024-04,20.3,7,0
CUST-0019,2024-05,22.9,4,0
CUST-0019,2024-06,22.0,5,1
CUST-0019,2024-07,18.5,4,0
CUST-0019,2024-08,21.4,6,0
CUST-0019,2024-09,21.2,4,1
CUST-0019,2024-10,,6,1
CUST-0020,2023-02,23.8,5,1
CUST-0020,2023-03,21.6,5,0
CUST-0020,2023-04,15.7,3,1
CUST-0020,2023-05,21.8,8,1
CUST-0020,2023-06,17.0,5,1
CUST-0020,2023-07,17.8,7,3
CUST-0020,2023-08,5.2,1,0
CUST-0020,2023-09,14.9,3,3
CUST-0020,2023-10,,2,3
CUST-0020,2023-11,13.0,3,0
CUST-0020,2023-12,15.3,3,2
CUST-0020,2024-01,10.2,3,1
CUST-0020,2024-02,11.4,2,1
CUST-0020,2024-03,19.4,4,1
CUST-0020,2024-04,12.3,5,1
CUST-0020,2024-05,0.0,1,3
CUST-0020,2024-06,13.7,3,1
CUST-0020,2024-07,0.0,1,4
CUST-0020,2024-08,0.0,1,0
CUST-0020,2024-09,0.0,1,0
CUST-0020,2024-10,2.6,1,1
CUST-0020,2024-11,1.5,1,2
CUST-0020,2024-12,4.1,1,2
CUST-0020,2025-01,0.0,1,0
CUST-0020,2025-02,0.0,1,0
CUST-0020,2025-03,0.0,1,2
CUST-0020,2025-04,0.0,1,2
CUST-0020,2025-05,0.0,1,0
CUST-0021,2024-01,26.2,5,2
CUST-0021,2024-02,20.2,4,1
CUST-0021,2024-03,17.8,7,0
CUST-0021,2024-04,20.0,6,1
CUST-0021,2024-05,22.4,8,1
CUST-0021,2024-06,19.4,9,1
CUST-0021,2024-07,18.5,4,1
CUST-0021,2024-08,14.0,3,1
CUST-0021,2024-09,8.9,2,1
CUST-0021,2024-10,18.2,5,3
CUST-0021,2024-11,15.6,7,0
CUST-0021,2024-12,6.1,2,1
CUST-0021,2025-01,0.0,1,0
CUST-0021,2025-02,15.0,6,0
CUST-0021,2025-03,1.2,1,1
CUST-0021,2025-04,2.3,1,0
CUST-0021,2025-05,11.4,2,1
CUST-0022,2022-09,13.8,5,0
CUST-0022,2022-10,15.3,4,0
CUST-0022,2022-11,12.3,4,0
CUST-0022,2022-12,19.0,4,0
CUST-0022,2023-01,10.2,2,0
CUST-0022,2023-02,13.1,2,0
CUST-0022,2023-03,16.7,3,1
CUST-0022,2023-04,12.5,3,0
CUST-0022,2023-05,16.8,7,1
CUST-0022,2023-06,17.6,8,0
CUST-0022,2023-07,10.8,4,0
CUST-0022,2023-08,19.4,7,1
CUST-0022,2023-09,16.6,7,0
CUST-0022,2023-10,,4,0
CUST-0022,2023-11,15.7,4,0
CUST-0022,2023-12,18.4,6,0
CUST-0022,2024-01,9.4,2,1
CUST-0022,2024-02,15.9,4,0
CUST-0022,2024-03,8.6,1,0
CUST-0022,2024-04,11.0,3,1
CUST-0022,2024-05,13.7,4,1
CUST-0022,2024-06,17.5,4,0
CUST-0022,2024-07,17.9,3,1
CUST-0022,2024-08,12.5,4,0
CUST-0022,2024-09,23.0,5,0
CUST-0022,2024-10,11.7,5,0
CUST-0022,2024-11,14.1,3,1
CUST-0022,2024-12,13.6,5,0
CUST-0022,2025-01,18.2,4,0
CUST-0022,2025-02,18.6,5,0
CUST-0022,2025-03,15.5,5,1
CUST-0023,2022-11,10.6,4,0
CUST-0023,2022-12,12.8,4,0
CUST-0023,2023-01,5.2,1,0
CUST-0023,2023-02,7.4,2,1
CUST-0023,2023-03,9.3,2,2
CUST-0023,2023-04,14.3,5,1
CUST-0023,2023-05,12.0,2,0
CUST-0023,2023-06,9.8,3,0
CUST-0023,2023-07,14.6,6,0
CUST-0023,2023-08,14.1,3,0
CUST-0023,2023-09,15.9,6,0
CUST-0023,2023-10,13.0,2,1
CUST-0023,2023-11,9.8,3,0
CUST-0023,2023-12,12.9,3,0
CUST-0023,2024-01,14.2,5,1
CUST-0023,2024-02,11.9,2,1
CUST-0023,2024-03,10.1,3,1
CUST-0023,2024-04,12.7,4,0
CUST-0023,2024-05,17.0,4,0
CUST-0023,2024-06,13.3,3,1
CUST-0023,2024-07,11.1,2,0
CUST-0023,2024-08,12.3,2,1
CUST-0023,2024-09,17.6,3,2
CUST-0023,2024-10,13.7,3,0
CUST-0023,2024-11,9.4,3,0
CUST-0023,2024-12,11.2,2,0
CUST-0023,2025-01,,2,2
CUST-0023,2025-02,10.8,3,0
CUST-0023,2025-03,10.7,2,1
CUST-0023,2025-04,12.4,2,0
CUST-0023,2025-05,6.4,1,0
CUST-0024,2022-09,7.9,1,0
CUST-0024,2022-10,14.4,3,1
CUST-0024,2022-11,12.0,5,1
CUST-0024,2022-12,15.4,4,0
CUST-0024,2023-01,11.3,2,1
CUST-0024,2023-02,12.1,3,0
CUST-0024,2023-03,11.1,2,2
CUST-0024,2023-04,16.3,5,0
CUST-0024,2023-05,14.7,3,0
CUST-0024,2023-06,12.9,4,0
CUST-0024,2023-07,13.2,3,0
CUST-0024,2023-08,14.3,3,0
CUST-0024,2023-09,10.6,4,0
CUST-0024,2023-10,16.6,4,0
CUST-0024,2023-11,15.7,4,0
CUST-0024,2023-12,8.7,2,0
CUST-0024,2024-01,14.7,5,1
CUST-0024,2024-02,6.7,1,1
CUST-0024,2024-03,16.1,6,1
CUST-0024,2024-04,13.4,3,0
CUST-0024,2024-05,12.3,2,0
CUST-0024,2024-06,14.0,2,0
CUST-0024,2024-07,16.2,3,0
CUST-0024,2024-08,9.0,2,2
CUST-0024,2024-09,13.3,5,1
CUST-0024,2024-10,18.9,4,0
CUST-0024,2024-11,20.4,4,1
CUST-0024,2024-12,25.1,6,1
CUST-0024,2025-01,19.4,9,0
CUST-0024,2025-02,10.0,4,0
CUST-0024,2025-03,13.3,5,1
CUST-0025,2023-10,23.4,9,0
CUST-0025,2023-11,24.9,8,0
CUST-0025,2023-12,27.4,8,0
CUST-0025,2024-01,30.5,7,0
CUST-0025,2024-02,26.7,8,0
CUST-0025,2024-03,30.0,10,0
CUST-0025,2024-04,27.9,13,0
CUST-0025,2024-05,28.4,6,0
CUST-0025,2024-06,29.7,8,2
CUST-0025,2024-07,27.0,7,0
CUST-0025,2024-08,31.4,14,0
CUST-0025,2024-09,29.2,9,0
CUST-0025,2024-10,30.7,11,0
CUST-0025,2024-11,,7,1
CUST-0025,2024-12,23.6,9,0
CUST-0025,2025-01,27.7,10,0
CUST-0025,2025-02,25.1,5,0
CUST-0025,2025-03,27.3,11,0
CUST-0025,2025-04,25.7,5,1
CUST-0025,2025-05,26.8,5,1
CUST-0026,2022-08,10.9,3,1
CUST-0026,2022-09,13.2,2,0
CUST-0026,2022-10,17.6,6,0
CUST-0026,2022-11,14.0,3,0
CUST-0026,2022-12,15.9,4,0
CUST-0026,2023-01,16.2,4,0
CUST-0026,2023-02,13.5,3,0
CUST-0026,2023-03,14.4,4,1
CUST-0026,2023-04,18.0,4,1
CUST-0026,2023-05,12.2,2,0
CUST-0026,2023-06,16.9,8,1
CUST-0026,2023-07,14.4,4,0
CUST-0026,2023-08,15.7,3,1
CUST-0026,2023-09,14.7,3,1
CUST-0026,2023-10,13.4,5,0
CUST-0026,2023-11,14.7,6,0
CUST-0026,2023-12,9.3,3,0
CUST-0026,2024-01,,5,0
CUST-0026,2024-02,14.8,4,0
CUST-0026,2024-03,13.6,3,1
CUST-0026,2024-04,13.6,4,0
CUST-0026,2024-05,13.5,3,0
CUST-0026,2024-06,11.7,2,0
CUST-0026,2024-07,18.7,7,0
CUST-0026,2024-08,12.4,2,1
CUST-0026,2024-09,15.0,3,0
CUST-0026,2024-10,12.4,4,0
CUST-0026,2024-11,11.0,3,0
CUST-0026,2024-12,11.5,2,0
CUST-0026,2025-01,19.5,5,0
CUST-0026,2025-02,11.9,2,1
CUST-0027,2024-06,27.9,11,0
CUST-0027,2024-07,26.8,9,3
CUST-0027,2024-08,24.2,5,1
CUST-0027,2024-09,22.9,4,1
CUST-0027,2024-10,20.6,8,1
CUST-0027,2024-11,21.1,5,1
CUST-0027,2024-12,22.2,4,0
CUST-0027,2025-01,15.9,7,0
CUST-0027,2025-02,15.1,3,0
CUST-0027,2025-03,21.0,7,1
CUST-0027,2025-04,14.5,6,1
CUST-0027,2025-05,26.5,9,1
CUST-0028,2023-02,17.5,3,0
CUST-0028,2023-03,18.5,5,0
CUST-0028,2023-04,17.8,4,0
CUST-0028,2023-05,17.6,5,3
CUST-0028,2023-06,15.7,5,0
CUST-0028,2023-07,16.3,3,0
CUST-0028,2023-08,19.0,5,0
CUST-0028,2023-09,18.6,5,2
CUST-0028,2023-10,22.2,5,0
CUST-0028,2023-11,19.4,4,0
CUST-0028,2023-12,18.9,6,1
CUST-0028,2024-01,17.5,7,1
CUST-0028,2024-02,21.9,6,0
CUST-0028,2024-03,16.4,7,3
CUST-0028,2024-04,21.4,5,1
CUST-0028,2024-05,21.0,7,1
CUST-0028,2024-06,22.8,5,0
CUST-0028,2024-07,21.2,4,0
CUST-0028,2024-08,19.4,7,0
CUST-0028,2024-09,17.3,6,0
CUST-0028,2024-10,25.9,12,0
CUST-0028,2024-11,18.9,6,2
CUST-0028,2024-12,16.7,3,0
CUST-0028,2025-01,16.2,4,1
CUST-0028,2025-02,23.8,9,2
CUST-0028,2025-03,21.0,5,1
CUST-0028,2025-04,23.7,6,0
CUST-0028,2025-05,15.1,3,0
CUST-0029,2023-03,12.9,3,0
CUST-0029,2023-04,8.8,2,0
CUST-0029,2023-05,10.4,4,0
CUST-0029,2023-06,15.6,7,0
CUST-0029,2023-07,14.1,2,0
CUST-0029,2023-08,17.2,7,0
CUST-0029,2023-09,,2,0
CUST-0029,2023-10,10.7,4,0
CUST-0029,2023-11,10.1,3,0
CUST-0029,2023-12,13.8,3,1
CUST-0029,2024-01,14.4,5,0
CUST-0029,2024-02,12.8,5,0
CUST-0029,2024-03,11.8,3,0
CUST-0029,2024-04,15.7,7,0
CUST-0029,2024-05,14.2,3,1
CUST-0029,2024-06,15.3,4,1
CUST-0029,2024-07,12.0,2,0
CUST-0029,2024-08,13.1,3,1
CUST-0029,2024-09,10.4,4,0
CUST-0029,2024-10,13.5,5,0
CUST-0029,2024-11,12.6,6,0
CUST-0029,2024-12,11.2,2,0
CUST-0029,2025-01,14.5,3,0
CUST-0029,2025-02,13.5,3,0
CUST-0029,2025-03,10.9,4,0
CUST-0029,2025-04,13.2,3,0
CUST-0029,2025-05,9.1,2,0
CUST-0030,2023-03,7.4,1,2
CUST-0030,2023-04,15.8,7,0
CUST-0030,2023-05,11.1,2,1
CUST-0030,2023-06,10.4,3,0
CUST-0030,2023-07,9.8,2,0
CUST-0030,2023-08,9.8,3,1
CUST-0030,2023-09,9.6,2,1
CUST-0030,2023-10,14.6,3,1
CUST-0030,2023-11,11.7,3,1
CUST-0030,2023-12,,3,0
CUST-0030,2024-01,11.7,3,0
CUST-0030,2024-02,13.9,3,1
CUST-0030,2024-03,,2,1
CUST-0030,2024-04,3.4,1,0
CUST-0030,2024-05,16.9,5,0
CUST-0030,2024-06,11.5,2,1
CUST-0030,2024-07,8.9,3,0
CUST-0030,2024-08,8.3,1,0
CUST-0030,2024-09,11.0,3,0
CUST-0030,2024-10,10.6,2,0
CUST-0030,2024-11,11.3,2,0
CUST-0030,2024-12,13.0,5,0
CUST-0030,2025-01,13.1,4,0
CUST-0030,2025-02,10.8,2,0
CUST-0030,2025-03,12.1,3,0
CUST-0030,2025-04,10.6,4,0
CUST-0030,2025-05,13.7,3,0
CUST-0031,2023-06,26.2,6,1
CUST-0031,2023-07,23.4,4,0
CUST-0031,2023-08,23.7,8,0
CUST-0031,2023-09,28.2,7,0
CUST-0031,2023-10,25.5,7,0
CUST-0031,2023-11,26.5,5,2
CUST-0031,2023-12,23.3,6,0
CUST-0031,2024-01,20.8,4,0
CUST-0031,2024-02,24.2,7,0
CUST-0031,2024-03,19.7,4,0
CUST-0031,2024-04,22.1,9,0
CUST-0031,2024-05,,8,1
CUST-0031,2024-06,24.9,9,0
CUST-0031,2024-07,26.7,5,0
CUST-0031,2024-08,28.8,11,0
CUST-0031,2024-09,29.8,13,1
CUST-0031,2024-10,26.3,8,0
CUST-0031,2024-11,24.4,8,1
CUST-0031,2024-12,23.5,6,0
CUST-0031,2025-01,25.7,10,1
CUST-0031,2025-02,,7,0
CUST-0031,2025-03,30.6,7,0
CUST-0031,2025-04,30.1,13,1
CUST-0031,2025-05,22.9,4,0
CUST-0032,2023-05,13.0,5,1
CUST-0032,2023-06,9.4,1,1
CUST-0032,2023-07,14.3,4,2
CUST-0032,2023-08,11.7,2,2
CUST-0032,2023-09,0.4,1,2
CUST-0032,2023-10,10.6,4,2
CUST-0032,2023-11,,1,0
CUST-0032,2023-12,3.7,1,1
CUST-0032,2024-01,8.6,2,4
CUST-0032,2024-02,1.5,1,0
CUST-0032,2024-03,0.0,1,0
CUST-0032,2024-04,0.0,1,2
CUST-0032,2024-05,0.0,1,0
CUST-0032,2024-06,0.0,1,5
CUST-0032,2024-07,3.5,1,0
CUST-0032,2024-08,0.0,1,1
CUST-0032,2024-09,0.0,1,0
CUST-0032,2024-10,0.0,1,1
CUST-0032,2024-11,0.0,1,0
CUST-0032,2024-12,0.0,1,4
CUST-0032,2025-01,0.0,1,1
CUST-0032,2025-02,0.0,1,2
CUST-0032,2025-03,0.0,1,2
CUST-0032,2025-04,0.0,1,2
CUST-0032,2025-05,0.2,1,0
CUST-0033,2023-04,5.1,1,1
CUST-0033,2023-05,10.4,3,0
CUST-0033,2023-06,17.4,4,1
CUST-0033,2023-07,8.4,3,0
CUST-0033,2023-08,0.3,1,0
CUST-0033,2023-09,5.3,1,0
CUST-0033,2023-10,7.6,1,0
CUST-0033,2023-11,1.3,1,0
CUST-0033,2023-12,6.0,1,0
CUST-0033,2024-01,6.3,2,0
CUST-0033,2024-02,14.9,7,0
CUST-0033,2024-03,4.7,1,2
CUST-0033,2024-04,7.6,2,0
CUST-0033,2024-05,10.2,3,0
CUST-0033,2024-06,11.9,4,1
CUST-0033,2024-07,8.6,2,0
CUST-0033,2024-08,9.5,4,0
CUST-0033,2024-09,6.8,1,1
CUST-0033,2024-10,11.1,4,1
CUST-0033,2024-11,12.9,3,0
CUST-0033,2024-12,2.8,1,0
CUST-0033,2025-01,7.3,1,0
CUST-0033,2025-02,5.6,1,0
CUST-0033,2025-03,,1,0
CUST-0033,2025-04,4.6,1,0
CUST-0033,2025-05,4.7,1,0
CUST-0034,2024-06,10.3,3,1
CUST-0034,2024-07,11.2,2,1
CUST-0034,2024-08,10.5,2,0
CUST-0034,2024-09,11.2,2,0
CUST-0034,2024-10,9.3,3,1
CUST-0034,2024-11,17.2,4,2
CUST-0034,2024-12,13.0,2,1
CUST-0034,2025-01,13.7,3,1
CUST-0034,2025-02,8.8,3,0
CUST-0034,2025-03,8.7,3,0
CUST-0034,2025-04,14.3,4,0
CUST-0034,2025-05,14.4,3,0
CUST-0035,2023-12,19.8,5,0
CUST-0035,2024-01,14.1,2,0
CUST-0035,2024-02,17.2,7,0
CUST-0035,2024-03,9.4,2,0
CUST-0035,2024-04,15.1,6,1
CUST-0035,2024-05,12.7,5,0
CUST-0035,2024-06,10.4,2,1
CUST-0035,2024-07,21.9,4,1
CUST-0035,2024-08,14.5,3,1
CUST-0035,2024-09,18.8,7,0
CUST-0035,2024-10,12.7,3,1
CUST-0035,2024-11,14.8,3,0
CUST-0035,2024-12,18.0,4,0
CUST-0035,2025-01,13.4,2,0
CUST-0035,2025-02,16.0,4,1
CUST-0035,2025-03,16.7,4,0
CUST-0035,2025-04,8.0,3,0
CUST-0035,2025-05,21.8,4,0
CUST-0036,2023-12,25.5,5,1
CUST-0036,2024-01,,5,1
CUST-0036,2024-02,21.9,4,1
CUST-0036,2024-03,,4,1
CUST-0036,2024-04,25.0,5,0
CUST-0036,2024-05,28.6,12,0
CUST-0036,2024-06,22.5,4,1
CUST-0036,2024-07,23.1,5,1
CUST-0036,2024-08,21.0,4,1
CUST-0036,2024-09,20.2,8,1
CUST-0036,2024-10,20.4,6,2
CUST-0036,2024-11,19.0,6,4
CUST-0036,2024-12,16.8,4,1
CUST-0036,2025-01,,1,2
CUST-0036,2025-02,16.8,4,2
CUST-0036,2025-03,0.0,1,3
CUST-0036,2025-04,15.6,3,0
CUST-0036,2025-05,10.9,3,1
CUST-0037,2023-09,4.9,1,0
CUST-0037,2023-10,8.8,2,0
CUST-0037,2023-11,11.5,5,0
CUST-0037,2023-12,8.1,2,3
CUST-0037,2024-01,7.9,2,0
CUST-0037,2024-02,11.6,2,1
CUST-0037,2024-03,12.3,2,0
CUST-0037,2024-04,11.9,2,2
CUST-0037,2024-05,9.6,3,0
CUST-0037,2024-06,7.3,1,0
CUST-0037,2024-07,14.1,5,0
CUST-0037,2024-08,,2,1
CUST-0037,2024-09,11.0,2,1
CUST-0037,2024-10,9.9,4,0
CUST-0037,2024-11,6.5,1,0
CUST-0037,2024-12,12.6,2,0
CUST-0037,2025-01,13.9,4,1
CUST-0037,2025-02,5.9,2,1
CUST-0037,2025-03,11.0,4,0
CUST-0037,2025-04,3.7,1,1
CUST-0037,2025-05,3.8,1,1
CUST-0038,2023-07,13.9,4,0
CUST-0038,2023-08,15.5,3,1
CUST-0038,2023-09,12.9,4,0
CUST-0038,2023-10,13.3,2,1
CUST-0038,2023-11,10.2,2,1
CUST-0038,2023-12,10.5,2,1
CUST-0038,2024-01,8.1,1,1
CUST-0038,2024-02,0.0,1,2
CUST-0038,2024-03,14.8,6,1
CUST-0038,2024-04,1.7,1,2
CUST-0038,2024-05,0.0,1,0
CUST-0038,2024-06,0.0,1,2
CUST-0038,2024-07,0.0,1,1
CUST-0038,2024-08,6.2,2,1
CUST-0038,2024-09,0.0,1,1
CUST-0038,2024-10,3.1,1,0
CUST-0038,2024-11,0.0,1,2
CUST-0038,2024-12,4.5,1,1
CUST-0038,2025-01,3.4,1,2
CUST-0038,2025-02,0.0,1,3
CUST-0038,2025-03,0.0,1,3
CUST-0038,2025-04,0.0,1,1
CUST-0038,2025-05,0.0,1,2
CUST-0039,2022-11,10.3,3,0
CUST-0039,2022-12,11.7,4,1
CUST-0039,2023-01,12.0,4,1
CUST-0039,2023-02,3.7,1,3
CUST-0039,2023-03,3.0,1,0
CUST-0039,2023-04,9.0,2,0
CUST-0039,2023-05,6.0,2,0
CUST-0039,2023-06,,2,1
CUST-0039,2023-07,,1,0
CUST-0039,2023-08,0.3,1,2
CUST-0039,2023-09,0.0,1,1
CUST-0039,2023-10,0.0,1,2
CUST-0039,2023-11,0.0,1,2
CUST-0039,2023-12,1.1,1,4
CUST-0039,2024-01,3.8,1,1
CUST-0039,2024-02,0.0,1,1
CUST-0039,2024-03,0.0,1,1
CUST-0039,2024-04,0.0,1,2
CUST-0039,2024-05,0.0,1,0
CUST-0039,2024-06,0.0,1,2
CUST-0039,2024-07,0.0,1,1
CUST-0039,2024-08,0.0,1,0
CUST-0039,2024-09,0.0,1,3
CUST-0039,2024-10,0.0,1,2
CUST-0039,2024-11,0.0,1,0
CUST-0039,2024-12,0.0,1,1
CUST-0039,2025-01,0.0,1,1
CUST-0039,2025-02,0.0,1,1
CUST-0039,2025-03,0.0,1,1
CUST-0039,2025-04,0.0,1,4
CUST-0039,2025-05,0.0,1,4
CUST-0040,2024-06,15.3,5,0
CUST-0040,2024-07,9.7,2,1
CUST-0040,2024-08,8.2,2,0
CUST-0040,2024-09,11.0,3,2
CUST-0040,2024-10,4.1,1,2
CUST-0040,2024-11,7.1,1,0
CUST-0040,2024-12,2.2,1,1
CUST-0040,2025-01,6.0,1,1
CUST-0040,2025-02,0.8,1,1
CUST-0040,2025-03,0.2,1,0
CUST-0040,2025-04,0.0,1,4
CUST-0040,2025-05,0.0,1,0
CUST-0041,2023-02,7.6,1,1
CUST-0041,2023-03,9.4,2,0
CUST-0041,2023-04,15.9,3,1
CUST-0041,2023-05,13.8,3,0
CUST-0041,2023-06,9.4,2,0
CUST-0041,2023-07,13.2,2,0
CUST-0041,2023-08,15.3,6,0
CUST-0041,2023-09,10.8,2,0
CUST-0041,2023-10,9.6,2,0
CUST-0041,2023-11,15.4,6,1
CUST-0041,2023-12,13.0,2,1
CUST-0041,2024-01,13.1,3,1
CUST-0041,2024-02,7.3,1,0
CUST-0041,2024-03,8.2,3,0
CUST-0041,2024-04,13.8,3,0
CUST-0041,2024-05,9.6,4,0
CUST-0041,2024-06,10.8,2,1
CUST-0041,2024-07,7.7,2,0
CUST-0041,2024-08,6.0,1,0
CUST-0041,2024-09,8.4,1,1
CUST-0041,2024-10,11.3,2,2
CUST-0041,2024-11,12.9,2,0
CUST-0041,2024-12,12.0,2,1
CUST-0041,2025-01,10.6,2,1
CUST-0041,2025-02,12.7,3,1
CUST-0041,2025-03,10.4,3,0
CUST-0041,2025-04,14.4,3,2
CUST-0041,2025-05,8.4,3,0
CUST-0042,2022-07,11.9,3,1
CUST-0042,2022-08,15.5,4,1
CUST-0042,2022-09,12.5,5,0
CUST-0042,2022-10,7.5,1,0
CUST-0042,2022-11,9.8,2,2
CUST-0042,2022-12,13.0,4,0
CUST-0042,2023-01,10.0,4,3
CUST-0042,2023-02,14.7,3,0
CUST-0042,2023-03,13.0,5,0
CUST-0042,2023-04,8.8,2,1
CUST-0042,2023-05,11.7,3,2
CUST-0042,2023-06,10.5,2,0
CUST-0042,2023-07,11.3,3,0
CUST-0042,2023-08,16.6,4,0
CUST-0042,2023-09,9.4,2,1
CUST-0042,2023-10,11.7,5,0
CUST-0042,2023-11,10.1,2,0
CUST-0042,2023-12,14.2,5,1
CUST-0042,2024-01,7.1,1,0
CUST-0042,2024-02,9.3,3,3
CUST-0042,2024-03,8.7,3,0
CUST-0042,2024-04,9.8,2,0
CUST-0042,2024-05,15.3,3,0
CUST-0042,2024-06,10.4,2,2
CUST-0042,2024-07,11.5,2,1
CUST-0042,2024-08,9.1,2,0
CUST-0042,2024-09,10.0,2,1
CUST-0042,2024-10,2.0,1,1
CUST-0042,2024-11,11.9,2,0
CUST-0042,2024-12,13.1,2,0
CUST-0042,2025-01,11.6,3,0
CUST-0043,2024-01,13.8,3,0
CUST-0043,2024-02,20.2,4,0
CUST-0043,2024-03,20.1,4,0
CUST-0043,2024-04,20.6,5,0
CUST-0043,2024-05,,5,0
CUST-0043,2024-06,19.7,4,0
CUST-0043,2024-07,20.8,9,0
CUST-0043,2024-08,16.6,4,1
CUST-0043,2024-09,13.7,3,0
CUST-0043,2024-10,18.0,6,0
CUST-0043,2024-11,24.2,5,1
CUST-0043,2024-12,19.4,7,1
CUST-0043,2025-01,23.8,4,0
CUST-0043,2025-02,20.2,8,0
CUST-0043,2025-03,18.6,3,0
CUST-0043,2025-04,19.6,5,0
CUST-0043,2025-05,20.3,4,1
CUST-0044,2022-05,9.8,4,2
CUST-0044,2022-06,14.0,6,3
CUST-0044,2022-07,9.1,3,0
CUST-0044,2022-08,7.3,1,2
CUST-0044,2022-09,7.5,1,0
CUST-0044,2022-10,1.8,1,0
CUST-0044,2022-11,4.3,1,0
CUST-0044,2022-12,5.8,1,2
CUST-0044,2023-01,0.0,1,0
CUST-0044,2023-02,,1,1
CUST-0044,2023-03,0.0,1,2
CUST-0044,2023-04,0.0,1,2
CUST-0044,2023-05,2.7,1,1
CUST-0044,2023-06,0.0,1,3
CUST-0044,2023-07,3.4,1,1
CUST-0044,2023-08,0.0,1,2
CUST-0044,2023-09,0.0,1,0
CUST-0044,2023-10,0.0,1,0
CUST-0044,2023-11,0.0,1,1
CUST-0044,2023-12,0.0,1,2
CUST-0044,2024-01,0.6,1,1
CUST-0044,2024-02,0.0,1,1
CUST-0044,2024-03,0.0,1,1
CUST-0044,2024-04,0.0,1,0
CUST-0044,2024-05,0.0,1,0
CUST-0044,2024-06,0.0,1,1
CUST-0044,2024-07,0.0,1,3
CUST-0044,2024-08,0.0,1,3
CUST-0044,2024-09,0.0,1,1
CUST-0044,2024-10,,1,0
CUST-0044,2024-11,0.0,1,1
CUST-0045,2024-02,21.2,6,0
CUST-0045,2024-03,28.5,6,1
CUST-0045,2024-04,31.0,15,1
CUST-0045,2024-05,27.8,11,0
CUST-0045,2024-06,30.0,14,1
CUST-0045,2024-07,25.4,5,0
CUST-0045,2024-08,26.3,7,2
CUST-0045,2024-09,25.1,8,2
CUST-0045,2024-10,29.0,6,0
CUST-0045,2024-11,30.9,6,0
CUST-0045,2024-12,25.8,10,0
CUST-0045,2025-01,22.5,4,1
CUST-0045,2025-02,25.6,6,0
CUST-0045,2025-03,31.4,9,0
CUST-0045,2025-04,23.2,5,1
CUST-0045,2025-05,29.7,6,1
CUST-0046,2023-07,17.7,7,0
CUST-0046,2023-08,18.0,4,1
CUST-0046,2023-09,7.4,1,1
CUST-0046,2023-10,8.0,2,1
CUST-0046,2023-11,8.9,4,0
CUST-0046,2023-12,9.8,4,0
CUST-0046,2024-01,4.4,1,2
CUST-0046,2024-02,3.7,1,1
CUST-0046,2024-03,5.2,1,0
CUST-0046,2024-04,7.1,2,3
CUST-0046,2024-05,5.5,2,2
CUST-0046,2024-06,0.0,1,3
CUST-0046,2024-07,0.0,1,1
CUST-0046,2024-08,0.0,1,0
CUST-0046,2024-09,0.0,1,1
CUST-0046,2024-10,6.6,2,2
CUST-0046,2024-11,2.2,1,0
CUST-0046,2024-12,0.0,1,0
CUST-0046,2025-01,0.0,1,4
CUST-0046,2025-02,0.0,1,1
CUST-0046,2025-03,,1,0
CUST-0046,2025-04,0.0,1,1
CUST-0046,2025-05,0.0,1,1
CUST-0047,2022-04,31.1,6,0
CUST-0047,2022-05,26.4,5,0
CUST-0047,2022-06,22.3,4,0
CUST-0047,2022-07,24.7,5,0
CUST-0047,2022-08,25.6,5,0
CUST-0047,2022-09,29.7,6,1
CUST-0047,2022-10,25.6,5,1
CUST-0047,2022-11,24.0,5,0
CUST-0047,2022-12,31.1,6,1
CUST-0047,2023-01,30.5,7,0
CUST-0047,2023-02,31.9,10,1
CUST-0047,2023-03,27.5,11,1
CUST-0047,2023-04,25.4,6,0
CUST-0047,2023-05,25.8,7,0
CUST-0047,2023-06,27.8,5,0
CUST-0047,2023-07,29.8,8,0
CUST-0047,2023-08,25.0,5,0
CUST-0047,2023-09,21.3,5,0
CUST-0047,2023-10,33.8,7,0
CUST-0047,2023-11,22.2,4,1
CUST-0047,2023-12,23.4,9,0
CUST-0047,2024-01,30.9,14,0
CUST-0047,2024-02,24.1,4,1
CUST-0047,2024-03,24.3,9,1
CUST-0047,2024-04,27.6,13,0
CUST-0047,2024-05,29.5,6,0
CUST-0047,2024-06,24.7,6,0
CUST-0047,2024-07,29.4,6,0
CUST-0047,2024-08,26.2,6,0
CUST-0047,2024-09,26.8,5,1
CUST-0047,2024-10,28.5,6,0
CUST-0048,2022-02,15.3,3,0
CUST-0048,2022-03,16.5,6,0
CUST-0048,2022-04,15.1,3,1
CUST-0048,2022-05,12.4,3,2
CUST-0048,2022-06,14.9,6,0
CUST-0048,2022-07,16.7,6,1
CUST-0048,2022-08,14.3,2,1
CUST-0048,2022-09,17.5,7,1
CUST-0048,2022-10,18.8,7,0
CUST-0048,2022-11,21.0,9,0
CUST-0048,2022-12,14.6,6,0
CUST-0048,2023-01,19.6,4,0
CUST-0048,2023-02,21.5,5,0
CUST-0048,2023-03,17.3,4,1
CUST-0048,2023-04,21.0,10,0
CUST-0048,2023-05,15.4,5,0
CUST-0048,2023-06,25.4,5,0
CUST-0048,2023-07,18.1,5,0
CUST-0048,2023-08,16.2,4,0
CUST-0048,2023-09,11.8,2,1
CUST-0048,2023-10,19.7,4,1
CUST-0048,2023-11,26.5,8,1
CUST-0048,2023-12,19.8,5,1
CUST-0048,2024-01,17.1,5,0
CUST-0048,2024-02,20.7,4,2
CUST-0048,2024-03,19.0,7,1
CUST-0048,2024-04,9.5,2,1
CUST-0048,2024-05,22.8,9,2
CUST-0048,2024-06,22.0,6,0
CUST-0048,2024-07,20.5,5,0
CUST-0048,2024-08,22.3,6,1
CUST-0049,2023-02,18.9,5,1
CUST-0049,2023-03,17.1,3,0
CUST-0049,2023-04,22.7,7,0
CUST-0049,2023-05,23.0,6,0
CUST-0049,2023-06,30.0,10,0
CUST-0049,2023-07,16.2,6,1
CUST-0049,2023-08,21.7,5,0
CUST-0049,2023-09,19.9,4,1
CUST-0049,2023-10,24.6,11,0
CUST-0049,2023-11,23.8,6,0
CUST-0049,2023-12,26.1,5,0
CUST-0049,2024-01,26.8,9,0
CUST-0049,2024-02,15.6,6,1
CUST-0049,2024-03,21.4,7,0
CUST-0049,2024-04,17.7,7,1
CUST-0049,2024-05,18.7,9,0
CUST-0049,2024-06,14.5,3,0
CUST-0049,2024-07,22.1,5,1
CUST-0049,2024-08,14.4,4,0
CUST-0049,2024-09,17.4,4,0
CUST-0049,2024-10,22.2,9,0
CUST-0049,2024-11,17.6,4,0
CUST-0049,2024-12,16.8,4,0
CUST-0049,2025-01,16.9,5,1
CUST-0049,2025-02,19.9,4,0
CUST-0049,2025-03,19.3,8,1
CUST-0049,2025-04,21.8,8,1
CUST-0049,2025-05,22.8,10,0
CUST-0050,2022-02,13.4,5,0
CUST-0050,2022-03,,5,0
CUST-0050,2022-04,12.3,2,0
CUST-0050,2022-05,9.4,3,0
CUST-0050,2022-06,11.8,2,0
CUST-0050,2022-07,8.4,3,1
CUST-0050,2022-08,14.1,2,2
CUST-0050,2022-09,12.9,5,1
CUST-0050,2022-10,15.8,5,0
CUST-0050,2022-11,7.5,1,1
CUST-0050,2022-12,10.3,3,0
CUST-0050,2023-01,11.7,2,0
CUST-0050,2023-02,8.9,3,2
CUST-0050,2023-03,8.1,2,0
CUST-0050,2023-04,10.9,2,0
CUST-0050,2023-05,7.5,1,1
CUST-0050,2023-06,13.2,3,1
CUST-0050,2023-07,6.6,1,0
CUST-0050,2023-08,9.0,2,0
CUST-0050,2023-09,13.0,2,0
CUST-0050,2023-10,17.0,6,0
CUST-0050,2023-11,10.8,4,1
CUST-0050,2023-12,10.4,2,0
CUST-0050,2024-01,4.8,1,0
CUST-0050,2024-02,11.1,2,0
CUST-0050,2024-03,11.8,2,0
CUST-0050,2024-04,9.1,3,0
CUST-0050,2024-05,6.3,1,0
CUST-0050,2024-06,13.3,4,1
CUST-0050,2024-07,11.2,2,0
CUST-0050,2024-08,10.3,4,1
CUST-0051,2022-05,15.5,6,1
CUST-0051,2022-06,11.5,5,0
CUST-0051,2022-07,14.0,4,0
CUST-0051,2022-08,18.3,8,0
CUST-0051,2022-09,16.7,3,0
CUST-0051,2022-10,18.5,4,0
CUST-0051,2022-11,16.6,3,0
CUST-0051,2022-12,12.2,2,0
CUST-0051,2023-01,20.5,8,0
CUST-0051,2023-02,14.2,4,2
CUST-0051,2023-03,16.3,5,0
CUST-0051,2023-04,13.5,2,0
CUST-0051,2023-05,17.5,4,0
CUST-0051,2023-06,15.7,4,0
CUST-0051,2023-07,14.6,6,0
CUST-0051,2023-08,14.9,3,0
CUST-0051,2023-09,9.4,1,0
CUST-0051,2023-10,16.7,4,1
CUST-0051,2023-11,17.4,8,1
CUST-0051,2023-12,,4,0
CUST-0051,2024-01,14.1,3,0
CUST-0051,2024-02,11.3,2,0
CUST-0051,2024-03,15.0,3,1
CUST-0051,2024-04,12.5,2,1
CUST-0051,2024-05,15.2,3,1
CUST-0051,2024-06,14.2,3,1
CUST-0051,2024-07,15.7,4,0
CUST-0051,2024-08,16.3,3,0
CUST-0051,2024-09,19.4,5,0
CUST-0051,2024-10,19.8,8,0
CUST-0051,2024-11,15.9,3,0
CUST-0052,2023-04,19.6,4,0
CUST-0052,2023-05,27.3,12,2
CUST-0052,2023-06,25.1,5,1
CUST-0052,2023-07,20.3,5,2
CUST-0052,2023-08,9.9,3,0
CUST-0052,2023-09,20.7,4,1
CUST-0052,2023-10,18.4,7,1
CUST-0052,2023-11,8.8,3,2
CUST-0052,2023-12,16.1,3,2
CUST-0052,2024-01,8.0,3,1
CUST-0052,2024-02,2.5,1,0
CUST-0052,2024-03,14.8,3,1
CUST-0052,2024-04,14.1,3,1
CUST-0052,2024-05,0.0,1,2
CUST-0052,2024-06,4.6,1,0
CUST-0052,2024-07,0.0,1,2
CUST-0052,2024-08,10.0,4,2
CUST-0052,2024-09,0.0,1,0
CUST-0052,2024-10,,1,2
CUST-0052,2024-11,13.8,3,0
CUST-0052,2024-12,0.0,1,0
CUST-0052,2025-01,0.0,1,2
CUST-0052,2025-02,8.9,2,1
CUST-0052,2025-03,0.0,1,3
CUST-0052,2025-04,0.0,1,0
CUST-0052,2025-05,9.0,2,2
CUST-0053,2024-05,6.0,1,1
CUST-0053,2024-06,7.8,3,1
CUST-0053,2024-07,3.7,1,1
CUST-0053,2024-08,3.1,1,2
CUST-0053,2024-09,0.6,1,0
CUST-0053,2024-10,10.6,3,2
CUST-0053,2024-11,2.5,1,0
CUST-0053,2024-12,6.4,2,2
CUST-0053,2025-01,0.4,1,3
CUST-0053,2025-02,0.0,1,2
CUST-0053,2025-03,0.0,1,3
CUST-0053,2025-04,0.0,1,0
CUST-0053,2025-05,0.4,1,0
CUST-0054,2023-02,29.0,8,4
CUST-0054,2023-03,24.9,9,2
CUST-0054,2023-04,19.4,6,1
CUST-0054,2023-05,20.9,4,1
CUST-0054,2023-06,18.8,6,1
CUST-0054,2023-07,23.1,6,1
CUST-0054,2023-08,11.2,3,1
CUST-0054,2023-09,17.9,6,1
CUST-0054,2023-10,14.8,3,1
CUST-0054,2023-11,4.1,1,1
CUST-0054,2023-12,11.2,4,1
CUST-0054,2024-01,10.3,2,0
CUST-0054,2024-02,7.2,1,0
CUST-0054,2024-03,0.0,1,1
CUST-0054,2024-04,18.5,4,1
CUST-0054,2024-05,15.5,4,2
CUST-0054,2024-06,11.4,2,1
CUST-0054,2024-07,15.0,5,1
CUST-0054,2024-08,15.9,3,1
CUST-0054,2024-09,16.9,4,1
CUST-0054,2024-10,0.0,1,2
CUST-0054,2024-11,0.0,1,0
CUST-0054,2024-12,0.0,1,1
CUST-0054,2025-01,6.0,1,2
CUST-0054,2025-02,0.0,1,1
CUST-0054,2025-03,0.0,1,0
CUST-0054,2025-04,14.1,3,1
CUST-0054,2025-05,0.0,1,1
CUST-0055,2023-12,26.8,6,0
CUST-0055,2024-01,26.2,8,0
CUST-0055,2024-02,30.0,10,0
CUST-0055,2024-03,27.9,6,0
CUST-0055,2024-04,29.6,14,1
CUST-0055,2024-05,32.3,12,0
CUST-0055,2024-06,28.9,7,0
CUST-0055,2024-07,21.8,9,0
CUST-0055,2024-08,30.7,12,0
CUST-0055,2024-09,27.3,7,1
CUST-0055,2024-10,26.7,5,0
CUST-0055,2024-11,23.8,5,0
CUST-0055,2024-12,29.4,6,0
CUST-0055,2025-01,29.3,5,1
CUST-0055,2025-02,25.8,6,0
CUST-0055,2025-03,23.6,5,0
CUST-0055,2025-04,23.6,11,1
CUST-0055,2025-05,,10,2
CUST-0056,2024-04,21.2,6,0
CUST-0056,2024-05,16.1,4,0
CUST-0056,2024-06,22.7,7,1
CUST-0056,2024-07,19.8,4,0
CUST-0056,2024-08,19.8,5,0
CUST-0056,2024-09,21.9,5,1
CUST-0056,2024-10,22.6,4,0
CUST-0056,2024-11,20.4,7,0
CUST-0056,2024-12,28.0,10,0
CUST-0056,2025-01,20.3,6,0
CUST-0056,2025-02,22.3,4,1
CUST-0056,2025-03,18.4,3,1
CUST-0056,2025-04,18.8,4,0
CUST-0056,2025-05,26.7,7,0
CUST-0057,2024-01,12.5,5,1
CUST-0057,2024-02,15.5,5,0
CUST-0057,2024-03,11.0,2,1
CUST-0057,2024-04,10.0,2,0
CUST-0057,2024-05,8.8,4,2
CUST-0057,2024-06,5.0,1,1
CUST-0057,2024-07,3.3,1,1
CUST-0057,2024-08,6.1,1,2
CUST-0057,2024-09,0.0,1,1
CUST-0057,2024-10,3.8,1,2
CUST-0057,2024-11,0.2,1,0
CUST-0057,2024-12,0.0,1,3
CUST-0057,2025-01,,2,0
CUST-0057,2025-02,0.0,1,2
CUST-0057,2025-03,0.0,1,0
CUST-0057,2025-04,0.0,1,2
CUST-0057,2025-05,6.7,2,1
CUST-0058,2023-07,20.0,5,0
CUST-0058,2023-08,24.9,10,1
CUST-0058,2023-09,23.3,4,0
CUST-0058,2023-10,16.7,5,1
CUST-0058,2023-11,18.8,3,1
CUST-0058,2023-12,18.7,6,1
CUST-0058,2024-01,18.3,7,1
CUST-0058,2024-02,24.8,7,0
CUST-0058,2024-03,16.4,5,1
CUST-0058,2024-04,19.6,4,0
CUST-0058,2024-05,19.8,7,0
CUST-0058,2024-06,22.0,6,0
CUST-0058,2024-07,22.5,6,0
CUST-0058,2024-08,23.2,6,0
CUST-0058,2024-09,22.3,5,0
CUST-0058,2024-10,15.3,4,1
CUST-0058,2024-11,20.6,6,2
CUST-0058,2024-12,23.0,10,0
CUST-0058,2025-01,17.6,4,0
CUST-0058,2025-02,15.8,3,0
CUST-0058,2025-03,22.7,4,1
CUST-0058,2025-04,18.8,4,2
CUST-0058,2025-05,19.5,4,0
CUST-0059,2023-02,18.6,7,0
CUST-0059,2023-03,19.4,6,1
CUST-0059,2023-04,12.0,2,0
CUST-0059,2023-05,16.9,4,1
CUST-0059,2023-06,22.7,5,0
CUST-0059,2023-07,17.2,4,1
CUST-0059,2023-08,21.1,7,2
CUST-0059,2023-09,16.2,6,0
CUST-0059,2023-10,19.9,4,0
CUST-0059,2023-11,19.8,8,1
CUST-0059,2023-12,22.0,8,1
CUST-0059,2024-01,10.0,3,1
CUST-0059,2024-02,19.9,8,0
CUST-0059,2024-03,22.7,8,0
CUST-0059,2024-04,18.3,8,1
CUST-0059,2024-05,19.2,3,2
CUST-0059,2024-06,19.5,8,1
CUST-0059,2024-07,24.5,8,0
CUST-0059,2024-08,20.3,7,1
CUST-0059,2024-09,22.5,8,1
CUST-0059,2024-10,19.3,4,0
CUST-0059,2024-11,15.5,6,0
CUST-0059,2024-12,21.0,8,0
CUST-0059,2025-01,21.5,7,0
CUST-0059,2025-02,20.0,5,1
CUST-0059,2025-03,16.7,4,1
CUST-0059,2025-04,20.4,5,0
CUST-0059,2025-05,21.6,6,0
CUST-0060,2023-04,33.7,14,2
CUST-0060,2023-05,20.1,6,2
CUST-0060,2023-06,27.1,6,0
CUST-0060,2023-07,21.3,4,1
CUST-0060,2023-08,31.3,13,1
CUST-0060,2023-09,25.1,9,0
CUST-0060,2023-10,15.7,4,1
CUST-0060,2023-11,19.7,5,1
CUST-0060,2023-12,24.2,7,2
CUST-0060,2024-01,12.5,2,0
CUST-0060,2024-02,14.3,3,0
CUST-0060,2024-03,15.4,7,1
CUST-0060,2024-04,12.1,3,0
CUST-0060,2024-05,9.7,3,1
CUST-0060,2024-06,5.6,1,1
CUST-0060,2024-07,19.8,4,1
CUST-0060,2024-08,2.9,1,1
CUST-0060,2024-09,,4,0
CUST-0060,2024-10,5.3,1,0
CUST-0060,2024-11,9.9,3,2
CUST-0060,2024-12,8.9,2,0
CUST-0060,2025-01,12.3,3,0
CUST-0060,2025-02,1.7,1,1
CUST-0060,2025-03,0.0,1,2
CUST-0060,2025-04,0.0,1,0
CUST-0060,2025-05,0.0,1,1
CUST-0061,2022-08,5.1,1,2
CUST-0061,2022-09,9.7,4,1
CUST-0061,2022-10,15.9,4,0
CUST-0061,2022-11,12.9,4,1
CUST-0061,2022-12,5.2,1,0
CUST-0061,2023-01,3.9,1,3
CUST-0061,2023-02,8.8,2,2
CUST-0061,2023-03,10.5,4,1
CUST-0061,2023-04,10.3,2,0
CUST-0061,2023-05,0.0,1,0
CUST-0061,2023-06,3.2,1,0
CUST-0061,2023-07,0.0,1,3
CUST-0061,2023-08,0.0,1,3
CUST-0061,2023-09,5.4,1,3
CUST-0061,2023-10,3.0,1,2
CUST-0061,2023-11,0.0,1,1
CUST-0061,2023-12,0.0,1,0
CUST-0061,2024-01,0.0,1,0
CUST-0061,2024-02,0.0,1,1
CUST-0061,2024-03,0.0,1,1
CUST-0061,2024-04,0.0,1,0
CUST-0061,2024-05,2.2,1,1
CUST-0061,2024-06,0.0,1,1
CUST-0061,2024-07,0.0,1,2
CUST-0061,2024-08,0.0,1,1
CUST-0061,2024-09,0.0,1,1
CUST-0061,2024-10,0.0,1,3
CUST-0061,2024-11,0.0,1,1
CUST-0061,2024-12,,1,2
CUST-0061,2025-01,0.0,1,0
CUST-0061,2025-02,0.0,1,1
CUST-0062,2023-03,18.4,4,3
CUST-0062,2023-04,12.1,2,1
CUST-0062,2023-05,8.2,3,0
CUST-0062,2023-06,4.4,1,0
CUST-0062,2023-07,8.6,3,1
CUST-0062,2023-08,7.2,1,0
CUST-0062,2023-09,0.0,1,1
CUST-0062,2023-10,0.4,1,1
CUST-0062,2023-11,2.6,1,1
CUST-0062,2023-12,0.0,1,2
CUST-0062,2024-01,2.0,1,0
CUST-0062,2024-02,0.0,1,2
CUST-0062,2024-03,0.0,1,2
CUST-0062,2024-04,0.0,1,2
CUST-0062,2024-05,7.3,2,0
CUST-0062,2024-06,0.0,1,3
CUST-0062,2024-07,0.0,1,0
CUST-0062,2024-08,0.0,1,0
CUST-0062,2024-09,0.0,1,0
CUST-0062,2024-10,0.0,1,2
CUST-0062,2024-11,0.0,1,1
CUST-0062,2024-12,0.0,1,3
CUST-0062,2025-01,0.0,1,2
CUST-0062,2025-02,0.0,1,1
CUST-0062,2025-03,0.0,1,0
CUST-0062,2025-04,0.0,1,0
CUST-0062,2025-05,0.0,1,1
CUST-0063,2022-12,14.6,3,0
CUST-0063,2023-01,11.7,2,0
CUST-0063,2023-02,10.8,3,0
CUST-0063,2023-03,9.7,2,0
CUST-0063,2023-04,10.0,2,0
CUST-0063,2023-05,14.9,3,0
CUST-0063,2023-06,16.3,6,1
CUST-0063,2023-07,17.9,5,0
CUST-0063,2023-08,14.4,2,0
CUST-0063,2023-09,15.4,6,0
CUST-0063,2023-10,13.7,5,2
CUST-0063,2023-11,14.5,3,0
CUST-0063,2023-12,,4,0
CUST-0063,2024-01,,3,1
CUST-0063,2024-02,16.6,4,2
CUST-0063,2024-03,13.4,3,1
CUST-0063,2024-04,12.8,3,0
CUST-0063,2024-05,9.9,2,0
CUST-0063,2024-06,8.0,1,0
CUST-0063,2024-07,18.3,7,0
CUST-0063,2024-08,12.6,2,1
CUST-0063,2024-09,13.9,6,0
CUST-0063,2024-10,16.3,5,0
CUST-0063,2024-11,14.1,2,2
CUST-0063,2024-12,11.2,2,0
CUST-0063,2025-01,19.3,5,0
CUST-0063,2025-02,16.2,5,0
CUST-0063,2025-03,13.4,3,0
CUST-0063,2025-04,17.6,5,0
CUST-0063,2025-05,16.3,4,0
CUST-0064,2022-08,29.2,8,1
CUST-0064,2022-09,26.4,11,0
CUST-0064,2022-10,27.5,7,0
CUST-0064,2022-11,15.6,4,0
CUST-0064,2022-12,25.9,5,0
CUST-0064,2023-01,19.1,4,1
CUST-0064,2023-02,19.2,4,0
CUST-0064,2023-03,20.1,6,0
CUST-0064,2023-04,28.0,6,1
CUST-0064,2023-05,23.4,7,0
CUST-0064,2023-06,23.6,11,0
CUST-0064,2023-07,22.9,10,0
CUST-0064,2023-08,22.0,5,1
CUST-0064,2023-09,27.8,5,0
CUST-0064,2023-10,26.1,7,0
CUST-0064,2023-11,25.5,5,0
CUST-0064,2023-12,24.0,4,1
CUST-0064,2024-01,24.0,5,1
CUST-0064,2024-02,24.8,5,0
CUST-0064,2024-03,19.3,3,0
CUST-0064,2024-04,25.1,8,1
CUST-0064,2024-05,25.3,5,0
CUST-0064,2024-06,23.6,8,1
CUST-0064,2024-07,20.7,5,0
CUST-0064,2024-08,27.9,6,0
CUST-0064,2024-09,25.3,11,1
CUST-0064,2024-10,19.6,8,0
CUST-0064,2024-11,23.0,11,0
CUST-0064,2024-12,22.7,8,0
CUST-0064,2025-01,22.5,8,1
CUST-0064,2025-02,23.3,5,0
CUST-0065,2024-06,21.4,7,2
CUST-0065,2024-07,27.3,11,2
CUST-0065,2024-08,22.7,5,0
CUST-0065,2024-09,14.6,3,1
CUST-0065,2024-10,21.1,5,1
CUST-0065,2024-11,23.0,6,1
CUST-0065,2024-12,19.5,9,3
CUST-0065,2025-01,16.5,6,0
CUST-0065,2025-02,8.8,2,1
CUST-0065,2025-03,15.4,7,2
CUST-0065,2025-04,15.2,4,1
CUST-0065,2025-05,5.3,1,1
CUST-0066,2022-01,15.6,3,0
CUST-0066,2022-02,17.6,6,1
CUST-0066,2022-03,19.0,4,2
CUST-0066,2022-04,19.6,7,1
CUST-0066,2022-05,16.0,3,0
CUST-0066,2022-06,17.0,3,1
CUST-0066,2022-07,18.0,7,0
CUST-0066,2022-08,15.0,3,0
CUST-0066,2022-09,15.5,3,0
CUST-0066,2022-10,14.3,3,0
CUST-0066,2022-11,17.2,6,0
CUST-0066,2022-12,16.9,3,0
CUST-0066,2023-01,15.5,4,1
CUST-0066,2023-02,12.7,2,0
CUST-0066,2023-03,13.5,2,0
CUST-0066,2023-04,16.0,4,0
CUST-0066,2023-05,18.5,3,1
CUST-0066,2023-06,15.4,6,0
CUST-0066,2023-07,12.9,4,0
CUST-0066,2023-08,17.0,6,1
CUST-0066,2023-09,20.0,4,0
CUST-0066,2023-10,18.7,6,0
CUST-0066,2023-11,17.0,6,0
CUST-0066,2023-12,,4,0
CUST-0066,2024-01,12.5,3,0
CUST-0066,2024-02,11.2,2,0
CUST-0066,2024-03,19.7,5,0
CUST-0066,2024-04,9.9,3,2
CUST-0066,2024-05,18.4,3,0
CUST-0066,2024-06,15.4,3,0
CUST-0066,2024-07,18.4,4,0
CUST-0067,2022-03,31.9,14,0
CUST-0067,2022-04,33.5,15,1
CUST-0067,2022-05,27.4,6,0
CUST-0067,2022-06,28.5,12,0
CUST-0067,2022-07,23.8,5,0
CUST-0067,2022-08,29.0,9,1
CUST-0067,2022-09,34.4,8,0
CUST-0067,2022-10,36.2,8,0
CUST-0067,2022-11,35.7,14,0
CUST-0067,2022-12,31.8,10,0
CUST-0067,2023-01,26.5,5,0
CUST-0067,2023-02,28.9,8,1
CUST-0067,2023-03,27.4,12,0
CUST-0067,2023-04,24.7,10,0
CUST-0067,2023-05,23.8,5,1
CUST-0067,2023-06,32.2,12,0
CUST-0067,2023-07,27.9,7,0
CUST-0067,2023-08,28.4,13,1
CUST-0067,2023-09,33.0,7,0
CUST-0067,2023-10,27.8,10,1
CUST-0067,2023-11,23.9,5,1
CUST-0067,2023-12,25.1,5,1
CUST-0067,2024-01,25.6,9,1
CUST-0067,2024-02,30.7,11,0
CUST-0067,2024-03,32.9,13,0
CUST-0067,2024-04,28.0,13,0
CUST-0067,2024-05,35.2,9,1
CUST-0067,2024-06,32.2,8,0
CUST-0067,2024-07,29.1,6,0
CUST-0067,2024-08,22.3,5,0
CUST-0067,2024-09,26.7,5,0
CUST-0068,2022-06,25.4,9,1
CUST-0068,2022-07,22.7,4,1
CUST-0068,2022-08,33.6,9,1
CUST-0068,2022-09,27.6,7,1
CUST-0068,2022-10,24.5,5,1
CUST-0068,2022-11,18.7,5,2
CUST-0068,2022-12,27.0,9,0
CUST-0068,2023-01,23.7,5,0
CUST-0068,2023-02,25.8,11,0
CUST-0068,2023-03,24.7,5,0
CUST-0068,2023-04,27.3,6,1
CUST-0068,2023-05,22.5,7,0
CUST-0068,2023-06,24.1,7,0
CUST-0068,2023-07,21.0,6,0
CUST-0068,2023-08,19.1,5,0
CUST-0068,2023-09,26.6,11,0
CUST-0068,2023-10,18.8,7,0
CUST-0068,2023-11,22.1,5,0
CUST-0068,2023-12,27.5,9,1
CUST-0068,2024-01,23.4,4,0
CUST-0068,2024-02,25.1,8,1
CUST-0068,2024-03,31.3,7,0
CUST-0068,2024-04,26.5,8,1
CUST-0068,2024-05,27.5,12,0
CUST-0068,2024-06,23.4,6,0
CUST-0068,2024-07,23.1,7,1
CUST-0068,2024-08,26.9,6,1
CUST-0068,2024-09,27.2,9,0
CUST-0068,2024-10,25.7,7,0
CUST-0068,2024-11,23.2,8,0
CUST-0068,2024-12,25.4,7,0
CUST-0069,2024-05,26.2,6,2
CUST-0069,2024-06,30.7,7,3
CUST-0069,2024-07,28.1,9,0
CUST-0069,2024-08,25.0,6,3
CUST-0069,2024-09,21.5,5,2
CUST-0069,2024-10,27.5,7,1
CUST-0069,2024-11,20.3,5,1
CUST-0069,2024-12,20.0,4,1
CUST-0069,2025-01,12.8,6,0
CUST-0069,2025-02,16.7,3,2
CUST-0069,2025-03,24.1,5,1
CUST-0069,2025-04,10.6,3,3
CUST-0069,2025-05,7.6,1,0
CUST-0070,2023-09,23.2,9,0
CUST-0070,2023-10,26.9,5,0
CUST-0070,2023-11,24.0,7,0
CUST-0070,2023-12,25.7,9,0
CUST-0070,2024-01,24.8,8,0
CUST-0070,2024-02,24.4,8,0
CUST-0070,2024-03,24.6,6,0
CUST-0070,2024-04,23.9,9,0
CUST-0070,2024-05,18.5,6,0
CUST-0070,2024-06,25.5,12,0
CUST-0070,2024-07,24.0,5,0
CUST-0070,2024-08,14.4,5,2
CUST-0070,2024-09,27.5,6,0
CUST-0070,2024-10,25.7,5,1
CUST-0070,2024-11,19.4,4,0
CUST-0070,2024-12,28.4,11,0
CUST-0070,2025-01,24.3,8,0
CUST-0070,2025-02,19.8,4,0
CUST-0070,2025-03,29.9,9,0
CUST-0070,2025-04,24.8,5,1
CUST-0070,2025-05,27.1,7,1
CUST-0071,2024-03,29.6,7,0
CUST-0071,2024-04,27.8,6,0
CUST-0071,2024-05,26.2,12,0
CUST-0071,2024-06,26.4,7,1
CUST-0071,2024-07,32.0,11,1
CUST-0071,2024-08,23.8,5,0
CUST-0071,2024-09,21.8,6,0
CUST-0071,2024-10,26.2,9,1
CUST-0071,2024-11,24.5,9,0
CUST-0071,2024-12,28.0,7,0
CUST-0071,2025-01,26.9,9,0
CUST-0071,2025-02,28.0,6,1
CUST-0071,2025-03,,8,0
CUST-0071,2025-04,25.5,6,0
CUST-0071,2025-05,28.2,10,1
CUST-0072,2022-06,10.2,4,0
CUST-0072,2022-07,9.1,3,0
CUST-0072,2022-08,11.7,5,0
CUST-0072,2022-09,13.0,4,0
CUST-0072,2022-10,5.9,1,1
CUST-0072,2022-11,9.0,2,1
CUST-0072,2022-12,11.6,5,1
CUST-0072,2023-01,13.1,3,1
CUST-0072,2023-02,5.7,1,0
CUST-0072,2023-03,9.8,2,1
CUST-0072,2023-04,13.8,4,1
CUST-0072,2023-05,9.8,2,0
CUST-0072,2023-06,10.5,2,0
CUST-0072,2023-07,7.5,2,1
CUST-0072,2023-08,11.9,5,0
CUST-0072,2023-09,11.0,3,0
CUST-0072,2023-10,7.3,1,1
CUST-0072,2023-11,9.8,2,1
CUST-0072,2023-12,9.5,2,0
CUST-0072,2024-01,9.0,3,0
CUST-0072,2024-02,8.9,2,1
CUST-0072,2024-03,9.2,3,0
CUST-0072,2024-04,8.6,2,1
CUST-0072,2024-05,10.0,2,0
CUST-0072,2024-06,13.4,5,1
CUST-0072,2024-07,9.9,2,0
CUST-0072,2024-08,8.4,4,0
CUST-0072,2024-09,9.4,2,1
CUST-0072,2024-10,9.5,3,1
CUST-0072,2024-11,9.7,1,1
CUST-0072,2024-12,16.9,6,2
CUST-0073,2023-10,15.9,3,1
CUST-0073,2023-11,14.1,3,0
CUST-0073,2023-12,10.2,2,2
CUST-0073,2024-01,10.0,3,1
CUST-0073,2024-02,5.7,2,0
CUST-0073,2024-03,12.4,4,0
CUST-0073,2024-04,12.5,5,0
CUST-0073,2024-05,10.7,3,0
CUST-0073,2024-06,12.9,3,0
CUST-0073,2024-07,14.6,4,1
CUST-0073,2024-08,11.6,5,1
CUST-0073,2024-09,12.8,2,0
CUST-0073,2024-10,12.2,3,0
CUST-0073,2024-11,9.9,2,0
CUST-0073,2024-12,11.1,3,0
CUST-0073,2025-01,4.9,1,2
CUST-0073,2025-02,15.4,4,0
CUST-0073,2025-03,13.1,3,0
CUST-0073,2025-04,10.4,2,0
CUST-0073,2025-05,8.7,2,1
CUST-0074,2022-11,4.5,1,0
CUST-0074,2022-12,9.5,2,0
CUST-0074,2023-01,5.8,1,1
CUST-0074,2023-02,5.4,1,1
CUST-0074,2023-03,12.6,2,1
CUST-0074,2023-04,8.2,1,0
CUST-0074,2023-05,9.0,4,0
CUST-0074,2023-06,5.5,2,2
CUST-0074,2023-07,15.3,7,0
CUST-0074,2023-08,15.2,3,1
CUST-0074,2023-09,11.1,2,0
CUST-0074,2023-10,11.5,5,0
CUST-0074,2023-11,8.9,3,1
CUST-0074,2023-12,8.4,2,1
CUST-0074,2024-01,9.6,2,1
CUST-0074,2024-02,10.7,4,1
CUST-0074,2024-03,8.3,2,0
CUST-0074,2024-04,6.3,2,1
CUST-0074,2024-05,10.7,2,1
CUST-0074,2024-06,8.2,2,0
CUST-0074,2024-07,5.3,2,0
CUST-0074,2024-08,7.3,1,2
CUST-0074,2024-09,8.6,4,0
CUST-0074,2024-10,11.5,3,1
CUST-0074,2024-11,16.2,7,2
CUST-0074,2024-12,13.2,3,0
CUST-0074,2025-01,15.5,4,0
CUST-0074,2025-02,8.9,2,1
CUST-0074,2025-03,5.1,1,0
CUST-0074,2025-04,9.4,2,0
CUST-0074,2025-05,5.9,1,1
CUST-0075,2023-03,27.5,8,1
CUST-0075,2023-04,28.8,7,0
CUST-0075,2023-05,30.3,6,0
CUST-0075,2023-06,29.8,6,0
CUST-0075,2023-07,27.8,8,1
CUST-0075,2023-08,28.5,7,0
CUST-0075,2023-09,19.1,6,0
CUST-0075,2023-10,30.0,9,2
CUST-0075,2023-11,27.1,6,0
CUST-0075,2023-12,24.0,7,2
CUST-0075,2024-01,35.8,15,1
CUST-0075,2024-02,30.2,6,1
CUST-0075,2024-03,31.6,6,0
CUST-0075,2024-04,29.3,6,1
CUST-0075,2024-05,27.3,10,0
CUST-0075,2024-06,32.3,9,0
CUST-0075,2024-07,31.1,14,0
CUST-0075,2024-08,30.3,13,0
CUST-0075,2024-09,38.9,7,0
CUST-0075,2024-10,32.2,8,0
CUST-0075,2024-11,30.2,10,1
CUST-0075,2024-12,29.2,6,0
CUST-0075,2025-01,27.8,6,0
CUST-0075,2025-02,29.7,12,0
CUST-0075,2025-03,26.6,13,0
CUST-0075,2025-04,29.6,9,2
CUST-0075,2025-05,26.0,11,1
CUST-0076,2022-01,17.6,6,5
CUST-0076,2022-02,21.1,6,2
CUST-0076,2022-03,20.6,4,0
CUST-0076,2022-04,8.5,3,2
CUST-0076,2022-05,7.6,1,1
CUST-0076,2022-06,18.2,6,0
CUST-0076,2022-07,0.9,1,3
CUST-0076,2022-08,14.0,4,2
CUST-0076,2022-09,16.9,8,1
CUST-0076,2022-10,8.2,1,0
CUST-0076,2022-11,9.3,2,0
CUST-0076,2022-12,8.0,2,2
CUST-0076,2023-01,19.8,4,0
CUST-0076,2023-02,0.0,1,1
CUST-0076,2023-03,8.1,2,1
CUST-0076,2023-04,1.9,1,0
CUST-0076,2023-05,0.0,1,2
CUST-0076,2023-06,0.0,1,1
CUST-0076,2023-07,9.4,2,1
CUST-0076,2023-08,0.0,1,1
CUST-0076,2023-09,4.2,1,1
CUST-0076,2023-10,7.2,3,0
CUST-0076,2023-11,0.0,1,2
CUST-0076,2023-12,0.0,1,1
CUST-0076,2024-01,0.7,1,2
CUST-0076,2024-02,0.0,1,1
CUST-0076,2024-03,0.0,1,4
CUST-0076,2024-04,0.0,1,2
CUST-0076,2024-05,2.9,1,2
CUST-0076,2024-06,0.0,1,1
CUST-0076,2024-07,0.0,1,2
CUST-0077,2023-07,19.7,4,0
CUST-0077,2023-08,23.6,5,0
CUST-0077,2023-09,15.8,6,1
CUST-0077,2023-10,12.9,3,0
CUST-0077,2023-11,20.5,5,0
CUST-0077,2023-12,,3,0
CUST-0077,2024-01,14.7,4,1
CUST-0077,2024-02,16.3,5,0
CUST-0077,2024-03,16.0,3,3
CUST-0077,2024-04,12.4,2,2
CUST-0077,2024-05,16.3,5,0
CUST-0077,2024-06,18.1,8,0
CUST-0077,2024-07,15.5,6,1
CUST-0077,2024-08,20.0,5,0
CUST-0077,2024-09,15.8,6,0
CUST-0077,2024-10,,5,0
CUST-0077,2024-11,17.5,3,1
CUST-0077,2024-12,21.2,9,2
CUST-0077,2025-01,14.8,6,0
CUST-0077,2025-02,20.0,4,0
CUST-0077,2025-03,15.6,4,1
CUST-0077,2025-04,15.6,7,1
CUST-0077,2025-05,19.0,5,0
CUST-0078,2024-01,21.0,4,1
CUST-0078,2024-02,20.3,5,5
CUST-0078,2024-03,18.2,8,5
CUST-0078,2024-04,19.1,3,1
CUST-0078,2024-05,,2,0
CUST-0078,2024-06,,4,2
CUST-0078,2024-07,16.0,3,0
CUST-0078,2024-08,11.2,2,0
CUST-0078,2024-09,0.0,1,2
CUST-0078,2024-10,8.2,2,1
CUST-0078,2024-11,1.9,1,2
CUST-0078,2024-12,0.0,1,2
CUST-0078,2025-01,3.7,1,1
CUST-0078,2025-02,5.8,2,2
CUST-0078,2025-03,0.2,1,1
CUST-0078,2025-04,3.5,1,1
CUST-0078,2025-05,0.0,1,5
CUST-0079,2023-08,16.3,6,0
CUST-0079,2023-09,10.1,3,0
CUST-0079,2023-10,,3,0
CUST-0079,2023-11,5.0,1,0
CUST-0079,2023-12,14.1,4,0
CUST-0079,2024-01,11.7,3,0
CUST-0079,2024-02,7.7,3,0
CUST-0079,2024-03,11.0,2,0
CUST-0079,2024-04,8.0,2,0
CUST-0079,2024-05,12.7,6,1
CUST-0079,2024-06,10.0,4,0
CUST-0079,2024-07,11.3,5,0
CUST-0079,2024-08,11.9,3,0
CUST-0079,2024-09,7.1,2,1
CUST-0079,2024-10,2.5,1,0
CUST-0079,2024-11,5.8,1,0
CUST-0079,2024-12,5.9,1,0
CUST-0079,2025-01,10.4,2,1
CUST-0079,2025-02,16.0,3,0
CUST-0079,2025-03,11.0,3,1
CUST-0079,2025-04,14.2,2,1
CUST-0079,2025-05,13.9,3,0
CUST-0080,2022-05,11.2,3,1
CUST-0080,2022-06,10.5,4,0
CUST-0080,2022-07,14.8,7,0
CUST-0080,2022-08,14.2,3,1
CUST-0080,2022-09,15.4,3,0
CUST-0080,2022-10,13.4,3,0
CUST-0080,2022-11,15.6,7,1
CUST-0080,2022-12,13.0,6,0
CUST-0080,2023-01,13.3,4,0
CUST-0080,2023-02,9.6,3,1
CUST-0080,2023-03,8.7,1,0
CUST-0080,2023-04,15.3,4,1
CUST-0080,2023-05,17.8,4,0
CUST-0080,2023-06,16.4,3,0
CUST-0080,2023-07,11.7,2,0
CUST-0080,2023-08,15.0,3,0
CUST-0080,2023-09,19.7,3,0
CUST-0080,2023-10,12.0,3,0
CUST-0080,2023-11,13.6,3,0
CUST-0080,2023-12,12.1,2,0
CUST-0080,2024-01,17.2,6,0
CUST-0080,2024-02,11.8,3,0
CUST-0080,2024-03,17.8,7,2
CUST-0080,2024-04,11.2,2,1
CUST-0080,2024-05,12.4,4,1
CUST-0080,2024-06,14.8,5,0
CUST-0080,2024-07,12.8,2,2
CUST-0080,2024-08,10.8,5,1
CUST-0080,2024-09,8.6,2,1
CUST-0080,2024-10,15.4,6,0
CUST-0080,2024-11,21.3,4,0
CUST-0081,2023-04,9.5,1,0
CUST-0081,2023-05,10.0,2,1
CUST-0081,2023-06,11.1,4,2
CUST-0081,2023-07,13.5,3,0
CUST-0081,2023-08,6.1,1,3
CUST-0081,2023-09,0.5,1,2
CUST-0081,2023-10,0.1,1,3
CUST-0081,2023-11,2.4,1,2
CUST-0081,2023-12,0.0,1,0
CUST-0081,2024-01,4.6,1,1
CUST-0081,2024-02,0.0,1,2
CUST-0081,2024-03,4.1,1,0
CUST-0081,2024-04,8.8,2,2
CUST-0081,2024-05,0.0,1,2
CUST-0081,2024-06,0.0,1,1
CUST-0081,2024-07,0.2,1,2
CUST-0081,2024-08,3.0,1,2
CUST-0081,2024-09,0.0,1,0
CUST-0081,2024-10,0.0,1,0
CUST-0081,2024-11,0.0,1,2
CUST-0081,2024-12,0.0,1,1
CUST-0081,2025-01,0.0,1,0
CUST-0081,2025-02,0.0,1,0
CUST-0081,2025-03,0.0,1,1
CUST-0081,2025-04,0.0,1,1
CUST-0081,2025-05,0.0,1,3
CUST-0082,2022-08,23.8,4,2
CUST-0082,2022-09,20.2,4,2
CUST-0082,2022-10,18.0,4,0
CUST-0082,2022-11,22.4,8,0
CUST-0082,2022-12,24.9,5,1
CUST-0082,2023-01,16.2,4,3
CUST-0082,2023-02,19.4,4,1
CUST-0082,2023-03,10.6,2,0
CUST-0082,2023-04,8.5,3,4
CUST-0082,2023-05,11.7,3,1
CUST-0082,2023-06,12.3,2,5
CUST-0082,2023-07,15.6,3,0
CUST-0082,2023-08,12.7,4,1
CUST-0082,2023-09,8.0,2,1
CUST-0082,2023-10,7.6,1,1
CUST-0082,2023-11,14.7,6,2
CUST-0082,2023-12,0.0,1,1
CUST-0082,2024-01,8.8,2,0
CUST-0082,2024-02,4.5,1,0
CUST-0082,2024-03,0.0,1,2
CUST-0082,2024-04,0.0,1,0
CUST-0082,2024-05,10.1,4,1
CUST-0082,2024-06,6.1,1,1
CUST-0082,2024-07,0.0,1,3
CUST-0082,2024-08,0.0,1,5
CUST-0082,2024-09,1.1,1,0
CUST-0082,2024-10,0.0,1,3
CUST-0082,2024-11,0.0,1,1
CUST-0082,2024-12,0.0,1,1
CUST-0082,2025-01,0.0,1,1
CUST-0082,2025-02,0.0,1,0
CUST-0083,2024-05,27.5,5,0
CUST-0083,2024-06,24.3,5,0
CUST-0083,2024-07,26.7,7,0
CUST-0083,2024-08,25.3,10,0
CUST-0083,2024-09,28.4,13,1
CUST-0083,2024-10,23.5,5,0
CUST-0083,2024-11,27.7,6,0
CUST-0083,2024-12,21.7,10,0
CUST-0083,2025-01,30.6,9,0
CUST-0083,2025-02,22.3,7,0
CUST-0083,2025-03,25.1,8,0
CUST-0083,2025-04,21.3,6,0
CUST-0083,2025-05,20.1,4,0
CUST-0084,2024-03,9.3,3,0
CUST-0084,2024-04,13.3,6,0
CUST-0084,2024-05,9.3,2,0
CUST-0084,2024-06,10.4,4,0
CUST-0084,2024-07,10.6,2,0
CUST-0084,2024-08,9.4,2,0
CUST-0084,2024-09,9.7,3,0
CUST-0084,2024-10,15.3,6,1
CUST-0084,2024-11,14.2,4,0
CUST-0084,2024-12,10.3,2,0
CUST-0084,2025-01,13.3,3,2
CUST-0084,2025-02,7.4,2,0
CUST-0084,2025-03,7.4,1,0
CUST-0084,2025-04,10.1,4,0
CUST-0084,2025-05,7.9,2,2
CUST-0085,2022-06,27.1,6,2
CUST-0085,2022-07,,5,0
CUST-0085,2022-08,21.7,7,0
CUST-0085,2022-09,23.8,7,1
CUST-0085,2022-10,28.9,5,0
CUST-0085,2022-11,30.1,7,0
CUST-0085,2022-12,23.4,5,1
CUST-0085,2023-01,25.4,10,0
CUST-0085,2023-02,21.3,4,0
CUST-0085,2023-03,29.2,8,2
CUST-0085,2023-04,22.8,5,0
CUST-0085,2023-05,22.4,6,0
CUST-0085,2023-06,29.1,13,1
CUST-0085,2023-07,24.8,5,0
CUST-0085,2023-08,23.9,5,0
CUST-0085,2023-09,28.7,6,0
CUST-0085,2023-10,25.8,6,0
CUST-0085,2023-11,27.8,6,0
CUST-0085,2023-12,30.3,10,0
CUST-0085,2024-01,25.9,5,0
CUST-0085,2024-02,24.8,11,0
CUST-0085,2024-03,21.3,4,0
CUST-0085,2024-04,26.2,5,0
CUST-0085,2024-05,23.4,9,1
CUST-0085,2024-06,30.1,9,0
CUST-0085,2024-07,25.8,7,0
CUST-0085,2024-08,27.9,5,0
CUST-0085,2024-09,19.9,8,0
CUST-0085,2024-10,26.1,6,0
CUST-0085,2024-11,29.6,7,0
CUST-0085,2024-12,21.9,4,1
CUST-0086,2023-04,25.4,6,0
CUST-0086,2023-05,23.6,8,1
CUST-0086,2023-06,20.5,5,0
CUST-0086,2023-07,26.4,7,0
CUST-0086,2023-08,23.8,5,0
CUST-0086,2023-09,19.1,4,0
CUST-0086,2023-10,19.8,8,1
CUST-0086,2023-11,21.1,4,1
CUST-0086,2023-12,27.3,10,0
CUST-0086,2024-01,13.5,4,0
CUST-0086,2024-02,29.5,7,0
CUST-0086,2024-03,26.7,7,2
CUST-0086,2024-04,20.3,4,1
CUST-0086,2024-05,22.5,9,0
CUST-0086,2024-06,21.8,10,0
CUST-0086,2024-07,20.5,8,0
CUST-0086,2024-08,20.3,6,0
CUST-0086,2024-09,13.5,3,1
CUST-0086,2024-10,23.3,5,1
CUST-0086,2024-11,22.5,4,0
CUST-0086,2024-12,22.3,7,0
CUST-0086,2025-01,19.0,3,0
CUST-0086,2025-02,19.7,7,0
CUST-0086,2025-03,24.8,11,0
CUST-0086,2025-04,25.1,8,0
CUST-0086,2025-05,20.6,6,0
CUST-0087,2024-04,9.9,2,3
CUST-0087,2024-05,10.7,2,0
CUST-0087,2024-06,6.1,2,2
CUST-0087,2024-07,2.8,1,2
CUST-0087,2024-08,1.4,1,1
CUST-0087,2024-09,1.5,1,0
CUST-0087,2024-10,3.2,1,3
CUST-0087,2024-11,2.7,1,0
CUST-0087,2024-12,0.0,1,1
CUST-0087,2025-01,0.0,1,1
CUST-0087,2025-02,2.6,1,1
CUST-0087,2025-03,0.0,1,2
CUST-0087,2025-04,5.3,2,0
CUST-0087,2025-05,0.0,1,0
CUST-0088,2024-02,17.0,5,1
CUST-0088,2024-03,,5,1
CUST-0088,2024-04,9.5,1,1
CUST-0088,2024-05,19.8,6,0
CUST-0088,2024-06,18.9,6,0
CUST-0088,2024-07,11.9,5,1
CUST-0088,2024-08,13.4,4,0
CUST-0088,2024-09,14.2,2,0
CUST-0088,2024-10,3.8,1,1
CUST-0088,2024-11,5.1,1,0
CUST-0088,2024-12,8.4,3,1
CUST-0088,2025-01,11.1,2,0
CUST-0088,2025-02,,2,0
CUST-0088,2025-03,9.7,2,0
CUST-0088,2025-04,18.4,4,1
CUST-0088,2025-05,9.5,1,1
CUST-0089,2023-09,21.1,9,0
CUST-0089,2023-10,24.8,7,1
CUST-0089,2023-11,15.2,3,1
CUST-0089,2023-12,23.2,7,0
CUST-0089,2024-01,22.9,4,2
CUST-0089,2024-02,19.9,6,0
CUST-0089,2024-03,15.5,3,0
CUST-0089,2024-04,12.8,5,0
CUST-0089,2024-05,11.7,2,0
CUST-0089,2024-06,18.0,6,0
CUST-0089,2024-07,17.8,6,1
CUST-0089,2024-08,20.3,10,0
CUST-0089,2024-09,13.4,4,0
CUST-0089,2024-10,20.9,5,0
CUST-0089,2024-11,16.2,4,0
CUST-0089,2024-12,20.0,8,2
CUST-0089,2025-01,22.4,6,0
CUST-0089,2025-02,26.7,7,0
CUST-0089,2025-03,22.9,6,0
CUST-0089,2025-04,22.3,8,1
CUST-0089,2025-05,26.0,6,0
CUST-0090,2023-07,28.7,9,0
CUST-0090,2023-08,26.4,5,0
CUST-0090,2023-09,26.2,8,2
CUST-0090,2023-10,29.1,6,1
CUST-0090,2023-11,25.1,7,0
CUST-0090,2023-12,22.3,7,1
CUST-0090,2024-01,23.9,4,0
CUST-0090,2024-02,13.4,5,2
CUST-0090,2024-03,18.2,3,1
CUST-0090,2024-04,15.9,7,1
CUST-0090,2024-05,12.2,4,1
CUST-0090,2024-06,15.1,5,0
CUST-0090,2024-07,10.6,5,0
CUST-0090,2024-08,12.2,6,1
CUST-0090,2024-09,10.2,4,1
CUST-0090,2024-10,1.2,1,0
CUST-0090,2024-11,0.4,1,4
CUST-0090,2024-12,15.2,3,1
CUST-0090,2025-01,6.7,1,1
CUST-0090,2025-02,4.9,1,0
CUST-0090,2025-03,,1,1
CUST-0090,2025-04,0.0,1,1
CUST-0090,2025-05,0.0,1,0
CUST-0091,2022-02,21.4,5,0
CUST-0091,2022-03,19.5,6,1
CUST-0091,2022-04,12.6,2,0
CUST-0091,2022-05,19.5,4,0
CUST-0091,2022-06,14.0,3,1
CUST-0091,2022-07,13.5,2,0
CUST-0091,2022-08,26.7,5,0
CUST-0091,2022-09,21.9,9,0
CUST-0091,2022-10,20.2,6,0
CUST-0091,2022-11,19.8,4,1
CUST-0091,2022-12,,6,1
CUST-0091,2023-01,18.1,4,0
CUST-0091,2023-02,16.1,4,0
CUST-0091,2023-03,22.8,6,1
CUST-0091,2023-04,13.1,3,1
CUST-0091,2023-05,22.6,4,0
CUST-0091,2023-06,24.1,9,0
CUST-0091,2023-07,24.7,6,0
CUST-0091,2023-08,17.6,5,0
CUST-0091,2023-09,19.4,6,0
CUST-0091,2023-10,17.0,3,0
CUST-0091,2023-11,27.9,12,0
CUST-0091,2023-12,24.3,7,0
CUST-0091,2024-01,15.5,5,1
CUST-0091,2024-02,19.7,6,0
CUST-0091,2024-03,19.9,8,1
CUST-0091,2024-04,21.9,5,0
CUST-0091,2024-05,20.8,5,0
CUST-0091,2024-06,20.6,9,0
CUST-0091,2024-07,21.6,5,0
CUST-0091,2024-08,26.8,11,0
CUST-0092,2023-10,19.4,3,1
CUST-0092,2023-11,10.1,3,2
CUST-0092,2023-12,10.2,2,1
CUST-0092,2024-01,10.9,2,0
CUST-0092,2024-02,13.9,3,1
CUST-0092,2024-03,3.5,1,0
CUST-0092,2024-04,7.8,2,1
CUST-0092,2024-05,8.8,1,0
CUST-0092,2024-06,16.5,4,0
CUST-0092,2024-07,13.6,3,0
CUST-0092,2024-08,11.1,4,0
CUST-0092,2024-09,15.0,3,1
CUST-0092,2024-10,13.4,4,0
CUST-0092,2024-11,10.3,3,0
CUST-0092,2024-12,12.0,4,0
CUST-0092,2025-01,12.5,3,2
CUST-0092,2025-02,10.0,3,2
CUST-0092,2025-03,11.2,4,0
CUST-0092,2025-04,9.4,3,1
CUST-0092,2025-05,10.4,4,0
CUST-0093,2023-03,27.6,7,0
CUST-0093,2023-04,20.4,5,3
CUST-0093,2023-05,19.2,5,1
CUST-0093,2023-06,14.8,6,1
CUST-0093,2023-07,13.2,3,2
CUST-0093,2023-08,16.1,6,0
CUST-0093,2023-09,10.0,4,0
CUST-0093,2023-10,13.8,5,2
CUST-0093,2023-11,14.0,3,2
CUST-0093,2023-12,7.6,1,0
CUST-0093,2024-01,1.1,1,1
CUST-0093,2024-02,14.4,3,2
CUST-0093,2024-03,6.5,1,1
CUST-0093,2024-04,0.0,1,3
CUST-0093,2024-05,15.1,3,3
CUST-0093,2024-06,12.2,2,3
CUST-0093,2024-07,4.0,1,2
CUST-0093,2024-08,10.2,3,3
CUST-0093,2024-09,0.0,1,1
CUST-0093,2024-10,0.0,1,6
CUST-0093,2024-11,0.0,1,0
CUST-0093,2024-12,0.0,1,0
CUST-0093,2025-01,0.0,1,3
CUST-0093,2025-02,0.0,1,1
CUST-0093,2025-03,0.0,1,0
CUST-0093,2025-04,3.1,1,0
CUST-0093,2025-05,0.0,1,2
CUST-0094,2022-03,11.2,3,1
CUST-0094,2022-04,12.7,5,1
CUST-0094,2022-05,11.4,2,2
CUST-0094,2022-06,15.0,3,1
CUST-0094,2022-07,,3,1
CUST-0094,2022-08,4.7,1,1
CUST-0094,2022-09,8.1,2,0
CUST-0094,2022-10,12.0,5,1
CUST-0094,2022-11,12.7,3,1
CUST-0094,2022-12,11.6,4,0
CUST-0094,2023-01,14.2,4,1
CUST-0094,2023-02,13.1,5,0
CUST-0094,2023-03,9.5,2,1
CUST-0094,2023-04,15.4,4,0
CUST-0094,2023-05,9.0,2,0
CUST-0094,2023-06,11.1,3,0
CUST-0094,2023-07,12.9,3,0
CUST-0094,2023-08,11.5,3,0
CUST-0094,2023-09,10.5,2,1
CUST-0094,2023-10,15.6,3,1
CUST-0094,2023-11,10.7,2,0
CUST-0094,2023-12,5.5,2,1
CUST-0094,2024-01,11.7,2,0
CUST-0094,2024-02,8.5,3,1
CUST-0094,2024-03,8.8,2,1
CUST-0094,2024-04,10.2,3,1
CUST-0094,2024-05,10.6,5,0
CUST-0094,2024-06,6.0,2,0
CUST-0094,2024-07,10.3,3,0
CUST-0094,2024-08,16.7,3,0
CUST-0094,2024-09,10.4,3,0
CUST-0095,2022-08,20.1,4,1
CUST-0095,2022-09,18.8,3,1
CUST-0095,2022-10,19.6,4,0
CUST-0095,2022-11,18.7,8,1
CUST-0095,2022-12,17.4,3,1
CUST-0095,2023-01,17.9,3,0
CUST-0095,2023-02,20.5,9,1
CUST-0095,2023-03,23.0,6,0
CUST-0095,2023-04,18.2,4,0
CUST-0095,2023-05,20.7,8,1
CUST-0095,2023-06,14.8,4,0
CUST-0095,2023-07,18.3,4,1
CUST-0095,2023-08,15.3,3,0
CUST-0095,2023-09,15.7,6,0
CUST-0095,2023-10,16.6,3,1
CUST-0095,2023-11,15.1,4,0
CUST-0095,2023-12,14.7,4,1
CUST-0095,2024-01,18.4,6,1
CUST-0095,2024-02,12.6,3,0
CUST-0095,2024-03,17.6,5,0
CUST-0095,2024-04,19.5,5,0
CUST-0095,2024-05,21.3,5,0
CUST-0095,2024-06,15.3,3,0
CUST-0095,2024-07,15.5,4,0
CUST-0095,2024-08,19.1,4,1
CUST-0095,2024-09,14.2,3,0
CUST-0095,2024-10,15.2,4,0
CUST-0095,2024-11,17.3,3,0
CUST-0095,2024-12,15.9,6,0
CUST-0095,2025-01,15.3,6,0
CUST-0095,2025-02,20.0,7,0
CUST-0096,2023-05,16.0,3,0
CUST-0096,2023-06,13.2,3,2
CUST-0096,2023-07,10.3,3,1
CUST-0096,2023-08,5.3,2,0
CUST-0096,2023-09,14.4,5,1
CUST-0096,2023-10,16.3,4,0
CUST-0096,2023-11,14.4,3,0
CUST-0096,2023-12,13.7,6,0
CUST-0096,2024-01,10.8,3,0
CUST-0096,2024-02,17.0,4,0
CUST-0096,2024-03,13.4,4,2
CUST-0096,2024-04,3.5,1,0
CUST-0096,2024-05,13.7,2,0
CUST-0096,2024-06,13.2,3,0
CUST-0096,2024-07,8.3,3,1
CUST-0096,2024-08,13.2,6,0
CUST-0096,2024-09,16.2,4,0
CUST-0096,2024-10,6.7,2,0
CUST-0096,2024-11,7.0,3,0
CUST-0096,2024-12,12.2,3,1
CUST-0096,2025-01,6.9,2,1
CUST-0096,2025-02,9.9,3,1
CUST-0096,2025-03,14.8,5,0
CUST-0096,2025-04,16.3,3,1
CUST-0096,2025-05,10.9,2,0
CUST-0097,2023-10,31.2,9,1
CUST-0097,2023-11,29.7,6,0
CUST-0097,2023-12,24.0,5,0
CUST-0097,2024-01,23.2,5,0
CUST-0097,2024-02,21.1,4,3
CUST-0097,2024-03,18.7,4,1
CUST-0097,2024-04,17.0,4,1
CUST-0097,2024-05,19.2,6,1
CUST-0097,2024-06,19.8,6,0
CUST-0097,2024-07,16.1,6,1
CUST-0097,2024-08,16.4,5,2
CUST-0097,2024-09,7.2,1,2
CUST-0097,2024-10,10.3,2,3
CUST-0097,2024-11,0.0,1,1
CUST-0097,2024-12,6.1,1,1
CUST-0097,2025-01,12.4,3,0
CUST-0097,2025-02,19.0,6,2
CUST-0097,2025-03,7.6,2,0
CUST-0097,2025-04,0.0,1,0
CUST-0097,2025-05,7.1,3,1
CUST-0098,2023-04,7.7,3,0
CUST-0098,2023-05,8.6,3,3
CUST-0098,2023-06,4.6,1,3
CUST-0098,2023-07,4.4,1,0
CUST-0098,2023-08,6.7,2,2
CUST-0098,2023-09,5.3,1,0
CUST-0098,2023-10,4.5,1,0
CUST-0098,2023-11,0.0,1,0
CUST-0098,2023-12,9.8,2,0
CUST-0098,2024-01,10.0,4,0
CUST-0098,2024-02,0.0,1,1
CUST-0098,2024-03,0.0,1,1
CUST-0098,2024-04,1.2,1,1
CUST-0098,2024-05,6.4,1,2
CUST-0098,2024-06,0.0,1,2
CUST-0098,2024-07,0.0,1,3
CUST-0098,2024-08,0.0,1,0
CUST-0098,2024-09,0.0,1,0
CUST-0098,2024-10,0.0,1,4
CUST-0098,2024-11,0.0,1,0
CUST-0098,2024-12,0.0,1,1
CUST-0098,2025-01,0.0,1,1
CUST-0098,2025-02,0.0,1,1
CUST-0098,2025-03,0.0,1,2
CUST-0098,2025-04,0.0,1,1
CUST-0098,2025-05,0.0,1,1
CUST-0099,2023-07,11.5,5,1
CUST-0099,2023-08,8.8,3,0
CUST-0099,2023-09,9.8,2,0
CUST-0099,2023-10,10.1,3,0
CUST-0099,2023-11,14.0,3,1
CUST-0099,2023-12,13.6,4,0
CUST-0099,2024-01,7.3,1,0
CUST-0099,2024-02,15.1,5,0
CUST-0099,2024-03,12.0,3,1
CUST-0099,2024-04,11.7,2,4
CUST-0099,2024-05,13.5,2,0
CUST-0099,2024-06,10.3,3,1
CUST-0099,2024-07,15.4,6,1
CUST-0099,2024-08,11.1,4,1
CUST-0099,2024-09,3.5,1,0
CUST-0099,2024-10,8.6,2,0
CUST-0099,2024-11,7.5,1,1
CUST-0099,2024-12,10.8,2,0
CUST-0099,2025-01,14.1,4,0
CUST-0099,2025-02,,3,0
CUST-0099,2025-03,15.3,4,0
CUST-0099,2025-04,12.7,3,0
CUST-0099,2025-05,9.4,2,1
CUST-0100,2024-02,29.4,13,1
CUST-0100,2024-03,34.8,8,2
CUST-0100,2024-04,,5,0
CUST-0100,2024-05,27.0,12,0
CUST-0100,2024-06,24.3,5,1
CUST-0100,2024-07,19.6,5,1
CUST-0100,2024-08,23.1,8,3
CUST-0100,2024-09,19.5,4,2
CUST-0100,2024-10,16.9,3,0
CUST-0100,2024-11,20.4,5,1
CUST-0100,2024-12,6.6,1,3
CUST-0100,2025-01,18.2,5,3
CUST-0100,2025-02,14.0,5,3
CUST-0100,2025-03,11.8,5,3
CUST-0100,2025-04,22.0,7,1
CUST-0100,2025-05,15.1,7,0
CUST-0101,2023-09,19.3,8,0
CUST-0101,2023-10,24.9,10,0
CUST-0101,2023-11,21.9,5,0
CUST-0101,2023-12,16.5,6,0
CUST-0101,2024-01,21.4,5,0
CUST-0101,2024-02,23.5,5,0
CUST-0101,2024-03,20.3,6,0
CUST-0101,2024-04,20.9,7,0
CUST-0101,2024-05,18.9,7,0
CUST-0101,2024-06,21.8,10,0
CUST-0101,2024-07,21.3,4,1
CUST-0101,2024-08,,5,2
CUST-0101,2024-09,19.1,5,1
CUST-0101,2024-10,19.0,4,0
CUST-0101,2024-11,19.5,7,0
CUST-0101,2024-12,16.9,3,1
CUST-0101,2025-01,17.0,7,0
CUST-0101,2025-02,20.0,5,0
CUST-0101,2025-03,25.0,5,0
CUST-0101,2025-04,19.7,4,1
CUST-0101,2025-05,19.8,4,1
CUST-0102,2022-11,26.5,8,0
CUST-0102,2022-12,22.6,6,2
CUST-0102,2023-01,26.5,11,1
CUST-0102,2023-02,29.5,6,0
CUST-0102,2023-03,29.7,9,0
CUST-0102,2023-04,27.2,6,0
CUST-0102,2023-05,25.0,5,2
CUST-0102,2023-06,32.7,8,0
CUST-0102,2023-07,30.4,8,1
CUST-0102,2023-08,25.5,8,1
CUST-0102,2023-09,27.6,8,0
CUST-0102,2023-10,22.8,8,0
CUST-0102,2023-11,26.5,5,1
CUST-0102,2023-12,20.1,4,0
CUST-0102,2024-01,26.1,8,0
CUST-0102,2024-02,28.0,12,1
CUST-0102,2024-03,26.8,6,0
CUST-0102,2024-04,29.0,5,0
CUST-0102,2024-05,24.9,12,1
CUST-0102,2024-06,24.3,5,0
CUST-0102,2024-07,23.9,5,0
CUST-0102,2024-08,25.1,5,0
CUST-0102,2024-09,26.1,10,0
CUST-0102,2024-10,27.2,12,0
CUST-0102,2024-11,27.4,7,0
CUST-0102,2024-12,28.4,7,0
CUST-0102,2025-01,26.5,10,0
CUST-0102,2025-02,22.6,4,1
CUST-0102,2025-03,30.4,12,0
CUST-0102,2025-04,26.9,11,0
CUST-0102,2025-05,30.6,14,0
CUST-0103,2023-08,20.8,4,0
CUST-0103,2023-09,24.3,7,0
CUST-0103,2023-10,25.8,5,0
CUST-0103,2023-11,28.8,13,0
CUST-0103,2023-12,20.8,9,4
CUST-0103,2024-01,17.4,3,4
CUST-0103,2024-02,25.7,6,2
CUST-0103,2024-03,21.2,5,1
CUST-0103,2024-04,14.9,6,2
CUST-0103,2024-05,18.4,5,3
CUST-0103,2024-06,27.9,10,1
CUST-0103,2024-07,13.1,5,0
CUST-0103,2024-08,8.2,2,1
CUST-0103,2024-09,5.6,1,0
CUST-0103,2024-10,10.5,2,0
CUST-0103,2024-11,10.8,4,0
CUST-0103,2024-12,5.9,1,3
CUST-0103,2025-01,16.8,4,0
CUST-0103,2025-02,7.8,2,0
CUST-0103,2025-03,0.0,1,2
CUST-0103,2025-04,20.2,4,0
CUST-0103,2025-05,23.6,7,2
CUST-0104,2023-06,27.7,12,0
CUST-0104,2023-07,25.9,8,0
CUST-0104,2023-08,24.5,5,0
CUST-0104,2023-09,22.8,4,2
CUST-0104,2023-10,25.2,11,1
CUST-0104,2023-11,23.3,9,2
CUST-0104,2023-12,28.6,10,0
CUST-0104,2024-01,26.6,7,0
CUST-0104,2024-02,23.6,5,0
CUST-0104,2024-03,24.9,9,0
CUST-0104,2024-04,21.2,9,1
CUST-0104,2024-05,23.6,6,0
CUST-0104,2024-06,28.9,6,1
CUST-0104,2024-07,26.5,10,2
CUST-0104,2024-08,30.5,7,0
CUST-0104,2024-09,21.7,4,0
CUST-0104,2024-10,22.5,8,0
CUST-0104,2024-11,16.4,5,2
CUST-0104,2024-12,25.4,5,0
CUST-0104,2025-01,25.3,6,0
CUST-0104,2025-02,24.5,10,2
CUST-0104,2025-03,28.2,7,1
CUST-0104,2025-04,24.4,7,0
CUST-0104,2025-05,23.8,6,2
CUST-0105,2022-04,32.0,13,2
CUST-0105,2022-05,29.9,12,2
CUST-0105,2022-06,19.9,4,0
CUST-0105,2022-07,30.6,8,3
CUST-0105,2022-08,17.9,4,1
CUST-0105,2022-09,17.9,4,1
CUST-0105,2022-10,23.4,6,0
CUST-0105,2022-11,14.6,3,2
CUST-0105,2022-12,16.9,6,1
CUST-0105,2023-01,21.7,5,1
CUST-0105,2023-02,20.1,6,2
CUST-0105,2023-03,9.9,2,1
CUST-0105,2023-04,9.1,3,1
CUST-0105,2023-05,3.4,1,2
CUST-0105,2023-06,0.0,1,1
CUST-0105,2023-07,0.4,1,1
CUST-0105,2023-08,0.0,1,3
CUST-0105,2023-09,7.8,2,1
CUST-0105,2023-10,0.0,1,1
CUST-0105,2023-11,0.0,1,1
CUST-0105,2023-12,0.0,1,1
CUST-0105,2024-01,7.8,1,2
CUST-0105,2024-02,0.0,1,1
CUST-0105,2024-03,11.9,5,1
CUST-0105,2024-04,1.5,1,0
CUST-0105,2024-05,6.7,1,3
CUST-0105,2024-06,11.8,4,0
CUST-0105,2024-07,0.0,1,1
CUST-0105,2024-08,,1,0
CUST-0105,2024-09,0.0,1,2
CUST-0105,2024-10,12.9,6,3
CUST-0106,2022-02,28.3,5,1
CUST-0106,2022-03,26.1,5,1
CUST-0106,2022-04,26.7,8,0
CUST-0106,2022-05,32.2,13,0
CUST-0106,2022-06,28.6,7,1
CUST-0106,2022-07,28.8,13,0
CUST-0106,2022-08,29.1,6,1
CUST-0106,2022-09,24.4,7,0
CUST-0106,2022-10,20.7,5,0
CUST-0106,2022-11,29.7,9,1
CUST-0106,2022-12,24.5,8,0
CUST-0106,2023-01,21.7,5,0
CUST-0106,2023-02,32.5,13,0
CUST-0106,2023-03,26.5,5,0
CUST-0106,2023-04,24.5,7,0
CUST-0106,2023-05,24.6,4,0
CUST-0106,2023-06,26.4,7,1
CUST-0106,2023-07,28.3,7,0
CUST-0106,2023-08,32.2,11,0
CUST-0106,2023-09,31.7,8,0
CUST-0106,2023-10,30.6,13,0
CUST-0106,2023-11,30.5,14,0
CUST-0106,2023-12,24.3,6,1
CUST-0106,2024-01,27.5,6,0
CUST-0106,2024-02,28.9,6,0
CUST-0106,2024-03,29.5,10,1
CUST-0106,2024-04,26.7,5,0
CUST-0106,2024-05,26.3,7,1
CUST-0106,2024-06,31.9,11,1
CUST-0106,2024-07,24.9,10,1
CUST-0106,2024-08,24.7,5,0
CUST-0107,2023-08,7.0,3,0
CUST-0107,2023-09,7.7,1,0
CUST-0107,2023-10,3.3,1,1
CUST-0107,2023-11,13.1,3,0
CUST-0107,2023-12,5.0,1,0
CUST-0107,2024-01,10.3,2,0
CUST-0107,2024-02,16.2,6,0
CUST-0107,2024-03,13.1,5,1
CUST-0107,2024-04,11.6,3,0
CUST-0107,2024-05,9.2,2,1
CUST-0107,2024-06,7.2,1,1
CUST-0107,2024-07,13.4,4,0
CUST-0107,2024-08,11.6,2,1
CUST-0107,2024-09,10.7,4,0
CUST-0107,2024-10,13.5,4,0
CUST-0107,2024-11,5.9,1,2
CUST-0107,2024-12,2.2,1,0
CUST-0107,2025-01,6.1,2,0
CUST-0107,2025-02,7.2,2,0
CUST-0107,2025-03,6.0,1,0
CUST-0107,2025-04,11.2,2,0
CUST-0107,2025-05,4.7,1,0
CUST-0108,2022-12,7.1,1,0
CUST-0108,2023-01,11.4,5,0
CUST-0108,2023-02,10.3,2,0
CUST-0108,2023-03,7.1,1,2
CUST-0108,2023-04,13.0,3,0
CUST-0108,2023-05,8.2,2,0
CUST-0108,2023-06,1.2,1,0
CUST-0108,2023-07,0.0,1,0
CUST-0108,2023-08,0.0,1,1
CUST-0108,2023-09,0.0,1,1
CUST-0108,2023-10,0.0,1,1
CUST-0108,2023-11,0.0,1,2
CUST-0108,2023-12,,1,2
CUST-0108,2024-01,0.0,1,0
CUST-0108,2024-02,0.0,1,1
CUST-0108,2024-03,1.0,1,1
CUST-0108,2024-04,0.0,1,2
CUST-0108,2024-05,0.0,1,0
CUST-0108,2024-06,0.0,1,2
CUST-0108,2024-07,0.0,1,0
CUST-0108,2024-08,0.0,1,1
CUST-0108,2024-09,0.0,1,2
CUST-0108,2024-10,0.0,1,1
CUST-0108,2024-11,0.0,1,2
CUST-0108,2024-12,0.0,1,5
CUST-0108,2025-01,0.0,1,4
CUST-0108,2025-02,0.0,1,0
CUST-0108,2025-03,0.0,1,0
CUST-0108,2025-04,0.0,1,0
CUST-0108,2025-05,,1,2
CUST-0109,2023-06,10.4,2,4
CUST-0109,2023-07,9.2,2,1
CUST-0109,2023-08,2.5,1,0
CUST-0109,2023-09,5.9,1,0
CUST-0109,2023-10,2.6,1,2
CUST-0109,2023-11,0.0,1,1
CUST-0109,2023-12,0.0,1,1
CUST-0109,2024-01,2.4,1,0
CUST-0109,2024-02,0.0,1,2
CUST-0109,2024-03,7.3,1,0
CUST-0109,2024-04,0.0,1,2
CUST-0109,2024-05,0.0,1,0
CUST-0109,2024-06,2.2,1,3
CUST-0109,2024-07,0.0,1,0
CUST-0109,2024-08,0.0,1,1
CUST-0109,2024-09,0.0,1,0
CUST-0109,2024-10,0.0,1,0
CUST-0109,2024-11,0.7,1,0
CUST-0109,2024-12,7.0,1,0
CUST-0109,2025-01,0.0,1,1
CUST-0109,2025-02,0.0,1,1
CUST-0109,2025-03,0.0,1,3
CUST-0109,2025-04,0.0,1,0
CUST-0109,2025-05,0.0,1,0
CUST-0110,2022-10,14.5,3,3
CUST-0110,2022-11,,2,0
CUST-0110,2022-12,7.8,2,2
CUST-0110,2023-01,11.0,2,3
CUST-0110,2023-02,7.0,1,4
CUST-0110,2023-03,6.0,1,0
CUST-0110,2023-04,3.0,1,1
CUST-0110,2023-05,0.0,1,2
CUST-0110,2023-06,2.6,1,2
CUST-0110,2023-07,0.7,1,1
CUST-0110,2023-08,3.9,1,0
CUST-0110,2023-09,0.0,1,0
CUST-0110,2023-10,0.0,1,2
CUST-0110,2023-11,0.0,1,2
CUST-0110,2023-12,0.0,1,1
CUST-0110,2024-01,0.0,1,1
CUST-0110,2024-02,0.5,1,2
CUST-0110,2024-03,0.0,1,3
CUST-0110,2024-04,0.0,1,0
CUST-0110,2024-05,0.0,1,3
CUST-0110,2024-06,0.0,1,3
CUST-0110,2024-07,0.0,1,0
CUST-0110,2024-08,0.0,1,1
CUST-0110,2024-09,0.0,1,0
CUST-0110,2024-10,0.0,1,1
CUST-0110,2024-11,0.0,1,0
CUST-0110,2024-12,0.0,1,2
CUST-0110,2025-01,0.0,1,4
CUST-0110,2025-02,0.0,1,2
CUST-0110,2025-03,0.0,1,2
CUST-0110,2025-04,0.0,1,1
CUST-0111,2022-07,26.9,9,1
CUST-0111,2022-08,21.3,6,0
CUST-0111,2022-09,28.1,7,0
CUST-0111,2022-10,24.7,8,0
CUST-0111,2022-11,22.3,6,0
CUST-0111,2022-12,24.9,11,1
CUST-0111,2023-01,29.5,6,0
CUST-0111,2023-02,,10,1
CUST-0111,2023-03,24.3,8,1
CUST-0111,2023-04,23.5,6,1
CUST-0111,2023-05,19.3,7,0
CUST-0111,2023-06,23.0,5,1
CUST-0111,2023-07,26.2,5,1
CUST-0111,2023-08,18.5,3,1
CUST-0111,2023-09,21.3,4,1
CUST-0111,2023-10,25.8,8,0
CUST-0111,2023-11,27.5,13,0
CUST-0111,2023-12,25.5,7,0
CUST-0111,2024-01,22.6,4,1
CUST-0111,2024-02,23.6,10,0
CUST-0111,2024-03,18.5,4,0
CUST-0111,2024-04,23.1,5,0
CUST-0111,2024-05,27.7,5,0
CUST-0111,2024-06,25.1,11,0
CUST-0111,2024-07,23.1,7,0
CUST-0111,2024-08,21.0,5,0
CUST-0111,2024-09,28.2,8,0
CUST-0111,2024-10,20.4,5,0
CUST-0111,2024-11,23.5,5,1
CUST-0111,2024-12,19.5,5,0
CUST-0111,2025-01,23.2,5,1
CUST-0112,2022-05,29.2,6,1
CUST-0112,2022-06,25.2,6,1
CUST-0112,2022-07,32.5,9,3
CUST-0112,2022-08,29.0,7,2
CUST-0112,2022-09,20.6,4,1
CUST-0112,2022-10,24.3,8,0
CUST-0112,2022-11,22.8,6,0
CUST-0112,2022-12,26.2,12,0
CUST-0112,2023-01,28.1,5,1
CUST-0112,2023-02,22.8,4,1
CUST-0112,2023-03,22.6,9,0
CUST-0112,2023-04,27.4,7,0
CUST-0112,2023-05,29.0,7,0
CUST-0112,2023-06,32.6,13,1
CUST-0112,2023-07,24.3,7,0
CUST-0112,2023-08,27.1,7,1
CUST-0112,2023-09,27.9,8,0
CUST-0112,2023-10,27.1,5,0
CUST-0112,2023-11,,7,0
CUST-0112,2023-12,26.9,7,1
CUST-0112,2024-01,26.5,12,0
CUST-0112,2024-02,31.2,10,0
CUST-0112,2024-03,25.4,8,0
CUST-0112,2024-04,25.5,5,0
CUST-0112,2024-05,26.6,12,0
CUST-0112,2024-06,24.5,6,0
CUST-0112,2024-07,28.2,11,0
CUST-0112,2024-08,22.5,5,0
CUST-0112,2024-09,28.2,9,0
CUST-0112,2024-10,28.7,10,0
CUST-0112,2024-11,28.6,10,1
CUST-0113,2022-12,24.7,10,0
CUST-0113,2023-01,21.2,4,1
CUST-0113,2023-02,22.2,5,1
CUST-0113,2023-03,17.7,4,1
CUST-0113,2023-04,22.3,4,1
CUST-0113,2023-05,,5,1
CUST-0113,2023-06,23.2,5,0
CUST-0113,2023-07,18.4,4,0
CUST-0113,2023-08,23.6,6,0
CUST-0113,2023-09,20.5,5,0
CUST-0113,2023-10,16.4,3,0
CUST-0113,2023-11,22.7,6,0
CUST-0113,2023-12,20.7,4,0
CUST-0113,2024-01,21.1,6,0
CUST-0113,2024-02,19.7,6,0
CUST-0113,2024-03,20.3,5,0
CUST-0113,2024-04,19.3,8,0
CUST-0113,2024-05,19.8,5,2
CUST-0113,2024-06,20.4,6,0
CUST-0113,2024-07,20.2,5,1
CUST-0113,2024-08,27.4,8,0
CUST-0113,2024-09,25.8,10,1
CUST-0113,2024-10,20.1,5,0
CUST-0113,2024-11,25.0,9,0
CUST-0113,2024-12,22.2,4,0
CUST-0113,2025-01,,5,1
CUST-0113,2025-02,17.4,7,0
CUST-0113,2025-03,18.7,6,0
CUST-0113,2025-04,24.6,5,0
CUST-0113,2025-05,18.8,8,1
CUST-0114,2024-01,13.1,2,0
CUST-0114,2024-02,11.6,4,0
CUST-0114,2024-03,11.9,5,0
CUST-0114,2024-04,15.1,5,0
CUST-0114,2024-05,15.2,3,0
CUST-0114,2024-06,14.2,5,2
CUST-0114,2024-07,18.8,5,0
CUST-0114,2024-08,18.3,4,0
CUST-0114,2024-09,13.6,2,1
CUST-0114,2024-10,15.9,4,1
CUST-0114,2024-11,16.3,5,0
CUST-0114,2024-12,12.1,2,1
CUST-0114,2025-01,12.6,5,2
CUST-0114,2025-02,13.7,3,0
CUST-0114,2025-03,11.2,2,0
CUST-0114,2025-04,13.3,4,0
CUST-0114,2025-05,17.4,7,0
CUST-0115,2022-12,21.0,5,0
CUST-0115,2023-01,19.1,4,0
CUST-0115,2023-02,16.4,4,0
CUST-0115,2023-03,9.3,1,1
CUST-0115,2023-04,14.0,3,0
CUST-0115,2023-05,16.7,5,1
CUST-0115,2023-06,22.1,9,1
CUST-0115,2023-07,10.7,3,0
CUST-0115,2023-08,19.5,5,0
CUST-0115,2023-09,22.2,8,0
CUST-0115,2023-10,22.3,4,0
CUST-0115,2023-11,19.2,5,1
CUST-0115,2023-12,24.9,5,0
CUST-0115,2024-01,11.5,4,1
CUST-0115,2024-02,14.1,7,0
CUST-0115,2024-03,19.2,6,1
CUST-0115,2024-04,20.5,4,0
CUST-0115,2024-05,21.5,10,0
CUST-0115,2024-06,12.8,2,0
CUST-0115,2024-07,21.2,5,0
CUST-0115,2024-08,12.4,2,1
CUST-0115,2024-09,21.9,4,0
CUST-0115,2024-10,15.7,3,0
CUST-0115,2024-11,23.0,7,0
CUST-0115,2024-12,23.3,10,1
CUST-0115,2025-01,18.8,4,0
CUST-0115,2025-02,15.0,3,0
CUST-0115,2025-03,18.5,3,1
CUST-0115,2025-04,22.5,7,1
CUST-0115,2025-05,12.4,2,2
CUST-0116,2022-12,,11,1
CUST-0116,2023-01,15.5,5,0
CUST-0116,2023-02,11.9,3,0
CUST-0116,2023-03,11.9,4,0
CUST-0116,2023-04,20.3,6,2
CUST-0116,2023-05,16.4,6,1
CUST-0116,2023-06,14.2,5,0
CUST-0116,2023-07,16.4,4,1
CUST-0116,2023-08,19.1,8,0
CUST-0116,2023-09,18.7,4,0
CUST-0116,2023-10,12.8,3,0
CUST-0116,2023-11,17.3,4,0
CUST-0116,2023-12,13.1,4,1
CUST-0116,2024-01,18.1,4,0
CUST-0116,2024-02,18.3,3,0
CUST-0116,2024-03,15.1,5,1
CUST-0116,2024-04,13.1,2,1
CUST-0116,2024-05,19.0,6,0
CUST-0116,2024-06,26.9,9,0
CUST-0116,2024-07,12.0,3,0
CUST-0116,2024-08,17.9,4,0
CUST-0116,2024-09,15.1,3,0
CUST-0116,2024-10,17.5,3,1
CUST-0116,2024-11,16.1,3,0
CUST-0116,2024-12,21.8,5,0
CUST-0116,2025-01,13.1,3,1
CUST-0116,2025-02,19.3,4,1
CUST-0116,2025-03,15.4,3,1
CUST-0116,2025-04,9.2,2,0
CUST-0116,2025-05,17.5,4,1
CUST-0117,2023-06,19.0,5,1
CUST-0117,2023-07,21.0,5,2
CUST-0117,2023-08,18.5,5,0
CUST-0117,2023-09,18.1,3,0
CUST-0117,2023-10,21.8,5,1
CUST-0117,2023-11,14.8,4,2
CUST-0117,2023-12,19.8,6,0
CUST-0117,2024-01,17.2,5,0
CUST-0117,2024-02,5.8,2,1
CUST-0117,2024-03,8.9,2,1
CUST-0117,2024-04,3.6,1,0
CUST-0117,2024-05,6.4,3,1
CUST-0117,2024-06,7.3,3,2
CUST-0117,2024-07,14.8,3,1
CUST-0117,2024-08,0.0,1,1
CUST-0117,2024-09,13.5,4,0
CUST-0117,2024-10,0.0,1,3
CUST-0117,2024-11,0.0,1,1
CUST-0117,2024-12,8.7,3,0
CUST-0117,2025-01,0.0,1,0
CUST-0117,2025-02,0.0,1,0
CUST-0117,2025-03,0.0,1,2
CUST-0117,2025-04,2.7,1,1
CUST-0117,2025-05,9.2,2,2
CUST-0118,2024-05,16.1,7,1
CUST-0118,2024-06,20.2,4,0
CUST-0118,2024-07,18.3,6,0
CUST-0118,2024-08,16.1,4,2
CUST-0118,2024-09,16.6,4,0
CUST-0118,2024-10,17.7,4,1
CUST-0118,2024-11,22.9,5,0
CUST-0118,2024-12,15.7,3,0
CUST-0118,2025-01,14.9,3,1
CUST-0118,2025-02,19.1,8,1
CUST-0118,2025-03,16.7,4,0
CUST-0118,2025-04,16.7,3,1
CUST-0118,2025-05,18.2,4,0
CUST-0119,2022-12,27.4,9,1
CUST-0119,2023-01,,9,0
CUST-0119,2023-02,23.9,4,0
CUST-0119,2023-03,29.0,8,0
CUST-0119,2023-04,19.3,4,0
CUST-0119,2023-05,24.5,6,0
CUST-0119,2023-06,26.9,7,0
CUST-0119,2023-07,28.4,5,0
CUST-0119,2023-08,,11,0
CUST-0119,2023-09,26.6,9,0
CUST-0119,2023-10,27.0,7,0
CUST-0119,2023-11,24.5,5,1
CUST-0119,2023-12,25.1,5,1
CUST-0119,2024-01,20.6,7,1
CUST-0119,2024-02,29.2,5,0
CUST-0119,2024-03,25.7,5,1
CUST-0119,2024-04,26.0,7,0
CUST-0119,2024-05,28.8,6,0
CUST-0119,2024-06,30.3,6,1
CUST-0119,2024-07,34.0,8,0
CUST-0119,2024-08,22.6,4,0
CUST-0119,2024-09,26.4,5,1
CUST-0119,2024-10,19.3,4,0
CUST-0119,2024-11,25.2,5,0
CUST-0119,2024-12,23.1,7,0
CUST-0119,2025-01,23.9,9,0
CUST-0119,2025-02,24.6,8,0
CUST-0119,2025-03,23.6,8,2
CUST-0119,2025-04,27.0,6,0
CUST-0119,2025-05,29.2,5,2
CUST-0120,2023-06,8.2,1,1
CUST-0120,2023-07,4.5,1,0
CUST-0120,2023-08,8.8,3,3
CUST-0120,2023-09,10.0,2,0
CUST-0120,2023-10,8.9,2,0
CUST-0120,2023-11,11.2,2,2
CUST-0120,2023-12,9.8,4,0
CUST-0120,2024-01,7.6,1,0
CUST-0120,2024-02,5.1,1,1
CUST-0120,2024-03,6.6,2,0
CUST-0120,2024-04,8.6,3,0
CUST-0120,2024-05,10.6,3,3
CUST-0120,2024-06,13.5,2,2
CUST-0120,2024-07,6.1,1,1
CUST-0120,2024-08,6.9,1,0
CUST-0120,2024-09,12.6,4,0
CUST-0120,2024-10,12.8,5,0
CUST-0120,2024-11,8.7,2,0
CUST-0120,2024-12,6.6,1,0
CUST-0120,2025-01,9.6,2,0
CUST-0120,2025-02,9.8,3,1
CUST-0120,2025-03,7.8,2,0
CUST-0120,2025-04,3.6,1,0
CUST-0120,2025-05,5.7,1,0
CUST-0121,2023-01,19.8,4,1
CUST-0121,2023-02,25.9,6,0
CUST-0121,2023-03,20.9,4,0
CUST-0121,2023-04,17.6,5,0
CUST-0121,2023-05,28.4,10,1
CUST-0121,2023-06,21.5,5,0
CUST-0121,2023-07,,9,0
CUST-0121,2023-08,25.3,10,0
CUST-0121,2023-09,24.2,4,1
CUST-0121,2023-10,20.7,6,0
CUST-0121,2023-11,20.2,9,0
CUST-0121,2023-12,27.7,7,3
CUST-0121,2024-01,22.7,6,0
CUST-0121,2024-02,30.1,6,1
CUST-0121,2024-03,20.9,4,0
CUST-0121,2024-04,26.7,5,0
CUST-0121,2024-05,22.7,6,0
CUST-0121,2024-06,25.8,7,1
CUST-0121,2024-07,25.6,5,1
CUST-0121,2024-08,24.0,4,0
CUST-0121,2024-09,23.1,10,0
CUST-0121,2024-10,29.7,12,0
CUST-0121,2024-11,27.9,5,0
CUST-0121,2024-12,23.6,6,1
CUST-0121,2025-01,24.3,5,0
CUST-0121,2025-02,19.6,6,0
CUST-0121,2025-03,26.2,11,0
CUST-0121,2025-04,25.6,5,3
CUST-0121,2025-05,25.0,5,1
CUST-0122,2023-06,20.4,6,0
CUST-0122,2023-07,19.0,5,0
CUST-0122,2023-08,20.8,4,0
CUST-0122,2023-09,21.4,7,0
CUST-0122,2023-10,20.4,4,1
CUST-0122,2023-11,18.0,8,0
CUST-0122,2023-12,17.8,8,0
CUST-0122,2024-01,22.1,5,0
CUST-0122,2024-02,18.1,3,0
CUST-0122,2024-03,20.7,8,0
CUST-0122,2024-04,17.4,4,0
CUST-0122,2024-05,25.3,8,0
CUST-0122,2024-06,20.9,4,1
CUST-0122,2024-07,23.5,5,0
CUST-0122,2024-08,24.9,5,0
CUST-0122,2024-09,17.1,3,1
CUST-0122,2024-10,17.5,5,2
CUST-0122,2024-11,18.0,7,0
CUST-0122,2024-12,22.5,4,1
CUST-0122,2025-01,18.4,4,1
CUST-0122,2025-02,16.4,3,0
CUST-0122,2025-03,23.5,8,0
CUST-0122,2025-04,21.4,8,0
CUST-0122,2025-05,17.2,7,0
CUST-0123,2023-02,16.7,3,1
CUST-0123,2023-03,13.8,4,0
CUST-0123,2023-04,19.1,7,0
CUST-0123,2023-05,13.2,2,0
CUST-0123,2023-06,14.8,3,0
CUST-0123,2023-07,21.4,5,0
CUST-0123,2023-08,13.7,4,1
CUST-0123,2023-09,12.2,3,0
CUST-0123,2023-10,14.6,3,1
CUST-0123,2023-11,17.7,4,1
CUST-0123,2023-12,18.6,4,0
CUST-0123,2024-01,17.3,6,0
CUST-0123,2024-02,17.4,4,0
CUST-0123,2024-03,18.4,6,0
CUST-0123,2024-04,12.4,2,0
CUST-0123,2024-05,12.2,2,0
CUST-0123,2024-06,11.7,4,1
CUST-0123,2024-07,15.5,4,0
CUST-0123,2024-08,8.8,1,0
CUST-0123,2024-09,10.5,3,0
CUST-0123,2024-10,,2,0
CUST-0123,2024-11,13.3,5,1
CUST-0123,2024-12,20.7,4,2
CUST-0123,2025-01,11.2,3,0
CUST-0123,2025-02,11.0,5,1
CUST-0123,2025-03,17.8,5,0
CUST-0123,2025-04,20.3,8,0
CUST-0123,2025-05,12.3,3,0
CUST-0124,2023-07,10.0,2,0
CUST-0124,2023-08,9.7,2,0
CUST-0124,2023-09,7.9,1,1
CUST-0124,2023-10,11.2,2,0
CUST-0124,2023-11,11.8,5,0
CUST-0124,2023-12,11.5,3,0
CUST-0124,2024-01,11.1,2,0
CUST-0124,2024-02,11.3,3,2
CUST-0124,2024-03,10.1,2,0
CUST-0124,2024-04,11.5,2,0
CUST-0124,2024-05,13.4,2,0
CUST-0124,2024-06,8.1,2,0
CUST-0124,2024-07,2.7,1,1
CUST-0124,2024-08,10.9,4,0
CUST-0124,2024-09,9.3,2,0
CUST-0124,2024-10,13.7,6,0
CUST-0124,2024-11,8.5,3,0
CUST-0124,2024-12,10.4,2,0
CUST-0124,2025-01,10.6,4,0
CUST-0124,2025-02,9.1,4,0
CUST-0124,2025-03,9.8,2,0
CUST-0124,2025-04,10.4,3,0
CUST-0124,2025-05,11.7,2,0
CUST-0125,2023-05,21.6,7,1
CUST-0125,2023-06,29.6,7,2
CUST-0125,2023-07,23.8,9,0
CUST-0125,2023-08,28.4,6,0
CUST-0125,2023-09,24.6,5,0
CUST-0125,2023-10,28.1,8,1
CUST-0125,2023-11,23.6,10,0
CUST-0125,2023-12,19.9,4,1
CUST-0125,2024-01,27.2,6,0
CUST-0125,2024-02,29.7,14,0
CUST-0125,2024-03,24.1,5,0
CUST-0125,2024-04,28.3,9,0
CUST-0125,2024-05,28.7,6,2
CUST-0125,2024-06,26.0,5,1
CUST-0125,2024-07,28.6,7,0
CUST-0125,2024-08,27.0,7,0
CUST-0125,2024-09,23.6,7,0
CUST-0125,2024-10,26.0,12,1
CUST-0125,2024-11,29.8,9,0
CUST-0125,2024-12,24.8,8,1
CUST-0125,2025-01,25.9,9,0
CUST-0125,2025-02,25.4,8,0
CUST-0125,2025-03,25.8,8,0
CUST-0125,2025-04,29.7,6,0
CUST-0125,2025-05,31.6,13,0
CUST-0126,2023-09,14.2,4,0
CUST-0126,2023-10,15.2,4,0
CUST-0126,2023-11,15.5,7,0
CUST-0126,2023-12,18.3,3,0
CUST-0126,2024-01,13.2,3,1
CUST-0126,2024-02,14.5,3,0
CUST-0126,2024-03,8.6,3,3
CUST-0126,2024-04,17.1,3,0
CUST-0126,2024-05,12.9,3,0
CUST-0126,2024-06,10.0,3,0
CUST-0126,2024-07,17.8,7,0
CUST-0126,2024-08,14.0,6,0
CUST-0126,2024-09,7.8,3,0
CUST-0126,2024-10,10.8,3,0
CUST-0126,2024-11,10.3,3,0
CUST-0126,2024-12,16.5,5,1
CUST-0126,2025-01,15.0,5,0
CUST-0126,2025-02,16.5,5,0
CUST-0126,2025-03,9.7,4,2
CUST-0126,2025-04,16.8,3,0
CUST-0126,2025-05,16.8,5,0
CUST-0127,2024-05,16.3,6,0
CUST-0127,2024-06,11.4,4,0
CUST-0127,2024-07,15.2,5,0
CUST-0127,2024-08,,4,2
CUST-0127,2024-09,16.3,4,0
CUST-0127,2024-10,14.0,6,0
CUST-0127,2024-11,15.2,6,0
CUST-0127,2024-12,14.5,3,1
CUST-0127,2025-01,12.2,2,1
CUST-0127,2025-02,17.1,7,0
CUST-0127,2025-03,12.7,3,0
CUST-0127,2025-04,16.7,6,0
CUST-0127,2025-05,14.1,4,1
CUST-0128,2022-05,6.2,2,0
CUST-0128,2022-06,10.3,2,0
CUST-0128,2022-07,4.0,1,2
CUST-0128,2022-08,10.0,2,0
CUST-0128,2022-09,7.1,1,1
CUST-0128,2022-10,11.1,2,0
CUST-0128,2022-11,11.7,4,0
CUST-0128,2022-12,13.3,6,1
CUST-0128,2023-01,11.6,3,0
CUST-0128,2023-02,8.2,3,0
CUST-0128,2023-03,9.0,3,0
CUST-0128,2023-04,10.5,2,0
CUST-0128,2023-05,7.3,1,0
CUST-0128,2023-06,9.1,3,1
CUST-0128,2023-07,10.2,4,0
CUST-0128,2023-08,5.7,1,0
CUST-0128,2023-09,5.8,1,0
CUST-0128,2023-10,10.2,2,0
CUST-0128,2023-11,5.0,1,0
CUST-0128,2023-12,,3,1
CUST-0128,2024-01,7.0,1,1
CUST-0128,2024-02,10.4,2,1
CUST-0128,2024-03,7.7,2,0
CUST-0128,2024-04,5.1,1,1
CUST-0128,2024-05,7.8,2,2
CUST-0128,2024-06,11.3,5,0
CUST-0128,2024-07,8.4,1,1
CUST-0128,2024-08,11.9,4,2
CUST-0128,2024-09,10.0,2,1
CUST-0128,2024-10,7.4,2,1
CUST-0128,2024-11,13.1,2,0
CUST-0129,2023-05,30.4,11,0
CUST-0129,2023-06,29.9,8,0
CUST-0129,2023-07,32.9,15,0
CUST-0129,2023-08,30.0,8,1
CUST-0129,2023-09,29.1,7,0
CUST-0129,2023-10,31.2,9,0
CUST-0129,2023-11,27.8,7,0
CUST-0129,2023-12,34.2,7,0
CUST-0129,2024-01,29.9,6,1
CUST-0129,2024-02,28.7,13,0
CUST-0129,2024-03,31.0,14,0
CUST-0129,2024-04,22.0,7,0
CUST-0129,2024-05,30.0,10,0
CUST-0129,2024-06,33.7,7,0
CUST-0129,2024-07,23.8,5,2
CUST-0129,2024-08,30.9,6,0
CUST-0129,2024-09,29.1,6,0
CUST-0129,2024-10,27.8,7,1
CUST-0129,2024-11,32.0,10,0
CUST-0129,2024-12,,6,0
CUST-0129,2025-01,31.3,14,0
CUST-0129,2025-02,31.6,9,1
CUST-0129,2025-03,26.1,6,2
CUST-0129,2025-04,21.2,5,0
CUST-0129,2025-05,28.6,6,0
CUST-0130,2023-02,10.3,2,0
CUST-0130,2023-03,11.5,3,0
CUST-0130,2023-04,15.3,4,0
CUST-0130,2023-05,9.9,2,0
CUST-0130,2023-06,10.3,2,1
CUST-0130,2023-07,11.1,3,2
CUST-0130,2023-08,6.4,1,0
CUST-0130,2023-09,9.8,2,0
CUST-0130,2023-10,13.6,4,1
CUST-0130,2023-11,8.5,2,1
CUST-0130,2023-12,13.8,4,1
CUST-0130,2024-01,13.2,6,1
CUST-0130,2024-02,9.4,2,1
CUST-0130,2024-03,9.5,2,1
CUST-0130,2024-04,13.6,3,1
CUST-0130,2024-05,16.5,6,0
CUST-0130,2024-06,10.9,3,0
CUST-0130,2024-07,9.9,2,1
CUST-0130,2024-08,15.1,5,0
CUST-0130,2024-09,15.5,6,0
CUST-0130,2024-10,11.8,3,1
CUST-0130,2024-11,12.7,5,0
CUST-0130,2024-12,12.8,3,0
CUST-0130,2025-01,13.3,2,0
CUST-0130,2025-02,13.2,3,2
CUST-0130,2025-03,11.7,4,0
CUST-0130,2025-04,14.1,3,0
CUST-0130,2025-05,8.3,2,0
CUST-0131,2022-11,24.9,10,1
CUST-0131,2022-12,24.9,5,0
CUST-0131,2023-01,20.4,5,0
CUST-0131,2023-02,20.9,4,1
CUST-0131,2023-03,20.7,4,0
CUST-0131,2023-04,18.3,3,0
CUST-0131,2023-05,26.9,5,0
CUST-0131,2023-06,25.7,7,0
CUST-0131,2023-07,22.5,4,0
CUST-0131,2023-08,21.2,7,0
CUST-0131,2023-09,26.4,12,0
CUST-0131,2023-10,22.9,6,0
CUST-0131,2023-11,22.3,7,1
CUST-0131,2023-12,12.0,3,0
CUST-0131,2024-01,25.4,5,2
CUST-0131,2024-02,21.8,4,0
CUST-0131,2024-03,23.0,11,2
CUST-0131,2024-04,25.0,9,0
CUST-0131,2024-05,16.9,4,1
CUST-0131,2024-06,22.2,9,0
CUST-0131,2024-07,21.9,4,0
CUST-0131,2024-08,24.0,4,0
CUST-0131,2024-09,21.5,5,0
CUST-0131,2024-10,21.5,8,3
CUST-0131,2024-11,22.6,10,0
CUST-0131,2024-12,23.0,4,0
CUST-0131,2025-01,26.4,12,1
CUST-0131,2025-02,21.4,5,0
CUST-0131,2025-03,19.5,5,2
CUST-0131,2025-04,24.7,8,0
CUST-0131,2025-05,25.2,5,0
CUST-0132,2022-08,27.0,8,1
CUST-0132,2022-09,26.8,9,0
CUST-0132,2022-10,25.8,8,1
CUST-0132,2022-11,22.0,5,0
CUST-0132,2022-12,22.1,4,0
CUST-0132,2023-01,23.5,5,0
CUST-0132,2023-02,,6,0
CUST-0132,2023-03,29.0,14,0
CUST-0132,2023-04,20.8,9,0
CUST-0132,2023-05,28.9,8,0
CUST-0132,2023-06,25.2,12,0
CUST-0132,2023-07,16.6,4,0
CUST-0132,2023-08,26.6,6,0
CUST-0132,2023-09,23.1,8,1
CUST-0132,2023-10,28.8,11,0
CUST-0132,2023-11,21.6,5,0
CUST-0132,2023-12,23.2,7,0
CUST-0132,2024-01,18.7,7,0
CUST-0132,2024-02,14.6,3,0
CUST-0132,2024-03,20.6,9,0
CUST-0132,2024-04,22.7,5,0
CUST-0132,2024-05,29.3,5,1
CUST-0132,2024-06,22.5,9,1
CUST-0132,2024-07,25.8,8,0
CUST-0132,2024-08,15.0,3,1
CUST-0132,2024-09,21.4,4,1
CUST-0132,2024-10,28.4,10,0
CUST-0132,2024-11,24.1,8,0
CUST-0132,2024-12,,7,2
CUST-0132,2025-01,23.2,11,0
CUST-0132,2025-02,22.1,4,0
CUST-0133,2022-02,12.3,5,0
CUST-0133,2022-03,10.7,2,0
CUST-0133,2022-04,12.5,3,0
CUST-0133,2022-05,14.4,3,0
CUST-0133,2022-06,15.9,3,0
CUST-0133,2022-07,14.1,5,1
CUST-0133,2022-08,10.8,2,0
CUST-0133,2022-09,8.5,2,0
CUST-0133,2022-10,14.1,6,1
CUST-0133,2022-11,13.0,3,1
CUST-0133,2022-12,11.6,2,0
CUST-0133,2023-01,11.1,4,0
CUST-0133,2023-02,14.7,3,0
CUST-0133,2023-03,14.5,3,0
CUST-0133,2023-04,10.7,2,1
CUST-0133,2023-05,14.2,3,1
CUST-0133,2023-06,11.2,4,0
CUST-0133,2023-07,13.7,4,0
CUST-0133,2023-08,12.2,5,0
CUST-0133,2023-09,15.0,4,0
CUST-0133,2023-10,12.1,3,0
CUST-0133,2023-11,12.4,2,0
CUST-0133,2023-12,23.5,5,0
CUST-0133,2024-01,10.1,2,0
CUST-0133,2024-02,12.5,3,0
CUST-0133,2024-03,14.6,4,1
CUST-0133,2024-04,5.6,2,0
CUST-0133,2024-05,11.5,3,0
CUST-0133,2024-06,14.8,5,1
CUST-0133,2024-07,13.9,3,0
CUST-0133,2024-08,7.3,1,1
CUST-0134,2022-12,9.3,3,2
CUST-0134,2023-01,9.3,2,0
CUST-0134,2023-02,5.9,1,0
CUST-0134,2023-03,8.1,1,1
CUST-0134,2023-04,2.3,1,1
CUST-0134,2023-05,3.6,1,2
CUST-0134,2023-06,7.1,1,1
CUST-0134,2023-07,0.0,1,3
CUST-0134,2023-08,6.8,1,1
CUST-0134,2023-09,0.7,1,1
CUST-0134,2023-10,2.9,1,0
CUST-0134,2023-11,0.0,1,1
CUST-0134,2023-12,2.6,1,1
CUST-0134,2024-01,0.0,1,1
CUST-0134,2024-02,0.0,1,0
CUST-0134,2024-03,3.8,1,2
CUST-0134,2024-04,0.0,1,1
CUST-0134,2024-05,0.0,1,1
CUST-0134,2024-06,0.0,1,0
CUST-0134,2024-07,0.0,1,1
CUST-0134,2024-08,0.0,1,1
CUST-0134,2024-09,0.0,1,2
CUST-0134,2024-10,0.0,1,0
CUST-0134,2024-11,0.0,1,3
CUST-0134,2024-12,0.0,1,1
CUST-0134,2025-01,,1,1
CUST-0134,2025-02,0.0,1,0
CUST-0134,2025-03,0.0,1,0
CUST-0134,2025-04,0.0,1,1
CUST-0134,2025-05,0.0,1,1
CUST-0135,2024-01,31.0,8,0
CUST-0135,2024-02,,6,0
CUST-0135,2024-03,24.6,6,0
CUST-0135,2024-04,30.3,12,1
CUST-0135,2024-05,27.6,12,0
CUST-0135,2024-06,27.4,10,0
CUST-0135,2024-07,27.8,13,1
CUST-0135,2024-08,24.8,9,0
CUST-0135,2024-09,32.1,14,1
CUST-0135,2024-10,29.2,9,0
CUST-0135,2024-11,31.2,7,2
CUST-0135,2024-12,29.6,14,1
CUST-0135,2025-01,22.4,11,0
CUST-0135,2025-02,30.6,6,0
CUST-0135,2025-03,32.2,13,0
CUST-0135,2025-04,26.1,5,0
CUST-0135,2025-05,33.2,10,0
CUST-0136,2022-03,19.5,6,0
CUST-0136,2022-04,19.4,5,0
CUST-0136,2022-05,19.1,6,1
CUST-0136,2022-06,,10,0
CUST-0136,2022-07,16.2,3,2
CUST-0136,2022-08,15.5,3,0
CUST-0136,2022-09,,4,1
CUST-0136,2022-10,17.9,3,0
CUST-0136,2022-11,22.9,5,2
CUST-0136,2022-12,20.8,4,0
CUST-0136,2023-01,18.2,4,1
CUST-0136,2023-02,20.1,4,0
CUST-0136,2023-03,19.7,7,0
CUST-0136,2023-04,16.8,4,0
CUST-0136,2023-05,19.2,3,0
CUST-0136,2023-06,17.1,8,1
CUST-0136,2023-07,17.5,6,0
CUST-0136,2023-08,20.7,4,1
CUST-0136,2023-09,18.9,5,0
CUST-0136,2023-10,18.9,7,0
CUST-0136,2023-11,19.0,4,1
CUST-0136,2023-12,21.6,4,1
CUST-0136,2024-01,16.8,5,1
CUST-0136,2024-02,21.6,4,0
CUST-0136,2024-03,17.1,4,1
CUST-0136,2024-04,19.0,4,0
CUST-0136,2024-05,20.4,9,1
CUST-0136,2024-06,24.5,6,1
CUST-0136,2024-07,23.0,5,1
CUST-0136,2024-08,12.2,4,0
CUST-0136,2024-09,20.0,8,0
CUST-0137,2023-01,26.1,6,0
CUST-0137,2023-02,22.5,6,0
CUST-0137,2023-03,22.5,8,0
CUST-0137,2023-04,26.9,6,1
CUST-0137,2023-05,23.1,8,0
CUST-0137,2023-06,28.6,8,0
CUST-0137,2023-07,23.2,5,0
CUST-0137,2023-08,24.8,5,0
CUST-0137,2023-09,20.5,5,0
CUST-0137,2023-10,18.4,4,0
CUST-0137,2023-11,,11,1
CUST-0137,2023-12,19.5,5,0
CUST-0137,2024-01,24.2,5,0
CUST-0137,2024-02,23.9,8,2
CUST-0137,2024-03,22.3,5,0
CUST-0137,2024-04,23.0,4,0
CUST-0137,2024-05,24.3,9,0
CUST-0137,2024-06,16.3,5,0
CUST-0137,2024-07,25.2,5,0
CUST-0137,2024-08,15.9,5,1
CUST-0137,2024-09,19.6,7,1
CUST-0137,2024-10,20.4,4,0
CUST-0137,2024-11,20.3,9,1
CUST-0137,2024-12,21.3,5,0
CUST-0137,2025-01,22.4,8,0
CUST-0137,2025-02,24.4,10,0
CUST-0137,2025-03,18.8,7,0
CUST-0137,2025-04,26.0,7,0
CUST-0137,2025-05,24.2,5,0
CUST-0138,2024-05,16.6,5,1
CUST-0138,2024-06,17.3,5,0
CUST-0138,2024-07,21.8,10,0
CUST-0138,2024-08,18.8,4,0
CUST-0138,2024-09,16.3,4,1
CUST-0138,2024-10,15.1,5,0
CUST-0138,2024-11,16.5,3,1
CUST-0138,2024-12,15.4,3,0
CUST-0138,2025-01,16.3,6,0
CUST-0138,2025-02,18.2,3,1
CUST-0138,2025-03,15.0,3,0
CUST-0138,2025-04,19.2,7,0
CUST-0138,2025-05,18.7,4,0
CUST-0139,2024-05,12.8,4,1
CUST-0139,2024-06,15.7,3,0
CUST-0139,2024-07,15.0,3,1
CUST-0139,2024-08,3.9,1,0
CUST-0139,2024-09,13.3,3,2
CUST-0139,2024-10,16.3,4,0
CUST-0139,2024-11,16.1,4,1
CUST-0139,2024-12,9.7,2,0
CUST-0139,2025-01,8.9,2,0
CUST-0139,2025-02,12.3,2,0
CUST-0139,2025-03,13.5,4,0
CUST-0139,2025-04,7.4,1,1
CUST-0139,2025-05,16.7,5,1
CUST-0140,2022-07,11.4,3,0
CUST-0140,2022-08,13.8,3,0
CUST-0140,2022-09,,5,0
CUST-0140,2022-10,16.7,6,1
CUST-0140,2022-11,14.4,6,0
CUST-0140,2022-12,9.8,2,1
CUST-0140,2023-01,16.1,4,0
CUST-0140,2023-02,14.1,4,0
CUST-0140,2023-03,15.9,4,1
CUST-0140,2023-04,15.5,5,0
CUST-0140,2023-05,13.1,3,1
CUST-0140,2023-06,12.1,3,0
CUST-0140,2023-07,13.8,3,0
CUST-0140,2023-08,8.5,1,1
CUST-0140,2023-09,18.5,6,0
CUST-0140,2023-10,10.6,3,0
CUST-0140,2023-11,10.5,3,1
CUST-0140,2023-12,13.6,3,0
CUST-0140,2024-01,13.4,5,0
CUST-0140,2024-02,13.1,3,2
CUST-0140,2024-03,11.2,3,0
CUST-0140,2024-04,14.5,3,0
CUST-0140,2024-05,13.2,6,0
CUST-0140,2024-06,9.0,2,0
CUST-0140,2024-07,12.5,3,0
CUST-0140,2024-08,11.1,4,0
CUST-0140,2024-09,10.9,2,1
CUST-0140,2024-10,12.7,3,1
CUST-0140,2024-11,9.1,3,0
CUST-0140,2024-12,9.5,1,0
CUST-0140,2025-01,10.6,3,0
CUST-0141,2022-01,8.5,2,0
CUST-0141,2022-02,16.4,4,0
CUST-0141,2022-03,8.9,1,0
CUST-0141,2022-04,8.1,1,0
CUST-0141,2022-05,6.0,1,0
CUST-0141,2022-06,5.4,2,1
CUST-0141,2022-07,10.0,2,0
CUST-0141,2022-08,8.0,2,0
CUST-0141,2022-09,8.7,2,0
CUST-0141,2022-10,8.8,1,0
CUST-0141,2022-11,6.1,1,0
CUST-0141,2022-12,6.5,2,0
CUST-0141,2023-01,7.8,1,0
CUST-0141,2023-02,9.9,2,1
CUST-0141,2023-03,9.5,2,0
CUST-0141,2023-04,2.4,1,0
CUST-0141,2023-05,7.3,1,1
CUST-0141,2023-06,,2,2
CUST-0141,2023-07,12.9,5,0
CUST-0141,2023-08,8.1,2,0
CUST-0141,2023-09,9.4,3,0
CUST-0141,2023-10,5.9,1,1
CUST-0141,2023-11,6.5,1,0
CUST-0141,2023-12,12.0,2,0
CUST-0141,2024-01,2.5,1,0
CUST-0141,2024-02,10.0,2,0
CUST-0141,2024-03,6.0,1,1
CUST-0141,2024-04,6.7,1,1
CUST-0141,2024-05,5.0,1,0
CUST-0141,2024-06,5.2,1,0
CUST-0141,2024-07,7.4,2,0
CUST-0142,2023-08,25.1,8,0
CUST-0142,2023-09,18.6,3,0
CUST-0142,2023-10,22.6,7,0
CUST-0142,2023-11,20.2,6,1
CUST-0142,2023-12,18.4,4,2
CUST-0142,2024-01,19.4,6,1
CUST-0142,2024-02,18.2,4,0
CUST-0142,2024-03,19.0,5,1
CUST-0142,2024-04,11.8,2,0
CUST-0142,2024-05,12.6,5,2
CUST-0142,2024-06,2.1,1,0
CUST-0142,2024-07,7.7,2,3
CUST-0142,2024-08,8.1,3,0
CUST-0142,2024-09,6.4,1,0
CUST-0142,2024-10,13.5,2,3
CUST-0142,2024-11,12.8,6,2
CUST-0142,2024-12,0.1,1,2
CUST-0142,2025-01,11.5,4,0
CUST-0142,2025-02,0.0,1,1
CUST-0142,2025-03,0.0,1,1
CUST-0142,2025-04,11.3,3,2
CUST-0142,2025-05,,1,1
CUST-0143,2022-01,12.0,3,0
CUST-0143,2022-02,17.6,4,0
CUST-0143,2022-03,17.5,5,0
CUST-0143,2022-04,7.0,1,0
CUST-0143,2022-05,4.8,1,0
CUST-0143,2022-06,7.4,1,0
CUST-0143,2022-07,8.2,2,0
CUST-0143,2022-08,13.5,5,1
CUST-0143,2022-09,13.8,4,0
CUST-0143,2022-10,9.4,2,0
CUST-0143,2022-11,19.4,5,0
CUST-0143,2022-12,,2,0
CUST-0143,2023-01,8.9,2,0
CUST-0143,2023-02,10.9,2,0
CUST-0143,2023-03,12.7,3,0
CUST-0143,2023-04,9.9,2,0
CUST-0143,2023-05,10.4,4,0
CUST-0143,2023-06,11.4,3,1
CUST-0143,2023-07,18.7,4,0
CUST-0143,2023-08,12.6,5,0
CUST-0143,2023-09,12.4,3,0
CUST-0143,2023-10,11.1,2,0
CUST-0143,2023-11,13.6,4,0
CUST-0143,2023-12,9.2,3,0
CUST-0143,2024-01,10.9,2,0
CUST-0143,2024-02,10.1,2,0
CUST-0143,2024-03,7.4,2,0
CUST-0143,2024-04,8.8,3,0
CUST-0143,2024-05,9.9,2,0
CUST-0143,2024-06,11.6,2,0
CUST-0143,2024-07,14.6,5,1
CUST-0144,2022-09,30.3,7,0
CUST-0144,2022-10,26.0,7,2
CUST-0144,2022-11,25.3,9,0
CUST-0144,2022-12,24.5,5,0
CUST-0144,2023-01,27.8,5,0
CUST-0144,2023-02,28.2,11,0
CUST-0144,2023-03,21.3,7,0
CUST-0144,2023-04,25.9,9,0
CUST-0144,2023-05,27.4,9,0
CUST-0144,2023-06,24.7,7,1
CUST-0144,2023-07,19.8,5,1
CUST-0144,2023-08,29.8,11,0
CUST-0144,2023-09,29.5,7,0
CUST-0144,2023-10,,8,0
CUST-0144,2023-11,27.2,6,0
CUST-0144,2023-12,24.3,6,0
CUST-0144,2024-01,27.3,9,0
CUST-0144,2024-02,28.8,9,0
CUST-0144,2024-03,30.6,12,0
CUST-0144,2024-04,24.5,5,0
CUST-0144,2024-05,,10,1
CUST-0144,2024-06,29.5,9,0
CUST-0144,2024-07,26.1,7,1
CUST-0144,2024-08,30.6,7,0
CUST-0144,2024-09,31.4,6,2
CUST-0144,2024-10,32.0,15,0
CUST-0144,2024-11,23.1,4,2
CUST-0144,2024-12,23.5,4,1
CUST-0144,2025-01,26.8,6,0
CUST-0144,2025-02,25.6,9,0
CUST-0144,2025-03,26.5,11,1
CUST-0145,2023-03,8.1,3,1
CUST-0145,2023-04,10.5,2,0
CUST-0145,2023-05,14.9,4,1
CUST-0145,2023-06,9.8,4,0
CUST-0145,2023-07,5.2,1,0
CUST-0145,2023-08,7.0,1,0
CUST-0145,2023-09,9.5,2,0
CUST-0145,2023-10,12.0,3,0
CUST-0145,2023-11,8.1,2,1
CUST-0145,2023-12,4.5,1,0
CUST-0145,2024-01,12.5,5,0
CUST-0145,2024-02,10.2,2,1
CUST-0145,2024-03,13.7,4,2
CUST-0145,2024-04,8.9,2,1
CUST-0145,2024-05,15.6,3,1
CUST-0145,2024-06,11.5,3,0
CUST-0145,2024-07,5.2,1,0
CUST-0145,2024-08,13.3,3,0
CUST-0145,2024-09,9.9,2,0
CUST-0145,2024-10,8.2,3,0
CUST-0145,2024-11,4.1,1,1
CUST-0145,2024-12,9.1,2,1
CUST-0145,2025-01,6.8,2,0
CUST-0145,2025-02,,1,1
CUST-0145,2025-03,10.7,3,0
CUST-0145,2025-04,1.8,1,0
CUST-0145,2025-05,8.9,3,0
CUST-0146,2024-02,21.9,4,0
CUST-0146,2024-03,24.4,4,1
CUST-0146,2024-04,23.8,9,0
CUST-0146,2024-05,27.3,9,1
CUST-0146,2024-06,25.2,7,0
CUST-0146,2024-07,26.5,8,2
CUST-0146,2024-08,25.8,8,0
CUST-0146,2024-09,27.2,8,3
CUST-0146,2024-10,26.1,5,1
CUST-0146,2024-11,24.2,7,0
CUST-0146,2024-12,26.5,7,1
CUST-0146,2025-01,22.2,9,1
CUST-0146,2025-02,23.8,6,0
CUST-0146,2025-03,27.8,7,0
CUST-0146,2025-04,21.8,6,0
CUST-0146,2025-05,32.4,6,0
CUST-0147,2022-03,31.1,13,2
CUST-0147,2022-04,30.8,6,0
CUST-0147,2022-05,27.7,10,0
CUST-0147,2022-06,27.2,9,0
CUST-0147,2022-07,26.4,5,2
CUST-0147,2022-08,29.5,5,0
CUST-0147,2022-09,26.2,6,0
CUST-0147,2022-10,29.9,14,0
CUST-0147,2022-11,23.0,7,0
CUST-0147,2022-12,26.7,12,0
CUST-0147,2023-01,29.5,14,1
CUST-0147,2023-02,22.1,10,0
CUST-0147,2023-03,26.5,6,1
CUST-0147,2023-04,33.4,13,1
CUST-0147,2023-05,,8,1
CUST-0147,2023-06,21.7,4,0
CUST-0147,2023-07,31.5,9,0
CUST-0147,2023-08,26.3,6,0
CUST-0147,2023-09,29.4,7,0
CUST-0147,2023-10,26.8,6,1
CUST-0147,2023-11,31.2,6,0
CUST-0147,2023-12,29.3,10,0
CUST-0147,2024-01,31.5,8,1
CUST-0147,2024-02,35.2,15,2
CUST-0147,2024-03,29.9,7,0
CUST-0147,2024-04,27.9,10,0
CUST-0147,2024-05,32.6,12,0
CUST-0147,2024-06,26.9,6,0
CUST-0147,2024-07,30.1,6,2
CUST-0147,2024-08,21.5,7,0
CUST-0147,2024-09,24.0,5,0
CUST-0148,2023-08,23.2,8,1
CUST-0148,2023-09,17.7,4,0
CUST-0148,2023-10,16.7,3,0
CUST-0148,2023-11,16.1,3,2
CUST-0148,2023-12,18.7,3,0
CUST-0148,2024-01,17.1,6,0
CUST-0148,2024-02,18.3,5,0
CUST-0148,2024-03,18.2,4,3
CUST-0148,2024-04,9.9,2,1
CUST-0148,2024-05,25.9,5,0
CUST-0148,2024-06,19.9,4,1
CUST-0148,2024-07,17.5,4,0
CUST-0148,2024-08,17.4,5,0
CUST-0148,2024-09,16.2,7,0
CUST-0148,2024-10,21.0,4,0
CUST-0148,2024-11,19.1,8,1
CUST-0148,2024-12,18.3,4,0
CUST-0148,2025-01,22.7,6,0
CUST-0148,2025-02,19.5,9,0
CUST-0148,2025-03,18.1,4,1
CUST-0148,2025-04,18.6,3,0
CUST-0148,2025-05,19.0,4,0
CUST-0149,2023-04,24.9,8,0
CUST-0149,2023-05,28.6,8,1
CUST-0149,2023-06,23.8,4,0
CUST-0149,2023-07,32.1,8,0
CUST-0149,2023-08,22.9,4,0
CUST-0149,2023-09,23.2,5,0
CUST-0149,2023-10,31.8,14,1
CUST-0149,2023-11,27.2,5,0
CUST-0149,2023-12,20.8,8,1
CUST-0149,2024-01,25.5,6,1
CUST-0149,2024-02,31.1,7,0
CUST-0149,2024-03,26.4,8,0
CUST-0149,2024-04,27.5,5,0
CUST-0149,2024-05,29.6,12,0
CUST-0149,2024-06,27.3,8,0
CUST-0149,2024-07,29.5,9,0
CUST-0149,2024-08,28.2,11,1
CUST-0149,2024-09,27.6,9,0
CUST-0149,2024-10,24.4,5,0
CUST-0149,2024-11,22.2,9,0
CUST-0149,2024-12,29.9,14,1
CUST-0149,2025-01,21.8,4,0
CUST-0149,2025-02,32.2,9,0
CUST-0149,2025-03,25.1,7,1
CUST-0149,2025-04,26.0,9,2
CUST-0149,2025-05,27.6,9,1
CUST-0150,2022-04,10.5,3,2
CUST-0150,2022-05,6.4,3,1
CUST-0150,2022-06,8.6,3,2
CUST-0150,2022-07,0.0,1,4
CUST-0150,2022-08,4.2,1,2
CUST-0150,2022-09,7.7,2,4
CUST-0150,2022-10,1.4,1,2
CUST-0150,2022-11,1.7,1,1
CUST-0150,2022-12,4.7,1,3
CUST-0150,2023-01,0.0,1,2
CUST-0150,2023-02,0.0,1,0
CUST-0150,2023-03,3.9,1,2
CUST-0150,2023-04,0.0,1,3
CUST-0150,2023-05,0.0,1,1
CUST-0150,2023-06,0.0,1,0
CUST-0150,2023-07,0.0,1,0
CUST-0150,2023-08,0.0,1,1
CUST-0150,2023-09,0.0,1,2
CUST-0150,2023-10,0.0,1,1
CUST-0150,2023-11,0.0,1,2
CUST-0150,2023-12,0.0,1,0
CUST-0150,2024-01,,1,0
CUST-0150,2024-02,0.0,1,1
CUST-0150,2024-03,0.0,1,0
CUST-0150,2024-04,0.0,1,0
CUST-0150,2024-05,0.0,1,0
CUST-0150,2024-06,0.0,1,3
CUST-0150,2024-07,0.0,1,1
CUST-0150,2024-08,0.0,1,2
CUST-0150,2024-09,0.0,1,0
CUST-0150,2024-10,0.0,1,0
CUST-0151,2024-02,13.6,4,1
CUST-0151,2024-03,14.8,3,1
CUST-0151,2024-04,11.1,3,1
CUST-0151,2024-05,14.0,2,0
CUST-0151,2024-06,14.3,3,0
CUST-0151,2024-07,18.8,6,0
CUST-0151,2024-08,19.3,5,2
CUST-0151,2024-09,19.6,4,0
CUST-0151,2024-10,,5,0
CUST-0151,2024-11,13.4,3,0
CUST-0151,2024-12,17.1,3,0
CUST-0151,2025-01,13.1,4,0
CUST-0151,2025-02,17.1,7,0
CUST-0151,2025-03,14.7,6,3
CUST-0151,2025-04,20.1,10,0
CUST-0151,2025-05,7.9,2,0
CUST-0152,2024-01,13.5,3,3
CUST-0152,2024-02,18.3,4,0
CUST-0152,2024-03,17.9,4,0
CUST-0152,2024-04,14.7,3,0
CUST-0152,2024-05,15.4,3,3
CUST-0152,2024-06,11.9,4,3
CUST-0152,2024-07,12.4,2,1
CUST-0152,2024-08,6.1,1,1
CUST-0152,2024-09,13.0,5,0
CUST-0152,2024-10,15.3,4,1
CUST-0152,2024-11,11.3,3,1
CUST-0152,2024-12,0.6,1,0
CUST-0152,2025-01,6.3,1,1
CUST-0152,2025-02,0.0,1,1
CUST-0152,2025-03,0.0,1,0
CUST-0152,2025-04,0.0,1,1
CUST-0152,2025-05,2.2,1,0
CUST-0153,2023-03,21.6,7,1
CUST-0153,2023-04,27.0,12,1
CUST-0153,2023-05,24.3,7,1
CUST-0153,2023-06,28.7,7,3
CUST-0153,2023-07,17.6,8,2
CUST-0153,2023-08,22.2,8,0
CUST-0153,2023-09,18.9,7,2
CUST-0153,2023-10,16.0,4,2
CUST-0153,2023-11,15.0,4,1
CUST-0153,2023-12,21.6,5,0
CUST-0153,2024-01,9.3,3,1
CUST-0153,2024-02,11.2,5,1
CUST-0153,2024-03,22.5,6,1
CUST-0153,2024-04,18.4,7,3
CUST-0153,2024-05,10.7,2,1
CUST-0153,2024-06,10.8,3,0
CUST-0153,2024-07,6.7,1,3
CUST-0153,2024-08,4.8,2,1
CUST-0153,2024-09,14.3,4,4
CUST-0153,2024-10,10.0,3,1
CUST-0153,2024-11,9.7,2,0
CUST-0153,2024-12,0.0,1,1
CUST-0153,2025-01,0.0,1,2
CUST-0153,2025-02,0.0,1,1
CUST-0153,2025-03,0.0,1,1
CUST-0153,2025-04,4.2,1,2
CUST-0153,2025-05,4.5,1,3
CUST-0154,2024-04,11.7,3,0
CUST-0154,2024-05,22.0,5,1
CUST-0154,2024-06,13.8,5,0
CUST-0154,2024-07,15.8,3,2
CUST-0154,2024-08,15.2,3,0
CUST-0154,2024-09,6.0,1,0
CUST-0154,2024-10,17.0,4,0
CUST-0154,2024-11,14.2,6,0
CUST-0154,2024-12,22.2,4,1
CUST-0154,2025-01,11.5,5,0
CUST-0154,2025-02,13.1,2,1
CUST-0154,2025-03,11.6,4,0
CUST-0154,2025-04,17.9,4,0
CUST-0154,2025-05,11.4,2,0
CUST-0155,2023-07,7.8,2,0
CUST-0155,2023-08,14.1,4,0
CUST-0155,2023-09,9.5,2,1
CUST-0155,2023-10,17.3,4,0
CUST-0155,2023-11,5.3,1,0
CUST-0155,2023-12,8.8,2,1
CUST-0155,2024-01,6.9,1,1
CUST-0155,2024-02,6.6,1,1
CUST-0155,2024-03,3.0,1,1
CUST-0155,2024-04,10.6,2,2
CUST-0155,2024-05,7.1,1,1
CUST-0155,2024-06,8.6,2,0
CUST-0155,2024-07,6.2,1,1
CUST-0155,2024-08,9.7,3,0
CUST-0155,2024-09,11.4,3,1
CUST-0155,2024-10,8.9,2,1
CUST-0155,2024-11,3.4,1,0
CUST-0155,2024-12,10.8,2,0
CUST-0155,2025-01,8.2,3,1
CUST-0155,2025-02,11.6,2,0
CUST-0155,2025-03,5.2,1,1
CUST-0155,2025-04,4.4,1,0
CUST-0155,2025-05,11.8,4,0
CUST-0156,2024-03,21.5,7,0
CUST-0156,2024-04,12.1,2,2
CUST-0156,2024-05,19.1,6,1
CUST-0156,2024-06,,5,4
CUST-0156,2024-07,17.8,5,1
CUST-0156,2024-08,7.8,2,1
CUST-0156,2024-09,5.4,1,3
CUST-0156,2024-10,11.0,3,0
CUST-0156,2024-11,3.6,1,2
CUST-0156,2024-12,0.0,1,4
CUST-0156,2025-01,10.4,4,2
CUST-0156,2025-02,0.0,1,1
CUST-0156,2025-03,10.2,2,2
CUST-0156,2025-04,10.1,2,0
CUST-0156,2025-05,8.4,1,2
CUST-0157,2024-05,13.2,3,1
CUST-0157,2024-06,9.8,4,0
CUST-0157,2024-07,15.6,5,0
CUST-0157,2024-08,11.4,4,0
CUST-0157,2024-09,8.5,2,0
CUST-0157,2024-10,13.6,2,0
CUST-0157,2024-11,15.3,5,2
CUST-0157,2024-12,13.9,4,1
CUST-0157,2025-01,14.1,5,0
CUST-0157,2025-02,10.3,4,0
CUST-0157,2025-03,12.3,4,1
CUST-0157,2025-04,10.6,4,2
CUST-0157,2025-05,13.3,3,0
CUST-0158,2023-05,10.8,2,0
CUST-0158,2023-06,12.2,3,1
CUST-0158,2023-07,5.7,1,0
CUST-0158,2023-08,10.2,2,0
CUST-0158,2023-09,8.9,2,0
CUST-0158,2023-10,7.9,1,0
CUST-0158,2023-11,3.1,1,1
CUST-0158,2023-12,6.3,1,0
CUST-0158,2024-01,4.6,1,1
CUST-0158,2024-02,10.2,3,0
CUST-0158,2024-03,7.8,3,0
CUST-0158,2024-04,3.3,1,0
CUST-0158,2024-05,9.5,2,0
CUST-0158,2024-06,9.8,2,0
CUST-0158,2024-07,6.0,2,1
CUST-0158,2024-08,3.4,1,2
CUST-0158,2024-09,9.9,3,0
CUST-0158,2024-10,15.5,3,0
CUST-0158,2024-11,8.2,3,0
CUST-0158,2024-12,6.4,2,1
CUST-0158,2025-01,5.7,1,2
CUST-0158,2025-02,3.7,1,0
CUST-0158,2025-03,8.4,3,0
CUST-0158,2025-04,0.4,1,0
CUST-0158,2025-05,4.4,1,1
CUST-0159,2022-09,19.8,6,0
CUST-0159,2022-10,22.0,4,0
CUST-0159,2022-11,21.1,9,0
CUST-0159,2022-12,25.2,5,0
CUST-0159,2023-01,24.9,6,1
CUST-0159,2023-02,19.7,4,0
CUST-0159,2023-03,21.3,4,2
CUST-0159,2023-04,20.5,9,0
CUST-0159,2023-05,23.7,6,0
CUST-0159,2023-06,21.8,4,0
CUST-0159,2023-07,22.9,6,0
CUST-0159,2023-08,25.4,7,1
CUST-0159,2023-09,20.1,4,0
CUST-0159,2023-10,21.2,5,2
CUST-0159,2023-11,22.1,5,0
CUST-0159,2023-12,24.2,7,1
CUST-0159,2024-01,22.6,8,2
CUST-0159,2024-02,23.0,10,0
CUST-0159,2024-03,20.8,7,1
CUST-0159,2024-04,18.2,6,1
CUST-0159,2024-05,23.6,7,1
CUST-0159,2024-06,18.7,5,0
CUST-0159,2024-07,25.6,7,1
CUST-0159,2024-08,18.1,3,0
CUST-0159,2024-09,20.3,4,1
CUST-0159,2024-10,27.6,8,0
CUST-0159,2024-11,19.7,4,0
CUST-0159,2024-12,18.2,6,0
CUST-0159,2025-01,22.2,4,1
CUST-0159,2025-02,17.2,8,0
CUST-0159,2025-03,15.8,3,0
CUST-0160,2022-05,21.1,4,0
CUST-0160,2022-06,15.1,3,0
CUST-0160,2022-07,15.5,6,1
CUST-0160,2022-08,24.7,6,2
CUST-0160,2022-09,22.8,5,1
CUST-0160,2022-10,19.8,8,0
CUST-0160,2022-11,21.6,6,0
CUST-0160,2022-12,24.0,5,0
CUST-0160,2023-01,20.5,5,0
CUST-0160,2023-02,21.1,8,1
CUST-0160,2023-03,21.2,6,0
CUST-0160,2023-04,22.6,5,0
CUST-0160,2023-05,18.2,4,1
CUST-0160,2023-06,26.7,5,0
CUST-0160,2023-07,23.4,7,0
CUST-0160,2023-08,21.8,4,1
CUST-0160,2023-09,25.6,8,1
CUST-0160,2023-10,22.9,9,0
CUST-0160,2023-11,24.5,6,0
CUST-0160,2023-12,25.7,9,0
CUST-0160,2024-01,18.7,7,0
CUST-0160,2024-02,26.8,7,0
CUST-0160,2024-03,18.4,8,1
CUST-0160,2024-04,19.1,4,0
CUST-0160,2024-05,19.3,5,0
CUST-0160,2024-06,20.7,4,1
CUST-0160,2024-07,21.1,5,0
CUST-0160,2024-08,21.2,4,0
CUST-0160,2024-09,27.2,5,0
CUST-0160,2024-10,28.5,6,1
CUST-0160,2024-11,14.4,5,1
CUST-0161,2023-05,16.8,6,0
CUST-0161,2023-06,25.2,5,0
CUST-0161,2023-07,16.1,3,0
CUST-0161,2023-08,13.0,3,0
CUST-0161,2023-09,17.4,8,0
CUST-0161,2023-10,14.7,4,1
CUST-0161,2023-11,19.7,6,0
CUST-0161,2023-12,22.0,5,0
CUST-0161,2024-01,13.1,3,0
CUST-0161,2024-02,23.0,8,0
CUST-0161,2024-03,15.2,4,1
CUST-0161,2024-04,19.8,6,0
CUST-0161,2024-05,16.5,3,2
CUST-0161,2024-06,16.9,6,1
CUST-0161,2024-07,14.5,3,0
CUST-0161,2024-08,21.0,7,0
CUST-0161,2024-09,16.6,3,0
CUST-0161,2024-10,17.7,5,0
CUST-0161,2024-11,15.7,3,1
CUST-0161,2024-12,21.9,4,0
CUST-0161,2025-01,23.1,8,0
CUST-0161,2025-02,19.7,8,1
CUST-0161,2025-03,12.7,2,0
CUST-0161,2025-04,16.8,6,1
CUST-0161,2025-05,13.4,2,1
CUST-0162,2022-06,26.7,6,1
CUST-0162,2022-07,21.8,9,2
CUST-0162,2022-08,19.1,5,2
CUST-0162,2022-09,28.3,6,0
CUST-0162,2022-10,21.3,4,1
CUST-0162,2022-11,17.3,5,1
CUST-0162,2022-12,20.4,7,2
CUST-0162,2023-01,9.5,2,0
CUST-0162,2023-02,6.8,3,4
CUST-0162,2023-03,11.8,5,1
CUST-0162,2023-04,9.3,4,2
CUST-0162,2023-05,4.8,1,0
CUST-0162,2023-06,20.1,4,4
CUST-0162,2023-07,4.1,1,0
CUST-0162,2023-08,0.0,1,2
CUST-0162,2023-09,5.5,1,3
CUST-0162,2023-10,2.8,1,1
CUST-0162,2023-11,0.0,1,1
CUST-0162,2023-12,9.2,2,1
CUST-0162,2024-01,13.7,2,1
CUST-0162,2024-02,0.0,1,1
CUST-0162,2024-03,15.8,5,0
CUST-0162,2024-04,0.0,1,1
CUST-0162,2024-05,3.9,1,3
CUST-0162,2024-06,6.2,1,0
CUST-0162,2024-07,0.0,1,1
CUST-0162,2024-08,0.0,1,0
CUST-0162,2024-09,0.0,1,1
CUST-0162,2024-10,0.0,1,2
CUST-0162,2024-11,0.0,1,1
CUST-0162,2024-12,0.0,1,0
CUST-0163,2023-11,12.3,2,1
CUST-0163,2023-12,10.4,2,0
CUST-0163,2024-01,10.5,2,0
CUST-0163,2024-02,15.2,3,0
CUST-0163,2024-03,12.4,5,0
CUST-0163,2024-04,14.4,4,0
CUST-0163,2024-05,13.7,3,0
CUST-0163,2024-06,15.1,3,0
CUST-0163,2024-07,13.0,4,0
CUST-0163,2024-08,,5,2
CUST-0163,2024-09,12.9,3,0
CUST-0163,2024-10,15.7,5,0
CUST-0163,2024-11,22.7,4,0
CUST-0163,2024-12,13.6,3,1
CUST-0163,2025-01,15.5,3,0
CUST-0163,2025-02,13.2,2,0
CUST-0163,2025-03,14.7,5,0
CUST-0163,2025-04,12.8,6,0
CUST-0163,2025-05,15.4,3,1
CUST-0164,2024-04,17.9,6,0
CUST-0164,2024-05,20.8,8,0
CUST-0164,2024-06,23.4,5,0
CUST-0164,2024-07,23.5,6,1
CUST-0164,2024-08,28.2,8,0
CUST-0164,2024-09,18.6,4,0
CUST-0164,2024-10,21.6,5,0
CUST-0164,2024-11,21.2,5,1
CUST-0164,2024-12,22.0,5,1
CUST-0164,2025-01,18.6,6,0
CUST-0164,2025-02,18.9,5,0
CUST-0164,2025-03,20.3,6,0
CUST-0164,2025-04,26.4,8,0
CUST-0164,2025-05,22.5,8,0
CUST-0165,2022-08,14.0,5,0
CUST-0165,2022-09,17.6,4,0
CUST-0165,2022-10,9.9,2,1
CUST-0165,2022-11,10.0,4,0
CUST-0165,2022-12,14.9,4,0
CUST-0165,2023-01,18.5,5,1
CUST-0165,2023-02,,3,2
CUST-0165,2023-03,16.0,7,0
CUST-0165,2023-04,15.3,7,1
CUST-0165,2023-05,15.8,3,0
CUST-0165,2023-06,21.2,4,0
CUST-0165,2023-07,13.4,3,1
CUST-0165,2023-08,15.3,5,0
CUST-0165,2023-09,13.4,2,0
CUST-0165,2023-10,15.6,4,0
CUST-0165,2023-11,12.0,5,1
CUST-0165,2023-12,15.0,3,0
CUST-0165,2024-01,18.6,4,1
CUST-0165,2024-02,11.6,2,0
CUST-0165,2024-03,11.6,4,0
CUST-0165,2024-04,16.3,5,0
CUST-0165,2024-05,16.2,4,0
CUST-0165,2024-06,18.1,4,1
CUST-0165,2024-07,19.7,4,1
CUST-0165,2024-08,14.6,3,0
CUST-0165,2024-09,19.2,4,0
CUST-0165,2024-10,16.0,5,1
CUST-0165,2024-11,11.8,2,0
CUST-0165,2024-12,17.6,8,0
CUST-0165,2025-01,10.4,2,1
CUST-0165,2025-02,13.7,2,1
CUST-0166,2023-05,11.7,3,1
CUST-0166,2023-06,13.0,2,0
CUST-0166,2023-07,10.4,2,0
CUST-0166,2023-08,11.4,2,0
CUST-0166,2023-09,4.6,1,0
CUST-0166,2023-10,16.9,4,0
CUST-0166,2023-11,18.5,7,1
CUST-0166,2023-12,9.5,1,2
CUST-0166,2024-01,7.1,1,0
CUST-0166,2024-02,9.8,2,0
CUST-0166,2024-03,10.6,3,0
CUST-0166,2024-04,16.2,5,0
CUST-0166,2024-05,8.8,2,0
CUST-0166,2024-06,14.1,5,2
CUST-0166,2024-07,8.9,2,0
CUST-0166,2024-08,8.9,3,1
CUST-0166,2024-09,7.8,1,2
CUST-0166,2024-10,8.8,2,0
CUST-0166,2024-11,10.1,3,3
CUST-0166,2024-12,10.7,2,0
CUST-0166,2025-01,11.9,3,0
CUST-0166,2025-02,10.0,2,0
CUST-0166,2025-03,9.3,2,0
CUST-0166,2025-04,12.8,3,0
CUST-0166,2025-05,11.0,3,0
CUST-0167,2022-02,13.0,5,0
CUST-0167,2022-03,11.2,2,0
CUST-0167,2022-04,14.2,3,1
CUST-0167,2022-05,11.5,4,1
CUST-0167,2022-06,8.8,1,2
CUST-0167,2022-07,7.0,2,0
CUST-0167,2022-08,13.5,6,0
CUST-0167,2022-09,10.7,2,0
CUST-0167,2022-10,9.5,2,0
CUST-0167,2022-11,9.7,3,1
CUST-0167,2022-12,12.8,3,0
CUST-0167,2023-01,,5,0
CUST-0167,2023-02,5.5,2,1
CUST-0167,2023-03,12.1,2,1
CUST-0167,2023-04,11.5,3,1
CUST-0167,2023-05,6.7,2,0
CUST-0167,2023-06,11.5,2,3
CUST-0167,2023-07,11.7,4,3
CUST-0167,2023-08,7.1,2,1
CUST-0167,2023-09,11.2,2,0
CUST-0167,2023-10,9.0,2,0
CUST-0167,2023-11,6.6,2,0
CUST-0167,2023-12,13.3,3,0
CUST-0167,2024-01,14.4,3,1
CUST-0167,2024-02,9.4,2,1
CUST-0167,2024-03,16.7,4,1
CUST-0167,2024-04,10.7,2,0
CUST-0167,2024-05,9.5,2,0
CUST-0167,2024-06,4.6,1,1
CUST-0167,2024-07,16.6,7,1
CUST-0167,2024-08,11.1,4,0
CUST-0168,2022-06,9.0,2,1
CUST-0168,2022-07,12.1,3,0
CUST-0168,2022-08,7.6,2,1
CUST-0168,2022-09,,4,0
CUST-0168,2022-10,8.6,2,2
CUST-0168,2022-11,6.6,1,1
CUST-0168,2022-12,12.0,3,0
CUST-0168,2023-01,10.6,3,0
CUST-0168,2023-02,12.0,4,0
CUST-0168,2023-03,8.5,2,0
CUST-0168,2023-04,6.7,1,1
CUST-0168,2023-05,16.1,3,0
CUST-0168,2023-06,11.7,3,1
CUST-0168,2023-07,13.5,3,0
CUST-0168,2023-08,10.0,4,0
CUST-0168,2023-09,9.4,1,0
CUST-0168,2023-10,18.0,4,0
CUST-0168,2023-11,9.4,4,1
CUST-0168,2023-12,9.8,2,1
CUST-0168,2024-01,16.2,4,1
CUST-0168,2024-02,6.1,2,1
CUST-0168,2024-03,15.7,3,0
CUST-0168,2024-04,6.9,1,1
CUST-0168,2024-05,11.0,3,1
CUST-0168,2024-06,19.0,4,0
CUST-0168,2024-07,10.5,3,0
CUST-0168,2024-08,8.8,4,0
CUST-0168,2024-09,14.0,5,0
CUST-0168,2024-10,6.4,1,0
CUST-0168,2024-11,16.1,7,1
CUST-0168,2024-12,12.7,2,0
CUST-0169,2022-12,8.8,2,1
CUST-0169,2023-01,10.2,2,2
CUST-0169,2023-02,9.3,3,0
CUST-0169,2023-03,3.7,1,3
CUST-0169,2023-04,8.2,1,1
CUST-0169,2023-05,0.0,1,0
CUST-0169,2023-06,0.0,1,3
CUST-0169,2023-07,6.2,1,1
CUST-0169,2023-08,0.0,1,0
CUST-0169,2023-09,0.0,1,1
CUST-0169,2023-10,0.0,1,1
CUST-0169,2023-11,0.7,1,3
CUST-0169,2023-12,0.0,1,1
CUST-0169,2024-01,4.2,1,3
CUST-0169,2024-02,0.0,1,2
CUST-0169,2024-03,0.0,1,2
CUST-0169,2024-04,0.0,1,1
CUST-0169,2024-05,0.0,1,1
CUST-0169,2024-06,0.0,1,3
CUST-0169,2024-07,0.0,1,0
CUST-0169,2024-08,0.0,1,2
CUST-0169,2024-09,0.0,1,1
CUST-0169,2024-10,0.0,1,1
CUST-0169,2024-11,0.0,1,0
CUST-0169,2024-12,,1,1
CUST-0169,2025-01,0.0,1,2
CUST-0169,2025-02,0.0,1,0
CUST-0169,2025-03,,1,3
CUST-0169,2025-04,0.0,1,1
CUST-0169,2025-05,0.0,1,1
CUST-0170,2024-03,4.2,1,0
CUST-0170,2024-04,13.2,4,0
CUST-0170,2024-05,7.2,1,1
CUST-0170,2024-06,9.2,3,1
CUST-0170,2024-07,7.6,3,0
CUST-0170,2024-08,13.8,2,0
CUST-0170,2024-09,7.6,1,0
CUST-0170,2024-10,12.3,4,0
CUST-0170,2024-11,8.6,3,1
CUST-0170,2024-12,12.8,5,0
CUST-0170,2025-01,11.8,5,0
CUST-0170,2025-02,6.4,3,1
CUST-0170,2025-03,9.3,3,0
CUST-0170,2025-04,11.6,2,1
CUST-0170,2025-05,12.2,2,0
CUST-0171,2024-05,23.1,7,1
CUST-0171,2024-06,18.5,5,0
CUST-0171,2024-07,22.8,5,1
CUST-0171,2024-08,20.6,4,0
CUST-0171,2024-09,14.0,4,2
CUST-0171,2024-10,23.2,9,0
CUST-0171,2024-11,13.6,4,0
CUST-0171,2024-12,17.6,5,1
CUST-0171,2025-01,20.2,4,0
CUST-0171,2025-02,18.2,4,1
CUST-0171,2025-03,23.1,6,0
CUST-0171,2025-04,17.5,8,1
CUST-0171,2025-05,15.3,3,0
CUST-0172,2023-08,12.7,3,1
CUST-0172,2023-09,14.1,3,1
CUST-0172,2023-10,10.2,2,0
CUST-0172,2023-11,13.1,5,0
CUST-0172,2023-12,15.2,4,0
CUST-0172,2024-01,16.3,5,0
CUST-0172,2024-02,13.2,4,0
CUST-0172,2024-03,11.4,4,0
CUST-0172,2024-04,15.7,4,0
CUST-0172,2024-05,19.9,4,1
CUST-0172,2024-06,10.1,3,0
CUST-0172,2024-07,15.6,6,1
CUST-0172,2024-08,13.7,4,0
CUST-0172,2024-09,6.0,1,1
CUST-0172,2024-10,16.2,4,0
CUST-0172,2024-11,,4,0
CUST-0172,2024-12,15.4,3,2
CUST-0172,2025-01,10.2,2,0
CUST-0172,2025-02,12.7,2,0
CUST-0172,2025-03,18.1,3,0
CUST-0172,2025-04,10.5,2,0
CUST-0172,2025-05,20.2,8,0
CUST-0173,2023-06,12.4,5,1
CUST-0173,2023-07,10.2,4,2
CUST-0173,2023-08,6.4,2,1
CUST-0173,2023-09,8.9,2,0
CUST-0173,2023-10,9.7,4,0
CUST-0173,2023-11,5.3,1,1
CUST-0173,2023-12,0.0,1,0
CUST-0173,2024-01,2.8,1,1
CUST-0173,2024-02,3.2,1,0
CUST-0173,2024-03,0.0,1,3
CUST-0173,2024-04,0.0,1,1
CUST-0173,2024-05,0.0,1,1
CUST-0173,2024-06,0.0,1,1
CUST-0173,2024-07,0.0,1,1
CUST-0173,2024-08,0.0,1,1
CUST-0173,2024-09,0.0,1,1
CUST-0173,2024-10,0.0,1,1
CUST-0173,2024-11,0.0,1,3
CUST-0173,2024-12,0.0,1,2
CUST-0173,2025-01,0.0,1,2
CUST-0173,2025-02,0.0,1,1
CUST-0173,2025-03,0.0,1,0
CUST-0173,2025-04,0.0,1,0
CUST-0173,2025-05,0.0,1,1
CUST-0174,2023-05,9.3,2,0
CUST-0174,2023-06,13.9,4,1
CUST-0174,2023-07,,4,1
CUST-0174,2023-08,11.8,4,3
CUST-0174,2023-09,9.8,2,3
CUST-0174,2023-10,9.7,3,0
CUST-0174,2023-11,0.0,1,1
CUST-0174,2023-12,6.4,2,2
CUST-0174,2024-01,4.3,1,1
CUST-0174,2024-02,0.0,1,2
CUST-0174,2024-03,0.0,1,1
CUST-0174,2024-04,0.0,1,1
CUST-0174,2024-05,2.6,1,1
CUST-0174,2024-06,2.4,1,2
CUST-0174,2024-07,0.0,1,1
CUST-0174,2024-08,0.0,1,1
CUST-0174,2024-09,4.9,1,5
CUST-0174,2024-10,3.7,1,0
CUST-0174,2024-11,0.0,1,2
CUST-0174,2024-12,0.0,1,2
CUST-0174,2025-01,2.7,1,2
CUST-0174,2025-02,,1,2
CUST-0174,2025-03,0.0,1,3
CUST-0174,2025-04,0.0,1,1
CUST-0174,2025-05,0.0,1,1
CUST-0175,2022-02,33.5,10,0
CUST-0175,2022-03,24.7,6,0
CUST-0175,2022-04,29.2,5,1
CUST-0175,2022-05,22.6,8,0
CUST-0175,2022-06,27.7,10,0
CUST-0175,2022-07,37.2,13,0
CUST-0175,2022-08,25.8,9,0
CUST-0175,2022-09,26.5,6,0
CUST-0175,2022-10,20.1,8,1
CUST-0175,2022-11,28.3,12,0
CUST-0175,2022-12,30.8,9,0
CUST-0175,2023-01,21.4,5,0
CUST-0175,2023-02,23.5,8,1
CUST-0175,2023-03,26.7,7,0
CUST-0175,2023-04,32.4,7,1
CUST-0175,2023-05,29.6,10,0
CUST-0175,2023-06,23.3,5,1
CUST-0175,2023-07,31.6,13,1
CUST-0175,2023-08,28.3,7,0
CUST-0175,2023-09,27.3,10,0
CUST-0175,2023-10,35.1,8,0
CUST-0175,2023-11,23.7,5,0
CUST-0175,2023-12,29.2,7,0
CUST-0175,2024-01,28.8,6,1
CUST-0175,2024-02,23.9,5,1
CUST-0175,2024-03,26.7,5,0
CUST-0175,2024-04,29.5,7,1
CUST-0175,2024-05,27.3,5,1
CUST-0175,2024-06,30.7,14,0
CUST-0175,2024-07,20.2,7,0
CUST-0175,2024-08,,13,0
CUST-0176,2022-12,21.2,9,0
CUST-0176,2023-01,24.5,8,1
CUST-0176,2023-02,19.2,4,1
CUST-0176,2023-03,21.4,5,0
CUST-0176,2023-04,18.6,4,0
CUST-0176,2023-05,21.6,10,2
CUST-0176,2023-06,25.3,5,0
CUST-0176,2023-07,23.8,6,1
CUST-0176,2023-08,21.0,8,0
CUST-0176,2023-09,20.8,5,1
CUST-0176,2023-10,21.5,5,0
CUST-0176,2023-11,29.1,6,0
CUST-0176,2023-12,23.5,5,1
CUST-0176,2024-01,20.8,6,1
CUST-0176,2024-02,27.1,7,0
CUST-0176,2024-03,21.6,9,0
CUST-0176,2024-04,16.7,7,0
CUST-0176,2024-05,17.6,5,1
CUST-0176,2024-06,20.8,9,0
CUST-0176,2024-07,21.8,8,0
CUST-0176,2024-08,21.3,4,2
CUST-0176,2024-09,20.9,6,0
CUST-0176,2024-10,21.7,7,0
CUST-0176,2024-11,16.4,6,1
CUST-0176,2024-12,21.6,4,0
CUST-0176,2025-01,22.0,8,0
CUST-0176,2025-02,,5,0
CUST-0176,2025-03,18.0,5,1
CUST-0176,2025-04,24.5,5,0
CUST-0176,2025-05,25.8,5,0
CUST-0177,2024-06,25.3,11,1
CUST-0177,2024-07,22.3,5,0
CUST-0177,2024-08,15.1,6,0
CUST-0177,2024-09,16.2,3,0
CUST-0177,2024-10,11.1,2,1
CUST-0177,2024-11,14.6,3,1
CUST-0177,2024-12,16.5,5,1
CUST-0177,2025-01,8.8,2,1
CUST-0177,2025-02,14.5,4,2
CUST-0177,2025-03,12.8,2,3
CUST-0177,2025-04,16.9,3,2
CUST-0177,2025-05,17.4,6,0
CUST-0178,2023-01,15.8,3,0
CUST-0178,2023-02,10.1,2,0
CUST-0178,2023-03,15.2,6,0
CUST-0178,2023-04,12.4,3,1
CUST-0178,2023-05,9.9,2,0
CUST-0178,2023-06,10.5,3,0
CUST-0178,2023-07,9.9,4,0
CUST-0178,2023-08,14.6,3,1
CUST-0178,2023-09,11.4,4,1
CUST-0178,2023-10,9.4,4,1
CUST-0178,2023-11,9.6,2,1
CUST-0178,2023-12,13.0,4,2
CUST-0178,2024-01,,3,0
CUST-0178,2024-02,10.7,3,0
CUST-0178,2024-03,11.2,3,0
CUST-0178,2024-04,13.6,5,0
CUST-0178,2024-05,18.3,5,0
CUST-0178,2024-06,19.6,7,2
CUST-0178,2024-07,11.6,2,0
CUST-0178,2024-08,14.1,4,0
CUST-0178,2024-09,13.2,4,0
CUST-0178,2024-10,13.4,4,0
CUST-0178,2024-11,14.2,3,0
CUST-0178,2024-12,15.2,3,1
CUST-0178,2025-01,14.6,3,1
CUST-0178,2025-02,13.1,6,1
CUST-0178,2025-03,11.2,3,0
CUST-0178,2025-04,19.5,5,0
CUST-0178,2025-05,12.6,3,1
CUST-0179,2022-07,13.2,3,0
CUST-0179,2022-08,21.7,5,1
CUST-0179,2022-09,,3,0
CUST-0179,2022-10,22.9,5,0
CUST-0179,2022-11,15.2,3,1
CUST-0179,2022-12,18.7,4,0
CUST-0179,2023-01,11.4,3,1
CUST-0179,2023-02,21.4,5,0
CUST-0179,2023-03,16.2,4,1
CUST-0179,2023-04,14.9,3,0
CUST-0179,2023-05,22.2,10,0
CUST-0179,2023-06,18.2,5,0
CUST-0179,2023-07,16.9,4,0
CUST-0179,2023-08,20.5,5,1
CUST-0179,2023-09,20.9,10,0
CUST-0179,2023-10,16.6,6,0
CUST-0179,2023-11,17.3,4,0
CUST-0179,2023-12,16.3,7,0
CUST-0179,2024-01,16.3,5,0
CUST-0179,2024-02,19.8,6,0
CUST-0179,2024-03,13.2,3,0
CUST-0179,2024-04,15.0,5,1
CUST-0179,2024-05,20.4,8,1
CUST-0179,2024-06,15.3,4,0
CUST-0179,2024-07,17.2,7,2
CUST-0179,2024-08,22.4,5,1
CUST-0179,2024-09,23.8,10,0
CUST-0179,2024-10,15.2,4,0
CUST-0179,2024-11,13.6,5,0
CUST-0179,2024-12,23.9,8,0
CUST-0179,2025-01,17.1,3,0
CUST-0180,2022-08,17.5,4,1
CUST-0180,2022-09,16.1,3,0
CUST-0180,2022-10,23.8,8,0
CUST-0180,2022-11,22.4,6,1
CUST-0180,2022-12,18.3,4,0
CUST-0180,2023-01,17.9,5,2
CUST-0180,2023-02,22.1,4,0
CUST-0180,2023-03,13.6,6,0
CUST-0180,2023-04,17.5,7,0
CUST-0180,2023-05,20.6,5,0
CUST-0180,2023-06,21.0,5,0
CUST-0180,2023-07,19.0,4,1
CUST-0180,2023-08,16.3,4,0
CUST-0180,2023-09,19.9,6,1
CUST-0180,2023-10,18.4,6,0
CUST-0180,2023-11,11.7,2,1
CUST-0180,2023-12,22.7,5,1
CUST-0180,2024-01,20.3,7,0
CUST-0180,2024-02,17.2,7,0
CUST-0180,2024-03,23.5,8,1
CUST-0180,2024-04,21.3,5,0
CUST-0180,2024-05,16.4,3,0
CUST-0180,2024-06,20.1,5,0
CUST-0180,2024-07,21.7,4,0
CUST-0180,2024-08,17.3,7,0
CUST-0180,2024-09,16.4,5,0
CUST-0180,2024-10,20.7,5,0
CUST-0180,2024-11,23.4,6,1
CUST-0180,2024-12,16.2,6,0
CUST-0180,2025-01,14.2,5,0
CUST-0180,2025-02,,7,0
CUST-0181,2023-10,21.8,4,0
CUST-0181,2023-11,,5,0
CUST-0181,2023-12,21.8,6,0
CUST-0181,2024-01,16.7,4,0
CUST-0181,2024-02,17.3,6,0
CUST-0181,2024-03,16.8,5,0
CUST-0181,2024-04,21.2,5,1
CUST-0181,2024-05,28.1,7,0
CUST-0181,2024-06,19.8,8,0
CUST-0181,2024-07,16.7,4,0
CUST-0181,2024-08,22.0,5,0
CUST-0181,2024-09,17.7,4,0
CUST-0181,2024-10,16.3,3,0
CUST-0181,2024-11,22.6,5,0
CUST-0181,2024-12,17.8,3,0
CUST-0181,2025-01,18.4,4,1
CUST-0181,2025-02,23.9,10,1
CUST-0181,2025-03,18.4,3,0
CUST-0181,2025-04,18.0,4,0
CUST-0181,2025-05,,3,0
CUST-0182,2022-02,22.8,5,0
CUST-0182,2022-03,20.9,8,1
CUST-0182,2022-04,20.2,6,0
CUST-0182,2022-05,18.3,5,0
CUST-0182,2022-06,17.0,4,2
CUST-0182,2022-07,10.7,4,1
CUST-0182,2022-08,14.5,3,1
CUST-0182,2022-09,13.2,2,1
CUST-0182,2022-10,15.4,4,1
CUST-0182,2022-11,19.9,4,0
CUST-0182,2022-12,17.3,5,2
CUST-0182,2023-01,9.2,4,1
CUST-0182,2023-02,0.0,1,4
CUST-0182,2023-03,7.8,2,1
CUST-0182,2023-04,6.3,2,0
CUST-0182,2023-05,0.0,1,2
CUST-0182,2023-06,8.8,1,2
CUST-0182,2023-07,0.0,1,1
CUST-0182,2023-08,0.0,1,1
CUST-0182,2023-09,0.0,1,1
CUST-0182,2023-10,0.0,1,1
CUST-0182,2023-11,0.0,1,0
CUST-0182,2023-12,10.2,3,2
CUST-0182,2024-01,0.0,1,0
CUST-0182,2024-02,0.0,1,2
CUST-0182,2024-03,0.0,1,1
CUST-0182,2024-04,0.0,1,1
CUST-0182,2024-05,0.0,1,0
CUST-0182,2024-06,7.3,1,0
CUST-0182,2024-07,0.0,1,1
CUST-0182,2024-08,0.0,1,0
CUST-0183,2024-05,15.8,6,1
CUST-0183,2024-06,14.7,5,2
CUST-0183,2024-07,,4,1
CUST-0183,2024-08,11.6,4,0
CUST-0183,2024-09,5.7,1,1
CUST-0183,2024-10,13.1,4,2
CUST-0183,2024-11,12.4,4,0
CUST-0183,2024-12,1.8,1,1
CUST-0183,2025-01,0.3,1,1
CUST-0183,2025-02,7.1,3,2
CUST-0183,2025-03,3.4,1,2
CUST-0183,2025-04,0.0,1,1
CUST-0183,2025-05,10.4,2,1
CUST-0184,2024-02,11.6,2,0
CUST-0184,2024-03,10.4,2,0
CUST-0184,2024-04,8.0,2,2
CUST-0184,2024-05,8.1,1,2
CUST-0184,2024-06,4.0,1,1
CUST-0184,2024-07,1.4,1,0
CUST-0184,2024-08,9.1,2,0
CUST-0184,2024-09,11.7,5,2
CUST-0184,2024-10,1.8,1,0
CUST-0184,2024-11,1.6,1,0
CUST-0184,2024-12,0.0,1,2
CUST-0184,2025-01,0.0,1,1
CUST-0184,2025-02,0.0,1,2
CUST-0184,2025-03,0.0,1,0
CUST-0184,2025-04,1.3,1,1
CUST-0184,2025-05,0.0,1,0
CUST-0185,2023-05,23.7,7,1
CUST-0185,2023-06,22.3,6,0
CUST-0185,2023-07,22.6,8,0
CUST-0185,2023-08,26.3,5,0
CUST-0185,2023-09,28.2,9,1
CUST-0185,2023-10,22.2,4,0
CUST-0185,2023-11,,3,0
CUST-0185,2023-12,20.5,5,1
CUST-0185,2024-01,22.6,6,1
CUST-0185,2024-02,24.6,7,0
CUST-0185,2024-03,22.6,9,0
CUST-0185,2024-04,22.1,6,0
CUST-0185,2024-05,30.0,8,1
CUST-0185,2024-06,20.8,6,0
CUST-0185,2024-07,23.1,11,1
CUST-0185,2024-08,21.0,4,0
CUST-0185,2024-09,26.7,6,0
CUST-0185,2024-10,23.0,6,0
CUST-0185,2024-11,20.3,6,1
CUST-0185,2024-12,21.6,4,0
CUST-0185,2025-01,24.2,5,0
CUST-0185,2025-02,19.1,4,0
CUST-0185,2025-03,20.6,5,1
CUST-0185,2025-04,,5,0
CUST-0185,2025-05,23.2,5,1
CUST-0186,2023-02,29.3,10,0
CUST-0186,2023-03,26.9,7,0
CUST-0186,2023-04,25.0,10,1
CUST-0186,2023-05,22.3,8,1
CUST-0186,2023-06,26.2,7,0
CUST-0186,2023-07,33.2,7,0
CUST-0186,2023-08,24.8,5,0
CUST-0186,2023-09,21.8,7,3
CUST-0186,2023-10,28.8,7,0
CUST-0186,2023-11,26.4,9,0
CUST-0186,2023-12,24.8,7,0
CUST-0186,2024-01,25.9,7,0
CUST-0186,2024-02,22.4,5,0
CUST-0186,2024-03,25.4,11,1
CUST-0186,2024-04,25.9,6,2
CUST-0186,2024-05,22.6,7,1
CUST-0186,2024-06,25.2,5,0
CUST-0186,2024-07,26.4,12,2
CUST-0186,2024-08,22.2,5,0
CUST-0186,2024-09,27.5,10,0
CUST-0186,2024-10,20.1,7,0
CUST-0186,2024-11,24.9,6,1
CUST-0186,2024-12,26.7,10,0
CUST-0186,2025-01,23.9,5,0
CUST-0186,2025-02,26.8,9,2
CUST-0186,2025-03,20.1,5,0
CUST-0186,2025-04,23.6,5,0
CUST-0186,2025-05,30.1,11,0
CUST-0187,2023-11,15.4,3,1
CUST-0187,2023-12,17.1,5,1
CUST-0187,2024-01,20.5,4,0
CUST-0187,2024-02,15.1,3,0
CUST-0187,2024-03,10.7,2,1
CUST-0187,2024-04,12.9,3,0
CUST-0187,2024-05,15.8,5,0
CUST-0187,2024-06,15.1,3,0
CUST-0187,2024-07,12.5,2,1
CUST-0187,2024-08,19.5,4,1
CUST-0187,2024-09,16.5,5,1
CUST-0187,2024-10,13.3,4,1
CUST-0187,2024-11,23.3,4,1
CUST-0187,2024-12,16.7,5,0
CUST-0187,2025-01,14.5,5,0
CUST-0187,2025-02,20.0,8,0
CUST-0187,2025-03,15.7,5,1
CUST-0187,2025-04,24.6,5,0
CUST-0187,2025-05,17.1,7,0
CUST-0188,2023-05,17.8,8,0
CUST-0188,2023-06,18.2,6,0
CUST-0188,2023-07,23.4,6,0
CUST-0188,2023-08,16.8,7,1
CUST-0188,2023-09,16.4,3,0
CUST-0188,2023-10,18.5,4,0
CUST-0188,2023-11,12.6,2,0
CUST-0188,2023-12,15.1,6,1
CUST-0188,2024-01,19.0,5,0
CUST-0188,2024-02,19.5,6,1
CUST-0188,2024-03,17.6,4,0
CUST-0188,2024-04,20.4,8,0
CUST-0188,2024-05,23.3,7,1
CUST-0188,2024-06,,4,0
CUST-0188,2024-07,23.6,7,1
CUST-0188,2024-08,22.7,7,0
CUST-0188,2024-09,17.9,8,0
CUST-0188,2024-10,15.4,3,1
CUST-0188,2024-11,18.3,5,0
CUST-0188,2024-12,17.6,5,0
CUST-0188,2025-01,15.6,4,1
CUST-0188,2025-02,,3,0
CUST-0188,2025-03,19.7,4,0
CUST-0188,2025-04,16.6,8,0
CUST-0188,2025-05,8.2,2,0
CUST-0189,2023-03,11.2,3,0
CUST-0189,2023-04,14.7,4,0
CUST-0189,2023-05,22.7,7,1
CUST-0189,2023-06,15.4,3,1
CUST-0189,2023-07,16.3,3,0
CUST-0189,2023-08,15.0,4,1
CUST-0189,2023-09,22.3,8,0
CUST-0189,2023-10,17.5,3,0
CUST-0189,2023-11,15.1,3,1
CUST-0189,2023-12,22.0,10,0
CUST-0189,2024-01,19.6,9,0
CUST-0189,2024-02,14.5,5,0
CUST-0189,2024-03,18.4,8,0
CUST-0189,2024-04,16.8,3,0
CUST-0189,2024-05,18.5,3,0
CUST-0189,2024-06,13.0,5,0
CUST-0189,2024-07,16.9,3,0
CUST-0189,2024-08,18.7,5,0
CUST-0189,2024-09,16.6,6,1
CUST-0189,2024-10,18.5,3,1
CUST-0189,2024-11,14.2,5,0
CUST-0189,2024-12,16.6,5,0
CUST-0189,2025-01,16.9,8,1
CUST-0189,2025-02,18.0,4,1
CUST-0189,2025-03,16.8,3,0
CUST-0189,2025-04,15.9,3,0
CUST-0189,2025-05,18.4,4,0
CUST-0190,2022-10,19.3,7,0
CUST-0190,2022-11,17.4,5,0
CUST-0190,2022-12,18.6,4,0
CUST-0190,2023-01,15.7,6,0
CUST-0190,2023-02,14.9,7,1
CUST-0190,2023-03,15.1,4,2
CUST-0190,2023-04,15.6,6,0
CUST-0190,2023-05,12.0,2,0
CUST-0190,2023-06,13.0,3,1
CUST-0190,2023-07,16.0,5,1
CUST-0190,2023-08,15.1,5,0
CUST-0190,2023-09,12.7,3,0
CUST-0190,2023-10,13.1,3,0
CUST-0190,2023-11,,2,0
CUST-0190,2023-12,19.5,9,1
CUST-0190,2024-01,15.9,3,0
CUST-0190,2024-02,17.8,3,1
CUST-0190,2024-03,14.1,3,1
CUST-0190,2024-04,11.6,2,0
CUST-0190,2024-05,,3,0
CUST-0190,2024-06,18.1,8,0
CUST-0190,2024-07,15.5,3,1
CUST-0190,2024-08,16.2,7,0
CUST-0190,2024-09,15.4,3,0
CUST-0190,2024-10,12.0,3,0
CUST-0190,2024-11,7.5,2,0
CUST-0190,2024-12,18.7,6,0
CUST-0190,2025-01,13.5,3,1
CUST-0190,2025-02,9.2,2,1
CUST-0190,2025-03,18.8,8,0
CUST-0190,2025-04,13.1,2,0
CUST-0191,2023-02,31.5,10,0
CUST-0191,2023-03,33.1,16,0
CUST-0191,2023-04,22.3,7,0
CUST-0191,2023-05,32.8,14,0
CUST-0191,2023-06,29.6,11,0
CUST-0191,2023-07,28.1,8,1
CUST-0191,2023-08,,8,1
CUST-0191,2023-09,30.8,15,0
CUST-0191,2023-10,27.1,6,1
CUST-0191,2023-11,23.9,7,0
CUST-0191,2023-12,,8,1
CUST-0191,2024-01,25.0,8,1
CUST-0191,2024-02,31.7,6,1
CUST-0191,2024-03,27.5,9,0
CUST-0191,2024-04,27.2,7,1
CUST-0191,2024-05,26.9,6,0
CUST-0191,2024-06,33.9,7,0
CUST-0191,2024-07,29.2,11,1
CUST-0191,2024-08,30.7,6,0
CUST-0191,2024-09,25.8,7,1
CUST-0191,2024-10,27.6,9,0
CUST-0191,2024-11,27.5,8,2
CUST-0191,2024-12,23.7,10,0
CUST-0191,2025-01,25.7,8,1
CUST-0191,2025-02,24.1,5,1
CUST-0191,2025-03,24.2,8,1
CUST-0191,2025-04,29.1,12,0
CUST-0191,2025-05,29.2,7,0
CUST-0192,2023-11,32.2,9,0
CUST-0192,2023-12,26.2,7,0
CUST-0192,2024-01,24.8,7,1
CUST-0192,2024-02,32.2,11,0
CUST-0192,2024-03,32.7,6,0
CUST-0192,2024-04,26.5,6,0
CUST-0192,2024-05,28.0,13,1
CUST-0192,2024-06,29.1,5,0
CUST-0192,2024-07,27.5,7,1
CUST-0192,2024-08,31.1,6,0
CUST-0192,2024-09,25.9,5,1
CUST-0192,2024-10,28.4,7,1
CUST-0192,2024-11,28.4,9,2
CUST-0192,2024-12,30.7,12,1
CUST-0192,2025-01,33.4,8,0
CUST-0192,2025-02,30.8,6,0
CUST-0192,2025-03,27.1,7,0
CUST-0192,2025-04,27.5,5,0
CUST-0192,2025-05,25.0,5,1
CUST-0193,2022-02,21.1,10,1
CUST-0193,2022-03,20.6,7,1
CUST-0193,2022-04,19.4,4,1
CUST-0193,2022-05,,4,1
CUST-0193,2022-06,19.3,3,0
CUST-0193,2022-07,19.8,4,0
CUST-0193,2022-08,15.7,5,0
CUST-0193,2022-09,14.4,4,1
CUST-0193,2022-10,19.1,9,0
CUST-0193,2022-11,17.4,3,0
CUST-0193,2022-12,19.6,5,0
CUST-0193,2023-01,25.9,9,0
CUST-0193,2023-02,16.0,6,3
CUST-0193,2023-03,19.8,8,0
CUST-0193,2023-04,18.2,5,0
CUST-0193,2023-05,16.3,4,1
CUST-0193,2023-06,17.1,4,0
CUST-0193,2023-07,15.4,5,0
CUST-0193,2023-08,15.7,4,0
CUST-0193,2023-09,21.4,4,0
CUST-0193,2023-10,22.9,5,1
CUST-0193,2023-11,21.9,6,1
CUST-0193,2023-12,14.7,4,1
CUST-0193,2024-01,19.8,4,0
CUST-0193,2024-02,16.3,6,0
CUST-0193,2024-03,16.8,4,1
CUST-0193,2024-04,20.4,9,0
CUST-0193,2024-05,22.0,5,1
CUST-0193,2024-06,19.4,4,0
CUST-0193,2024-07,20.7,8,1
CUST-0193,2024-08,23.1,4,1
CUST-0194,2022-01,21.4,6,3
CUST-0194,2022-02,17.8,4,2
CUST-0194,2022-03,16.1,3,0
CUST-0194,2022-04,13.8,3,1
CUST-0194,2022-05,17.9,6,1
CUST-0194,2022-06,16.1,3,2
CUST-0194,2022-07,10.7,2,1
CUST-0194,2022-08,6.5,1,0
CUST-0194,2022-09,12.1,3,4
CUST-0194,2022-10,10.5,2,3
CUST-0194,2022-11,7.7,2,1
CUST-0194,2022-12,2.5,1,2
CUST-0194,2023-01,0.1,1,1
CUST-0194,2023-02,0.0,1,2
CUST-0194,2023-03,0.0,1,1
CUST-0194,2023-04,5.6,1,1
CUST-0194,2023-05,0.0,1,1
CUST-0194,2023-06,4.9,2,0
CUST-0194,2023-07,4.7,1,0
CUST-0194,2023-08,6.7,1,1
CUST-0194,2023-09,0.0,1,1
CUST-0194,2023-10,0.0,1,0
CUST-0194,2023-11,0.0,1,1
CUST-0194,2023-12,0.0,1,0
CUST-0194,2024-01,0.0,1,0
CUST-0194,2024-02,0.0,1,3
CUST-0194,2024-03,0.0,1,1
CUST-0194,2024-04,0.0,1,0
CUST-0194,2024-05,0.0,1,2
CUST-0194,2024-06,5.6,1,0
CUST-0194,2024-07,3.0,1,0
CUST-0195,2023-10,15.5,7,0
CUST-0195,2023-11,23.2,7,1
CUST-0195,2023-12,21.9,5,0
CUST-0195,2024-01,26.8,7,0
CUST-0195,2024-02,24.8,8,1
CUST-0195,2024-03,22.2,4,1
CUST-0195,2024-04,23.6,6,0
CUST-0195,2024-05,,10,1
CUST-0195,2024-06,26.5,12,0
CUST-0195,2024-07,24.8,8,0
CUST-0195,2024-08,20.5,6,0
CUST-0195,2024-09,24.0,6,1
CUST-0195,2024-10,21.8,5,1
CUST-0195,2024-11,23.0,5,0
CUST-0195,2024-12,21.9,7,1
CUST-0195,2025-01,24.1,4,0
CUST-0195,2025-02,21.2,4,1
CUST-0195,2025-03,21.1,9,0
CUST-0195,2025-04,25.2,6,1
CUST-0195,2025-05,24.9,6,1
CUST-0196,2022-12,16.5,3,0
CUST-0196,2023-01,15.1,5,0
CUST-0196,2023-02,16.0,4,2
CUST-0196,2023-03,15.4,6,0
CUST-0196,2023-04,8.4,2,0
CUST-0196,2023-05,16.5,7,1
CUST-0196,2023-06,16.1,6,1
CUST-0196,2023-07,15.8,3,0
CUST-0196,2023-08,13.5,5,1
CUST-0196,2023-09,13.6,6,1
CUST-0196,2023-10,15.0,4,0
CUST-0196,2023-11,10.7,3,0
CUST-0196,2023-12,11.7,3,1
CUST-0196,2024-01,15.0,3,2
CUST-0196,2024-02,8.7,3,0
CUST-0196,2024-03,14.8,6,1
CUST-0196,2024-04,16.3,3,1
CUST-0196,2024-05,14.1,4,1
CUST-0196,2024-06,15.1,3,0
CUST-0196,2024-07,12.8,5,0
CUST-0196,2024-08,9.8,1,0
CUST-0196,2024-09,3.6,1,1
CUST-0196,2024-10,12.5,4,0
CUST-0196,2024-11,14.3,3,1
CUST-0196,2024-12,11.2,4,1
CUST-0196,2025-01,12.4,3,1
CUST-0196,2025-02,6.4,3,0
CUST-0196,2025-03,15.7,6,2
CUST-0196,2025-04,11.2,2,1
CUST-0196,2025-05,13.2,5,1
CUST-0197,2023-12,10.5,4,0
CUST-0197,2024-01,10.2,3,0
CUST-0197,2024-02,,2,0
CUST-0197,2024-03,16.1,3,1
CUST-0197,2024-04,16.6,3,1
CUST-0197,2024-05,8.6,3,0
CUST-0197,2024-06,13.2,3,1
CUST-0197,2024-07,16.8,7,0
CUST-0197,2024-08,,2,0
CUST-0197,2024-09,7.0,1,1
CUST-0197,2024-10,15.9,3,3
CUST-0197,2024-11,11.3,4,1
CUST-0197,2024-12,11.8,2,0
CUST-0197,2025-01,10.8,2,1
CUST-0197,2025-02,10.5,2,1
CUST-0197,2025-03,16.9,4,2
CUST-0197,2025-04,5.3,1,0
CUST-0197,2025-05,10.3,3,0
CUST-0198,2022-01,23.7,9,1
CUST-0198,2022-02,22.4,10,1
CUST-0198,2022-03,25.6,6,2
CUST-0198,2022-04,20.7,8,0
CUST-0198,2022-05,23.7,4,1
CUST-0198,2022-06,28.2,6,0
CUST-0198,2022-07,31.4,11,0
CUST-0198,2022-08,21.8,4,1
CUST-0198,2022-09,16.8,6,0
CUST-0198,2022-10,25.4,9,0
CUST-0198,2022-11,23.7,7,1
CUST-0198,2022-12,25.3,6,1
CUST-0198,2023-01,25.0,7,1
CUST-0198,2023-02,25.6,7,0
CUST-0198,2023-03,22.3,7,0
CUST-0198,2023-04,23.5,6,0
CUST-0198,2023-05,23.6,10,0
CUST-0198,2023-06,28.0,11,0
CUST-0198,2023-07,18.9,7,0
CUST-0198,2023-08,26.9,10,0
CUST-0198,2023-09,27.1,6,0
CUST-0198,2023-10,21.5,4,0
CUST-0198,2023-11,22.8,6,1
CUST-0198,2023-12,22.3,6,1
CUST-0198,2024-01,23.1,9,1
CUST-0198,2024-02,24.5,5,1
CUST-0198,2024-03,23.5,7,2
CUST-0198,2024-04,18.7,7,0
CUST-0198,2024-05,24.6,7,1
CUST-0198,2024-06,23.2,6,0
CUST-0198,2024-07,20.8,5,0
CUST-0199,2024-03,8.1,2,0
CUST-0199,2024-04,7.6,3,0
CUST-0199,2024-05,12.6,3,2
CUST-0199,2024-06,7.7,2,1
CUST-0199,2024-07,15.0,3,0
CUST-0199,2024-08,13.0,4,0
CUST-0199,2024-09,13.5,6,1
CUST-0199,2024-10,11.8,3,1
CUST-0199,2024-11,15.6,4,2
CUST-0199,2024-12,14.2,4,1
CUST-0199,2025-01,13.5,2,1
CUST-0199,2025-02,10.9,4,2
CUST-0199,2025-03,10.7,3,0
CUST-0199,2025-04,12.3,2,0
CUST-0199,2025-05,4.6,1,1
CUST-0200,2022-04,18.9,5,1
CUST-0200,2022-05,13.9,4,0
CUST-0200,2022-06,18.6,5,0
CUST-0200,2022-07,18.7,4,1
CUST-0200,2022-08,15.9,5,0
CUST-0200,2022-09,19.5,6,0
CUST-0200,2022-10,20.3,8,1
CUST-0200,2022-11,19.6,7,1
CUST-0200,2022-12,19.0,3,0
CUST-0200,2023-01,17.9,5,0
CUST-0200,2023-02,,5,1
CUST-0200,2023-03,14.4,4,0
CUST-0200,2023-04,19.1,7,0
CUST-0200,2023-05,14.1,5,0
CUST-0200,2023-06,14.7,7,2
CUST-0200,2023-07,10.4,2,1
CUST-0200,2023-08,20.4,5,1
CUST-0200,2023-09,16.3,3,0
CUST-0200,2023-10,23.4,7,1
CUST-0200,2023-11,16.6,4,0
CUST-0200,2023-12,21.7,5,1
CUST-0200,2024-01,,6,0
CUST-0200,2024-02,24.7,7,0
CUST-0200,2024-03,17.8,5,0
CUST-0200,2024-04,18.5,4,0
CUST-0200,2024-05,15.8,4,0
CUST-0200,2024-06,20.6,6,1
CUST-0200,2024-07,22.7,4,0
CUST-0200,2024-08,14.9,4,0
CUST-0200,2024-09,18.0,8,0
CUST-0200,2024-10,17.5,4,0
CUST-0201,2023-01,11.0,2,1
CUST-0201,2023-02,12.4,3,1
CUST-0201,2023-03,11.3,2,2
CUST-0201,2023-04,10.9,2,2
CUST-0201,2023-05,2.9,1,0
CUST-0201,2023-06,,1,1
CUST-0201,2023-07,16.2,5,2
CUST-0201,2023-08,13.9,4,4
CUST-0201,2023-09,3.2,1,1
CUST-0201,2023-10,6.3,1,2
CUST-0201,2023-11,0.0,1,1
CUST-0201,2023-12,8.2,1,0
CUST-0201,2024-01,5.1,2,3
CUST-0201,2024-02,0.0,1,1
CUST-0201,2024-03,6.7,1,2
CUST-0201,2024-04,0.0,1,2
CUST-0201,2024-05,6.6,1,2
CUST-0201,2024-06,0.0,1,0
CUST-0201,2024-07,0.0,1,1
CUST-0201,2024-08,0.0,1,1
CUST-0201,2024-09,0.0,1,0
CUST-0201,2024-10,0.0,1,1
CUST-0201,2024-11,0.0,1,2
CUST-0201,2024-12,0.0,1,3
CUST-0201,2025-01,0.0,1,0
CUST-0201,2025-02,0.0,1,6
CUST-0201,2025-03,0.0,1,2
CUST-0201,2025-04,,1,0
CUST-0201,2025-05,0.0,1,4
CUST-0202,2024-05,30.7,6,0
CUST-0202,2024-06,26.9,9,0
CUST-0202,2024-07,20.1,9,2
CUST-0202,2024-08,33.7,8,0
CUST-0202,2024-09,23.0,4,0
CUST-0202,2024-10,26.6,6,0
CUST-0202,2024-11,22.0,4,1
CUST-0202,2024-12,17.6,8,1
CUST-0202,2025-01,20.1,5,2
CUST-0202,2025-02,24.1,8,1
CUST-0202,2025-03,21.7,5,2
CUST-0202,2025-04,21.6,8,0
CUST-0202,2025-05,14.3,5,3
CUST-0203,2022-04,30.9,7,2
CUST-0203,2022-05,33.6,10,2
CUST-0203,2022-06,23.8,11,1
CUST-0203,2022-07,18.9,8,2
CUST-0203,2022-08,24.1,6,1
CUST-0203,2022-09,17.2,4,0
CUST-0203,2022-10,28.8,6,1
CUST-0203,2022-11,,8,0
CUST-0203,2022-12,18.0,5,0
CUST-0203,2023-01,15.4,4,0
CUST-0203,2023-02,11.8,2,1
CUST-0203,2023-03,2.1,1,0
CUST-0203,2023-04,24.7,9,3
CUST-0203,2023-05,12.2,6,1
CUST-0203,2023-06,19.3,4,0
CUST-0203,2023-07,2.9,1,1
CUST-0203,2023-08,10.5,2,2
CUST-0203,2023-09,0.0,1,2
CUST-0203,2023-10,14.2,2,1
CUST-0203,2023-11,16.4,5,1
CUST-0203,2023-12,0.0,1,1
CUST-0203,2024-01,1.4,1,2
CUST-0203,2024-02,3.7,1,3
CUST-0203,2024-03,0.0,1,3
CUST-0203,2024-04,0.0,1,0
CUST-0203,2024-05,10.1,4,1
CUST-0203,2024-06,0.0,1,1
CUST-0203,2024-07,0.0,1,2
CUST-0203,2024-08,0.0,1,3
CUST-0203,2024-09,14.8,4,4
CUST-0203,2024-10,6.1,2,1
CUST-0204,2023-08,15.5,4,0
CUST-0204,2023-09,6.5,2,0
CUST-0204,2023-10,13.1,4,0
CUST-0204,2023-11,11.1,2,0
CUST-0204,2023-12,13.1,3,0
CUST-0204,2024-01,12.7,3,2
CUST-0204,2024-02,11.0,3,0
CUST-0204,2024-03,13.5,4,0
CUST-0204,2024-04,14.7,5,0
CUST-0204,2024-05,7.3,2,0
CUST-0204,2024-06,15.3,4,1
CUST-0204,2024-07,11.0,5,1
CUST-0204,2024-08,12.1,3,0
CUST-0204,2024-09,13.9,4,0
CUST-0204,2024-10,14.2,4,0
CUST-0204,2024-11,10.9,3,0
CUST-0204,2024-12,9.0,3,2
CUST-0204,2025-01,10.6,2,0
CUST-0204,2025-02,,5,0
CUST-0204,2025-03,13.2,4,0
CUST-0204,2025-04,16.5,3,0
CUST-0204,2025-05,6.3,2,1
CUST-0205,2023-10,15.7,3,0
CUST-0205,2023-11,6.9,2,0
CUST-0205,2023-12,10.6,2,0
CUST-0205,2024-01,12.9,2,1
CUST-0205,2024-02,6.2,1,1
CUST-0205,2024-03,12.0,2,0
CUST-0205,2024-04,11.6,5,0
CUST-0205,2024-05,6.7,1,0
CUST-0205,2024-06,12.4,3,0
CUST-0205,2024-07,10.0,3,0
CUST-0205,2024-08,10.5,2,0
CUST-0205,2024-09,12.0,3,1
CUST-0205,2024-10,15.8,4,0
CUST-0205,2024-11,9.7,2,1
CUST-0205,2024-12,9.9,3,0
CUST-0205,2025-01,7.8,3,1
CUST-0205,2025-02,13.8,2,0
CUST-0205,2025-03,9.9,2,0
CUST-0205,2025-04,4.2,1,0
CUST-0205,2025-05,7.5,3,0
CUST-0206,2023-01,16.0,3,0
CUST-0206,2023-02,17.2,3,1
CUST-0206,2023-03,13.5,4,1
CUST-0206,2023-04,14.6,6,1
CUST-0206,2023-05,17.8,8,1
CUST-0206,2023-06,9.8,4,0
CUST-0206,2023-07,12.9,4,3
CUST-0206,2023-08,10.6,2,0
CUST-0206,2023-09,10.4,2,1
CUST-0206,2023-10,7.6,1,1
CUST-0206,2023-11,4.3,2,3
CUST-0206,2023-12,0.7,1,2
CUST-0206,2024-01,0.0,1,3
CUST-0206,2024-02,0.0,1,1
CUST-0206,2024-03,3.8,1,0
CUST-0206,2024-04,5.3,1,0
CUST-0206,2024-05,8.4,2,0
CUST-0206,2024-06,0.0,1,2
CUST-0206,2024-07,0.0,1,1
CUST-0206,2024-08,0.0,1,2
CUST-0206,2024-09,0.0,1,3
CUST-0206,2024-10,1.3,1,3
CUST-0206,2024-11,5.2,1,3
CUST-0206,2024-12,0.0,1,0
CUST-0206,2025-01,0.0,1,1
CUST-0206,2025-02,0.0,1,3
CUST-0206,2025-03,0.0,1,3
CUST-0206,2025-04,3.0,1,2
CUST-0206,2025-05,0.0,1,1
CUST-0207,2022-03,9.4,3,0
CUST-0207,2022-04,9.9,4,0
CUST-0207,2022-05,5.3,2,0
CUST-0207,2022-06,6.0,2,0
CUST-0207,2022-07,8.9,3,0
CUST-0207,2022-08,8.6,1,0
CUST-0207,2022-09,9.6,4,0
CUST-0207,2022-10,11.2,2,0
CUST-0207,2022-11,10.4,2,0
CUST-0207,2022-12,11.8,4,0
CUST-0207,2023-01,5.2,1,1
CUST-0207,2023-02,10.0,3,0
CUST-0207,2023-03,5.4,2,0
CUST-0207,2023-04,9.5,3,0
CUST-0207,2023-05,9.5,4,0
CUST-0207,2023-06,,1,0
CUST-0207,2023-07,6.9,2,1
CUST-0207,2023-08,3.7,1,0
CUST-0207,2023-09,6.6,1,0
CUST-0207,2023-10,11.5,4,0
CUST-0207,2023-11,10.6,4,2
CUST-0207,2023-12,8.6,2,0
CUST-0207,2024-01,11.9,2,0
CUST-0207,2024-02,4.9,1,1
CUST-0207,2024-03,12.0,4,0
CUST-0207,2024-04,8.7,2,1
CUST-0207,2024-05,13.9,6,0
CUST-0207,2024-06,7.6,1,0
CUST-0207,2024-07,8.0,2,0
CUST-0207,2024-08,10.0,2,0
CUST-0207,2024-09,7.1,2,1
CUST-0208,2023-04,17.6,4,0
CUST-0208,2023-05,10.5,4,0
CUST-0208,2023-06,11.1,3,0
CUST-0208,2023-07,13.9,4,0
CUST-0208,2023-08,15.1,5,0
CUST-0208,2023-09,9.2,3,0
CUST-0208,2023-10,12.4,4,1
CUST-0208,2023-11,13.7,2,0
CUST-0208,2023-12,15.9,7,0
CUST-0208,2024-01,12.6,4,0
CUST-0208,2024-02,12.4,2,0
CUST-0208,2024-03,6.0,1,0
CUST-0208,2024-04,14.6,4,0
CUST-0208,2024-05,8.4,2,1
CUST-0208,2024-06,8.8,2,0
CUST-0208,2024-07,7.5,1,0
CUST-0208,2024-08,14.4,2,0
CUST-0208,2024-09,12.7,3,0
CUST-0208,2024-10,19.9,8,0
CUST-0208,2024-11,,4,0
CUST-0208,2024-12,12.0,2,0
CUST-0208,2025-01,8.9,3,0
CUST-0208,2025-02,,3,0
CUST-0208,2025-03,14.2,2,1
CUST-0208,2025-04,12.4,3,2
CUST-0208,2025-05,13.4,6,1
CUST-0209,2023-01,11.9,5,1
CUST-0209,2023-02,15.5,5,0
CUST-0209,2023-03,10.2,2,1
CUST-0209,2023-04,10.7,5,0
CUST-0209,2023-05,15.1,5,0
CUST-0209,2023-06,14.4,4,0
CUST-0209,2023-07,20.0,5,0
CUST-0209,2023-08,18.7,4,1
CUST-0209,2023-09,13.4,3,0
CUST-0209,2023-10,17.4,4,2
CUST-0209,2023-11,12.1,3,1
CUST-0209,2023-12,20.2,4,1
CUST-0209,2024-01,15.3,4,0
CUST-0209,2024-02,11.4,2,1
CUST-0209,2024-03,10.5,3,1
CUST-0209,2024-04,18.1,4,0
CUST-0209,2024-05,12.7,4,0
CUST-0209,2024-06,12.6,2,2
CUST-0209,2024-07,14.4,3,0
CUST-0209,2024-08,16.5,7,0
CUST-0209,2024-09,13.7,2,0
CUST-0209,2024-10,17.0,3,0
CUST-0209,2024-11,18.9,4,0
CUST-0209,2024-12,13.2,3,1
CUST-0209,2025-01,14.9,3,0
CUST-0209,2025-02,16.7,4,0
CUST-0209,2025-03,15.7,3,0
CUST-0209,2025-04,19.0,4,1
CUST-0209,2025-05,8.5,2,2
CUST-0210,2024-02,9.3,2,0
CUST-0210,2024-03,10.5,2,0
CUST-0210,2024-04,10.2,3,0
CUST-0210,2024-05,16.0,5,0
CUST-0210,2024-06,17.2,5,0
CUST-0210,2024-07,15.2,5,0
CUST-0210,2024-08,8.3,2,0
CUST-0210,2024-09,10.5,2,1
CUST-0210,2024-10,9.8,2,0
CUST-0210,2024-11,13.7,4,0
CUST-0210,2024-12,12.8,5,0
CUST-0210,2025-01,15.7,3,0
CUST-0210,2025-02,14.0,3,1
CUST-0210,2025-03,12.5,2,1
CUST-0210,2025-04,18.5,5,0
CUST-0210,2025-05,10.0,2,0
CUST-0211,2023-09,13.5,5,1
CUST-0211,2023-10,16.6,6,0
CUST-0211,2023-11,19.5,7,1
CUST-0211,2023-12,17.4,4,0
CUST-0211,2024-01,17.5,5,0
CUST-0211,2024-02,13.6,4,0
CUST-0211,2024-03,18.6,6,3
CUST-0211,2024-04,15.0,4,1
CUST-0211,2024-05,,3,1
CUST-0211,2024-06,20.9,9,0
CUST-0211,2024-07,17.9,3,0
CUST-0211,2024-08,17.3,4,0
CUST-0211,2024-09,16.6,6,0
CUST-0211,2024-10,15.4,5,0
CUST-0211,2024-11,21.8,8,1
CUST-0211,2024-12,19.0,5,0
CUST-0211,2025-01,17.3,5,0
CUST-0211,2025-02,16.4,3,0
CUST-0211,2025-03,16.4,3,0
CUST-0211,2025-04,17.0,3,2
CUST-0211,2025-05,17.9,5,1
CUST-0212,2022-11,26.7,5,0
CUST-0212,2022-12,20.3,9,0
CUST-0212,2023-01,32.6,10,0
CUST-0212,2023-02,16.6,3,1
CUST-0212,2023-03,29.3,14,0
CUST-0212,2023-04,25.1,8,1
CUST-0212,2023-05,23.3,9,0
CUST-0212,2023-06,28.6,13,0
CUST-0212,2023-07,29.5,11,1
CUST-0212,2023-08,31.8,7,0
CUST-0212,2023-09,19.1,4,0
CUST-0212,2023-10,25.6,5,0
CUST-0212,2023-11,18.8,3,0
CUST-0212,2023-12,29.0,13,0
CUST-0212,2024-01,27.5,6,0
CUST-0212,2024-02,23.7,5,0
CUST-0212,2024-03,25.1,6,2
CUST-0212,2024-04,26.8,6,2
CUST-0212,2024-05,26.5,10,3
CUST-0212,2024-06,29.7,6,1
CUST-0212,2024-07,21.7,6,1
CUST-0212,2024-08,15.6,4,0
CUST-0212,2024-09,30.5,6,0
CUST-0212,2024-10,29.4,8,0
CUST-0212,2024-11,25.4,5,2
CUST-0212,2024-12,24.4,5,0
CUST-0212,2025-01,23.3,5,0
CUST-0212,2025-02,21.6,5,0
CUST-0212,2025-03,21.2,5,0
CUST-0212,2025-04,32.2,9,0
CUST-0212,2025-05,20.3,9,0
CUST-0213,2022-02,13.1,3,0
CUST-0213,2022-03,13.7,3,1
CUST-0213,2022-04,8.8,1,1
CUST-0213,2022-05,15.7,3,0
CUST-0213,2022-06,7.1,2,0
CUST-0213,2022-07,11.7,5,0
CUST-0213,2022-08,7.8,2,0
CUST-0213,2022-09,4.5,1,1
CUST-0213,2022-10,,3,2
CUST-0213,2022-11,14.7,4,0
CUST-0213,2022-12,8.2,3,0
CUST-0213,2023-01,11.9,3,0
CUST-0213,2023-02,10.1,4,1
CUST-0213,2023-03,9.1,3,0
CUST-0213,2023-04,10.5,4,1
CUST-0213,2023-05,9.7,2,0
CUST-0213,2023-06,11.0,2,0
CUST-0213,2023-07,15.1,5,1
CUST-0213,2023-08,10.1,4,0
CUST-0213,2023-09,10.9,4,0
CUST-0213,2023-10,8.2,1,0
CUST-0213,2023-11,13.7,4,0
CUST-0213,2023-12,12.0,5,0
CUST-0213,2024-01,11.8,3,0
CUST-0213,2024-02,12.3,3,1
CUST-0213,2024-03,16.4,4,1
CUST-0213,2024-04,9.8,3,0
CUST-0213,2024-05,9.3,3,0
CUST-0213,2024-06,10.6,4,0
CUST-0213,2024-07,11.4,2,0
CUST-0213,2024-08,11.0,5,0
CUST-0214,2023-06,19.5,5,0
CUST-0214,2023-07,14.1,4,1
CUST-0214,2023-08,15.1,5,0
CUST-0214,2023-09,22.2,5,0
CUST-0214,2023-10,19.2,4,0
CUST-0214,2023-11,23.8,5,0
CUST-0214,2023-12,19.7,9,0
CUST-0214,2024-01,23.6,6,1
CUST-0214,2024-02,19.4,5,0
CUST-0214,2024-03,24.3,11,1
CUST-0214,2024-04,18.7,6,0
CUST-0214,2024-05,19.7,5,1
CUST-0214,2024-06,23.8,6,0
CUST-0214,2024-07,19.4,9,0
CUST-0214,2024-08,20.7,7,0
CUST-0214,2024-09,15.1,6,0
CUST-0214,2024-10,18.0,6,0
CUST-0214,2024-11,21.1,5,0
CUST-0214,2024-12,22.2,4,2
CUST-0214,2025-01,21.1,5,0
CUST-0214,2025-02,19.8,7,1
CUST-0214,2025-03,24.5,5,0
CUST-0214,2025-04,20.6,9,0
CUST-0214,2025-05,19.7,6,1
CUST-0215,2022-09,27.9,7,2
CUST-0215,2022-10,28.1,6,0
CUST-0215,2022-11,30.3,11,0
CUST-0215,2022-12,18.0,4,2
CUST-0215,2023-01,19.0,8,3
CUST-0215,2023-02,23.5,7,0
CUST-0215,2023-03,20.0,7,0
CUST-0215,2023-04,18.5,4,1
CUST-0215,2023-05,15.0,5,2
CUST-0215,2023-06,18.2,3,3
CUST-0215,2023-07,10.4,3,0
CUST-0215,2023-08,5.7,1,1
CUST-0215,2023-09,17.1,5,1
CUST-0215,2023-10,23.4,7,3
CUST-0215,2023-11,,3,0
CUST-0215,2023-12,1.6,1,2
CUST-0215,2024-01,9.7,2,1
CUST-0215,2024-02,0.0,1,2
CUST-0215,2024-03,13.4,2,1
CUST-0215,2024-04,0.0,1,0
CUST-0215,2024-05,0.0,1,1
CUST-0215,2024-06,1.1,1,1
CUST-0215,2024-07,,1,0
CUST-0215,2024-08,2.9,1,0
CUST-0215,2024-09,0.0,1,0
CUST-0215,2024-10,0.0,1,3
CUST-0215,2024-11,0.0,1,1
CUST-0215,2024-12,0.0,1,0
CUST-0215,2025-01,0.0,1,3
CUST-0215,2025-02,0.0,1,1
CUST-0215,2025-03,0.0,1,0
CUST-0216,2023-09,6.4,1,0
CUST-0216,2023-10,8.6,2,0
CUST-0216,2023-11,11.0,2,0
CUST-0216,2023-12,9.5,2,0
CUST-0216,2024-01,16.5,3,1
CUST-0216,2024-02,7.9,1,0
CUST-0216,2024-03,9.4,2,0
CUST-0216,2024-04,7.7,1,0
CUST-0216,2024-05,7.3,1,2
CUST-0216,2024-06,12.7,5,0
CUST-0216,2024-07,10.8,2,1
CUST-0216,2024-08,4.7,1,1
CUST-0216,2024-09,9.4,3,0
CUST-0216,2024-10,7.5,1,0
CUST-0216,2024-11,8.1,1,0
CUST-0216,2024-12,2.8,1,0
CUST-0216,2025-01,,1,0
CUST-0216,2025-02,6.0,1,1
CUST-0216,2025-03,3.5,1,0
CUST-0216,2025-04,9.2,3,0
CUST-0216,2025-05,10.1,3,0
CUST-0217,2024-02,25.6,12,0
CUST-0217,2024-03,23.3,6,0
CUST-0217,2024-04,24.2,5,1
CUST-0217,2024-05,25.1,11,0
CUST-0217,2024-06,21.6,6,0
CUST-0217,2024-07,27.4,7,0
CUST-0217,2024-08,22.7,4,0
CUST-0217,2024-09,27.1,6,1
CUST-0217,2024-10,23.5,7,0
CUST-0217,2024-11,24.1,8,2
CUST-0217,2024-12,23.1,6,0
CUST-0217,2025-01,23.5,8,2
CUST-0217,2025-02,17.5,5,0
CUST-0217,2025-03,20.7,6,1
CUST-0217,2025-04,21.9,4,0
CUST-0217,2025-05,25.4,10,1
CUST-0218,2022-11,19.9,4,3
CUST-0218,2022-12,14.8,6,0
CUST-0218,2023-01,17.1,4,2
CUST-0218,2023-02,17.7,8,2
CUST-0218,2023-03,17.7,4,1
CUST-0218,2023-04,12.1,4,3
CUST-0218,2023-05,10.4,5,1
CUST-0218,2023-06,9.1,2,1
CUST-0218,2023-07,12.5,2,1
CUST-0218,2023-08,12.0,3,1
CUST-0218,2023-09,7.2,1,1
CUST-0218,2023-10,9.5,2,0
CUST-0218,2023-11,0.0,1,2
CUST-0218,2023-12,0.0,1,2
CUST-0218,2024-01,5.6,2,1
CUST-0218,2024-02,3.1,1,0
CUST-0218,2024-03,3.6,1,4
CUST-0218,2024-04,2.9,1,2
CUST-0218,2024-05,6.8,1,1
CUST-0218,2024-06,0.0,1,1
CUST-0218,2024-07,2.6,1,3
CUST-0218,2024-08,8.0,1,2
CUST-0218,2024-09,0.0,1,1
CUST-0218,2024-10,0.0,1,1
CUST-0218,2024-11,0.0,1,0
CUST-0218,2024-12,,1,1
CUST-0218,2025-01,0.0,1,2
CUST-0218,2025-02,0.0,1,2
CUST-0218,2025-03,0.0,1,2
CUST-0218,2025-04,0.0,1,1
CUST-0218,2025-05,0.0,1,1
CUST-0219,2024-03,22.2,5,2
CUST-0219,2024-04,20.8,6,0
CUST-0219,2024-05,23.6,6,1
CUST-0219,2024-06,22.0,5,1
CUST-0219,2024-07,17.6,6,0
CUST-0219,2024-08,18.2,4,3
CUST-0219,2024-09,20.0,5,0
CUST-0219,2024-10,19.3,4,0
CUST-0219,2024-11,12.2,3,1
CUST-0219,2024-12,18.7,7,1
CUST-0219,2025-01,11.1,2,0
CUST-0219,2025-02,10.2,3,1
CUST-0219,2025-03,8.0,2,0
CUST-0219,2025-04,0.0,1,2
CUST-0219,2025-05,,1,2
CUST-0220,2023-04,24.7,5,1
CUST-0220,2023-05,21.7,5,0
CUST-0220,2023-06,22.8,7,0
CUST-0220,2023-07,19.1,6,1
CUST-0220,2023-08,21.0,4,3
CUST-0220,2023-09,17.4,8,0
CUST-0220,2023-10,18.8,4,0
CUST-0220,2023-11,14.2,3,1
CUST-0220,2023-12,11.1,2,3
CUST-0220,2024-01,17.5,6,0
CUST-0220,2024-02,18.6,4,3
CUST-0220,2024-03,12.9,3,1
CUST-0220,2024-04,8.7,2,0
CUST-0220,2024-05,11.1,2,0
CUST-0220,2024-06,17.5,3,2
CUST-0220,2024-07,0.0,1,1
CUST-0220,2024-08,7.3,2,0
CUST-0220,2024-09,10.7,2,0
CUST-0220,2024-10,0.0,1,3
CUST-0220,2024-11,0.0,1,2
CUST-0220,2024-12,0.0,1,1
CUST-0220,2025-01,0.0,1,3
CUST-0220,2025-02,1.8,1,2
CUST-0220,2025-03,7.2,1,0
CUST-0220,2025-04,0.0,1,2
CUST-0220,2025-05,0.0,1,1
CUST-0221,2023-04,18.4,5,1
CUST-0221,2023-05,11.6,4,0
CUST-0221,2023-06,17.3,5,0
CUST-0221,2023-07,19.8,7,0
CUST-0221,2023-08,15.3,4,1
CUST-0221,2023-09,18.2,4,2
CUST-0221,2023-10,14.2,3,1
CUST-0221,2023-11,20.6,5,1
CUST-0221,2023-12,21.1,4,0
CUST-0221,2024-01,20.4,8,0
CUST-0221,2024-02,13.4,2,0
CUST-0221,2024-03,19.2,4,0
CUST-0221,2024-04,19.4,5,0
CUST-0221,2024-05,15.9,4,1
CUST-0221,2024-06,16.9,3,0
CUST-0221,2024-07,17.7,5,0
CUST-0221,2024-08,,3,0
CUST-0221,2024-09,11.7,2,1
CUST-0221,2024-10,19.1,8,0
CUST-0221,2024-11,16.3,4,0
CUST-0221,2024-12,12.5,2,0
CUST-0221,2025-01,14.1,5,1
CUST-0221,2025-02,11.2,4,2
CUST-0221,2025-03,21.7,7,0
CUST-0221,2025-04,14.1,6,0
CUST-0221,2025-05,15.9,6,0
CUST-0222,2023-11,20.5,4,0
CUST-0222,2023-12,25.1,9,0
CUST-0222,2024-01,23.7,4,1
CUST-0222,2024-02,32.4,11,0
CUST-0222,2024-03,22.6,4,1
CUST-0222,2024-04,30.1,6,0
CUST-0222,2024-05,21.9,6,1
CUST-0222,2024-06,22.5,8,0
CUST-0222,2024-07,30.3,6,1
CUST-0222,2024-08,,7,0
CUST-0222,2024-09,20.6,4,1
CUST-0222,2024-10,25.0,11,0
CUST-0222,2024-11,29.2,6,0
CUST-0222,2024-12,29.7,5,0
CUST-0222,2025-01,28.2,5,0
CUST-0222,2025-02,25.4,5,1
CUST-0222,2025-03,26.3,6,0
CUST-0222,2025-04,27.0,12,0
CUST-0222,2025-05,28.4,6,0
CUST-0223,2023-12,9.0,2,0
CUST-0223,2024-01,7.6,1,0
CUST-0223,2024-02,10.2,2,0
CUST-0223,2024-03,,1,0
CUST-0223,2024-04,6.9,2,1
CUST-0223,2024-05,9.0,2,2
CUST-0223,2024-06,3.1,1,0
CUST-0223,2024-07,12.8,5,1
CUST-0223,2024-08,9.0,3,0
CUST-0223,2024-09,10.5,2,0
CUST-0223,2024-10,9.5,3,0
CUST-0223,2024-11,15.1,5,0
CUST-0223,2024-12,7.1,1,0
CUST-0223,2025-01,8.4,2,0
CUST-0223,2025-02,10.2,2,1
CUST-0223,2025-03,6.6,2,1
CUST-0223,2025-04,11.7,3,0
CUST-0223,2025-05,6.0,2,0
CUST-0224,2024-03,33.6,10,0
CUST-0224,2024-04,30.7,10,1
CUST-0224,2024-05,27.4,8,0
CUST-0224,2024-06,,10,0
CUST-0224,2024-07,26.7,5,1
CUST-0224,2024-08,26.4,7,0
CUST-0224,2024-09,30.5,9,0
CUST-0224,2024-10,27.8,12,0
CUST-0224,2024-11,25.8,8,1
CUST-0224,2024-12,25.6,7,0
CUST-0224,2025-01,28.6,9,0
CUST-0224,2025-02,23.8,9,0
CUST-0224,2025-03,20.6,8,0
CUST-0224,2025-04,,5,1
CUST-0224,2025-05,26.9,7,1
CUST-0225,2024-06,15.2,3,1
CUST-0225,2024-07,22.6,10,1
CUST-0225,2024-08,16.8,6,0
CUST-0225,2024-09,19.1,5,0
CUST-0225,2024-10,20.6,7,0
CUST-0225,2024-11,22.1,8,1
CUST-0225,2024-12,18.6,4,0
CUST-0225,2025-01,21.4,4,0
CUST-0225,2025-02,19.2,4,1
CUST-0225,2025-03,18.1,5,0
CUST-0225,2025-04,18.1,4,1
CUST-0225,2025-05,20.8,9,0
CUST-0226,2022-05,5.1,1,1
CUST-0226,2022-06,4.1,1,0
CUST-0226,2022-07,9.8,2,0
CUST-0226,2022-08,11.7,2,2
CUST-0226,2022-09,11.3,2,0
CUST-0226,2022-10,8.2,2,0
CUST-0226,2022-11,9.8,2,1
CUST-0226,2022-12,10.1,2,0
CUST-0226,2023-01,10.3,3,1
CUST-0226,2023-02,17.8,5,0
CUST-0226,2023-03,11.9,2,0
CUST-0226,2023-04,11.7,3,0
CUST-0226,2023-05,11.7,4,0
CUST-0226,2023-06,9.9,3,1
CUST-0226,2023-07,11.7,2,2
CUST-0226,2023-08,17.7,4,0
CUST-0226,2023-09,11.1,3,0
CUST-0226,2023-10,10.4,2,0
CUST-0226,2023-11,11.6,3,1
CUST-0226,2023-12,11.2,3,1
CUST-0226,2024-01,7.7,1,1
CUST-0226,2024-02,10.4,2,1
CUST-0226,2024-03,14.2,6,0
CUST-0226,2024-04,10.0,3,1
CUST-0226,2024-05,14.0,3,2
CUST-0226,2024-06,0.0,1,0
CUST-0226,2024-07,10.2,3,0
CUST-0226,2024-08,4.1,1,0
CUST-0226,2024-09,9.1,2,0
CUST-0226,2024-10,7.2,2,0
CUST-0226,2024-11,11.1,2,0
CUST-0227,2023-01,4.9,1,2
CUST-0227,2023-02,3.8,1,0
CUST-0227,2023-03,0.0,1,1
CUST-0227,2023-04,4.9,1,1
CUST-0227,2023-05,0.0,1,1
CUST-0227,2023-06,0.0,1,0
CUST-0227,2023-07,5.3,1,1
CUST-0227,2023-08,0.3,1,0
CUST-0227,2023-09,0.0,1,1
CUST-0227,2023-10,0.0,1,2
CUST-0227,2023-11,1.3,1,1
CUST-0227,2023-12,0.0,1,3
CUST-0227,2024-01,0.0,1,1
CUST-0227,2024-02,0.0,1,4
CUST-0227,2024-03,0.0,1,1
CUST-0227,2024-04,0.0,1,0
CUST-0227,2024-05,0.0,1,1
CUST-0227,2024-06,0.0,1,2
CUST-0227,2024-07,0.0,1,1
CUST-0227,2024-08,0.0,1,1
CUST-0227,2024-09,0.0,1,0
CUST-0227,2024-10,0.0,1,2
CUST-0227,2024-11,0.0,1,0
CUST-0227,2024-12,0.0,1,1
CUST-0227,2025-01,0.0,1,1
CUST-0227,2025-02,0.0,1,1
CUST-0227,2025-03,0.0,1,2
CUST-0227,2025-04,0.0,1,2
CUST-0227,2025-05,0.0,1,3
CUST-0228,2024-04,12.1,3,0
CUST-0228,2024-05,11.2,2,0
CUST-0228,2024-06,10.6,2,2
CUST-0228,2024-07,9.7,4,0
CUST-0228,2024-08,5.5,1,1
CUST-0228,2024-09,12.0,5,0
CUST-0228,2024-10,7.5,3,0
CUST-0228,2024-11,12.0,5,0
CUST-0228,2024-12,7.8,1,0
CUST-0228,2025-01,10.1,2,0
CUST-0228,2025-02,5.1,1,1
CUST-0228,2025-03,12.8,2,0
CUST-0228,2025-04,7.9,1,0
CUST-0228,2025-05,8.0,2,1
CUST-0229,2022-10,30.0,10,0
CUST-0229,2022-11,29.9,6,0
CUST-0229,2022-12,,8,0
CUST-0229,2023-01,32.0,7,0
CUST-0229,2023-02,26.1,7,1
CUST-0229,2023-03,27.2,10,0
CUST-0229,2023-04,25.5,12,0
CUST-0229,2023-05,25.8,12,3
CUST-0229,2023-06,29.5,14,0
CUST-0229,2023-07,28.4,7,0
CUST-0229,2023-08,27.6,7,0
CUST-0229,2023-09,25.6,6,0
CUST-0229,2023-10,23.9,10,2
CUST-0229,2023-11,26.6,6,0
CUST-0229,2023-12,27.4,6,0
CUST-0229,2024-01,21.5,7,2
CUST-0229,2024-02,35.6,8,1
CUST-0229,2024-03,29.2,7,2
CUST-0229,2024-04,24.3,4,0
CUST-0229,2024-05,27.9,8,0
CUST-0229,2024-06,24.3,6,0
CUST-0229,2024-07,27.4,7,0
CUST-0229,2024-08,34.2,16,0
CUST-0229,2024-09,25.6,10,0
CUST-0229,2024-10,28.2,7,0
CUST-0229,2024-11,25.7,6,0
CUST-0229,2024-12,25.7,11,1
CUST-0229,2025-01,30.1,10,0
CUST-0229,2025-02,30.3,9,0
CUST-0229,2025-03,27.4,5,0
CUST-0229,2025-04,32.4,8,0
CUST-0230,2022-01,23.3,4,2
CUST-0230,2022-02,28.0,6,3
CUST-0230,2022-03,21.1,5,2
CUST-0230,2022-04,,3,2
CUST-0230,2022-05,17.0,6,2
CUST-0230,2022-06,15.2,5,0
CUST-0230,2022-07,20.5,6,0
CUST-0230,2022-08,24.9,8,2
CUST-0230,2022-09,13.9,2,3
CUST-0230,2022-10,12.2,3,1
CUST-0230,2022-11,6.8,2,3
CUST-0230,2022-12,18.5,5,1
CUST-0230,2023-01,0.0,1,1
CUST-0230,2023-02,13.8,3,3
CUST-0230,2023-03,5.4,2,0
CUST-0230,2023-04,,1,2
CUST-0230,2023-05,19.6,6,1
CUST-0230,2023-06,15.2,3,0
CUST-0230,2023-07,0.0,1,1
CUST-0230,2023-08,,3,1
CUST-0230,2023-09,0.0,1,1
CUST-0230,2023-10,7.7,1,3
CUST-0230,2023-11,0.0,1,2
CUST-0230,2023-12,0.0,1,2
CUST-0230,2024-01,0.0,1,1
CUST-0230,2024-02,0.0,1,1
CUST-0230,2024-03,1.8,1,2
CUST-0230,2024-04,0.0,1,0
CUST-0230,2024-05,0.0,1,1
CUST-0230,2024-06,,1,1
CUST-0230,2024-07,0.0,1,0
CUST-0231,2023-06,23.9,5,1
CUST-0231,2023-07,23.0,10,0
CUST-0231,2023-08,24.2,5,1
CUST-0231,2023-09,26.1,8,0
CUST-0231,2023-10,26.5,5,0
CUST-0231,2023-11,26.9,7,0
CUST-0231,2023-12,31.2,6,0
CUST-0231,2024-01,31.1,10,0
CUST-0231,2024-02,23.6,5,1
CUST-0231,2024-03,29.4,8,1
CUST-0231,2024-04,24.2,10,0
CUST-0231,2024-05,29.9,14,1
CUST-0231,2024-06,23.3,6,0
CUST-0231,2024-07,20.4,5,0
CUST-0231,2024-08,33.1,8,0
CUST-0231,2024-09,20.2,5,0
CUST-0231,2024-10,26.7,7,0
CUST-0231,2024-11,26.3,10,0
CUST-0231,2024-12,27.4,7,0
CUST-0231,2025-01,22.2,7,1
CUST-0231,2025-02,31.5,8,0
CUST-0231,2025-03,25.2,5,0
CUST-0231,2025-04,24.5,8,0
CUST-0231,2025-05,30.7,13,2
CUST-0232,2023-11,23.1,5,1
CUST-0232,2023-12,21.6,5,1
CUST-0232,2024-01,15.4,4,0
CUST-0232,2024-02,13.4,4,0
CUST-0232,2024-03,21.9,5,0
CUST-0232,2024-04,21.1,10,1
CUST-0232,2024-05,15.8,4,1
CUST-0232,2024-06,13.0,4,0
CUST-0232,2024-07,22.1,4,1
CUST-0232,2024-08,17.1,4,0
CUST-0232,2024-09,22.2,5,0
CUST-0232,2024-10,16.0,4,1
CUST-0232,2024-11,15.3,3,0
CUST-0232,2024-12,16.3,3,0
CUST-0232,2025-01,22.5,9,2
CUST-0232,2025-02,20.2,4,0
CUST-0232,2025-03,,3,0
CUST-0232,2025-04,19.5,8,0
CUST-0232,2025-05,18.2,6,1
CUST-0233,2023-10,11.6,3,1
CUST-0233,2023-11,9.7,3,1
CUST-0233,2023-12,12.4,5,0
CUST-0233,2024-01,9.8,2,1
CUST-0233,2024-02,8.3,1,1
CUST-0233,2024-03,0.0,1,0
CUST-0233,2024-04,3.8,1,1
CUST-0233,2024-05,8.0,2,2
CUST-0233,2024-06,4.3,1,0
CUST-0233,2024-07,6.9,1,1
CUST-0233,2024-08,0.0,1,1
CUST-0233,2024-09,0.0,1,0
CUST-0233,2024-10,0.0,1,3
CUST-0233,2024-11,0.0,1,0
CUST-0233,2024-12,0.0,1,0
CUST-0233,2025-01,0.0,1,0
CUST-0233,2025-02,0.0,1,0
CUST-0233,2025-03,0.0,1,0
CUST-0233,2025-04,0.0,1,4
CUST-0233,2025-05,0.0,1,3
CUST-0234,2023-12,16.3,6,0
CUST-0234,2024-01,16.1,4,1
CUST-0234,2024-02,10.5,2,0
CUST-0234,2024-03,12.4,3,1
CUST-0234,2024-04,11.7,3,0
CUST-0234,2024-05,16.9,6,0
CUST-0234,2024-06,13.6,4,0
CUST-0234,2024-07,,2,0
CUST-0234,2024-08,13.5,5,0
CUST-0234,2024-09,8.0,1,1
CUST-0234,2024-10,12.7,3,0
CUST-0234,2024-11,12.3,3,0
CUST-0234,2024-12,7.1,3,0
CUST-0234,2025-01,15.1,4,0
CUST-0234,2025-02,15.7,5,0
CUST-0234,2025-03,16.1,3,0
CUST-0234,2025-04,14.9,3,1
CUST-0234,2025-05,14.5,4,1
CUST-0235,2023-08,,3,1
CUST-0235,2023-09,25.3,9,1
CUST-0235,2023-10,22.3,10,0
CUST-0235,2023-11,25.8,6,0
CUST-0235,2023-12,21.0,4,0
CUST-0235,2024-01,28.6,7,2
CUST-0235,2024-02,21.8,4,1
CUST-0235,2024-03,24.3,11,1
CUST-0235,2024-04,22.4,5,0
CUST-0235,2024-05,28.1,10,0
CUST-0235,2024-06,26.9,11,1
CUST-0235,2024-07,27.1,10,0
CUST-0235,2024-08,17.2,4,1
CUST-0235,2024-09,22.3,7,1
CUST-0235,2024-10,23.5,5,0
CUST-0235,2024-11,27.0,10,1
CUST-0235,2024-12,20.9,8,0
CUST-0235,2025-01,18.4,5,0
CUST-0235,2025-02,23.7,7,1
CUST-0235,2025-03,29.0,12,0
CUST-0235,2025-04,25.5,9,1
CUST-0235,2025-05,23.2,5,0
CUST-0236,2022-05,16.8,5,2
CUST-0236,2022-06,20.4,4,1
CUST-0236,2022-07,13.7,3,2
CUST-0236,2022-08,8.1,2,3
CUST-0236,2022-09,13.1,4,0
CUST-0236,2022-10,13.2,5,1
CUST-0236,2022-11,5.2,1,2
CUST-0236,2022-12,6.2,1,2
CUST-0236,2023-01,11.2,3,1
CUST-0236,2023-02,0.0,1,2
CUST-0236,2023-03,4.8,1,0
CUST-0236,2023-04,13.2,2,0
CUST-0236,2023-05,11.6,2,0
CUST-0236,2023-06,0.0,1,0
CUST-0236,2023-07,14.5,3,0
CUST-0236,2023-08,0.0,1,2
CUST-0236,2023-09,0.0,1,2
CUST-0236,2023-10,0.0,1,2
CUST-0236,2023-11,0.0,1,0
CUST-0236,2023-12,0.0,1,0
CUST-0236,2024-01,12.1,3,0
CUST-0236,2024-02,0.0,1,0
CUST-0236,2024-03,0.0,1,0
CUST-0236,2024-04,0.0,1,1
CUST-0236,2024-05,0.0,1,0
CUST-0236,2024-06,0.0,1,2
CUST-0236,2024-07,0.0,1,2
CUST-0236,2024-08,0.0,1,0
CUST-0236,2024-09,,1,1
CUST-0236,2024-10,0.0,1,2
CUST-0236,2024-11,0.0,1,2
CUST-0237,2024-02,20.5,7,2
CUST-0237,2024-03,27.0,9,0
CUST-0237,2024-04,29.4,7,0
CUST-0237,2024-05,22.5,6,0
CUST-0237,2024-06,18.6,4,1
CUST-0237,2024-07,26.5,5,2
CUST-0237,2024-08,21.8,8,0
CUST-0237,2024-09,21.4,8,0
CUST-0237,2024-10,25.3,9,0
CUST-0237,2024-11,31.8,7,2
CUST-0237,2024-12,24.4,6,0
CUST-0237,2025-01,19.6,9,1
CUST-0237,2025-02,19.9,4,0
CUST-0237,2025-03,19.2,7,0
CUST-0237,2025-04,20.2,6,0
CUST-0237,2025-05,22.1,9,1
CUST-0238,2023-01,22.0,7,0
CUST-0238,2023-02,23.6,8,1
CUST-0238,2023-03,25.0,9,2
CUST-0238,2023-04,26.0,6,0
CUST-0238,2023-05,20.0,4,0
CUST-0238,2023-06,18.9,8,1
CUST-0238,2023-07,24.1,7,0
CUST-0238,2023-08,19.8,4,0
CUST-0238,2023-09,27.3,10,1
CUST-0238,2023-10,19.3,6,0
CUST-0238,2023-11,19.8,7,0
CUST-0238,2023-12,16.8,4,1
CUST-0238,2024-01,21.2,9,0
CUST-0238,2024-02,24.2,4,0
CUST-0238,2024-03,18.8,9,0
CUST-0238,2024-04,28.0,12,1
CUST-0238,2024-05,23.8,9,0
CUST-0238,2024-06,25.0,7,2
CUST-0238,2024-07,26.9,11,1
CUST-0238,2024-08,23.1,8,0
CUST-0238,2024-09,24.7,11,0
CUST-0238,2024-10,24.3,11,0
CUST-0238,2024-11,21.8,6,1
CUST-0238,2024-12,21.8,5,0
CUST-0238,2025-01,22.3,7,1
CUST-0238,2025-02,20.8,5,0
CUST-0238,2025-03,21.9,7,0
CUST-0238,2025-04,21.1,4,0
CUST-0238,2025-05,17.8,3,1
CUST-0239,2024-02,16.2,5,0
CUST-0239,2024-03,13.3,2,0
CUST-0239,2024-04,13.0,2,0
CUST-0239,2024-05,14.4,3,2
CUST-0239,2024-06,17.0,3,0
CUST-0239,2024-07,11.1,4,0
CUST-0239,2024-08,16.9,3,0
CUST-0239,2024-09,,2,0
CUST-0239,2024-10,17.9,8,1
CUST-0239,2024-11,15.7,6,0
CUST-0239,2024-12,15.1,3,1
CUST-0239,2025-01,12.0,4,2
CUST-0239,2025-02,10.0,2,0
CUST-0239,2025-03,12.9,3,0
CUST-0239,2025-04,13.6,5,0
CUST-0239,2025-05,12.9,2,0
CUST-0240,2024-01,23.0,9,1
CUST-0240,2024-02,32.2,14,0
CUST-0240,2024-03,29.7,10,1
CUST-0240,2024-04,27.0,7,1
CUST-0240,2024-05,27.8,8,0
CUST-0240,2024-06,22.6,5,0
CUST-0240,2024-07,28.1,7,0
CUST-0240,2024-08,23.7,7,0
CUST-0240,2024-09,30.8,10,0
CUST-0240,2024-10,,6,1
CUST-0240,2024-11,24.7,10,1
CUST-0240,2024-12,26.3,7,0
CUST-0240,2025-01,32.4,9,0
CUST-0240,2025-02,29.5,6,1
CUST-0240,2025-03,27.4,8,0
CUST-0240,2025-04,27.9,6,0
CUST-0240,2025-05,30.3,11,1
CUST-0241,2024-05,14.9,7,0
CUST-0241,2024-06,18.1,5,1
CUST-0241,2024-07,15.6,3,1
CUST-0241,2024-08,19.6,6,1
CUST-0241,2024-09,17.2,4,0
CUST-0241,2024-10,13.2,2,1
CUST-0241,2024-11,14.4,6,0
CUST-0241,2024-12,9.9,4,0
CUST-0241,2025-01,15.6,3,0
CUST-0241,2025-02,18.2,8,0
CUST-0241,2025-03,14.5,4,0
CUST-0241,2025-04,17.6,6,1
CUST-0241,2025-05,17.9,6,2
CUST-0242,2022-01,16.2,5,0
CUST-0242,2022-02,14.7,4,1
CUST-0242,2022-03,16.7,5,0
CUST-0242,2022-04,14.6,3,0
CUST-0242,2022-05,18.1,7,0
CUST-0242,2022-06,14.8,6,0
CUST-0242,2022-07,15.9,4,0
CUST-0242,2022-08,16.1,5,0
CUST-0242,2022-09,16.3,4,0
CUST-0242,2022-10,11.9,2,0
CUST-0242,2022-11,16.8,4,0
CUST-0242,2022-12,10.6,3,0
CUST-0242,2023-01,16.0,7,0
CUST-0242,2023-02,16.8,5,0
CUST-0242,2023-03,14.0,2,0
CUST-0242,2023-04,15.1,4,2
CUST-0242,2023-05,9.5,2,0
CUST-0242,2023-06,14.6,4,1
CUST-0242,2023-07,19.8,9,0
CUST-0242,2023-08,19.8,5,0
CUST-0242,2023-09,14.3,3,0
CUST-0242,2023-10,20.1,9,1
CUST-0242,2023-11,15.1,4,0
CUST-0242,2023-12,16.8,5,2
CUST-0242,2024-01,10.1,3,1
CUST-0242,2024-02,9.7,4,3
CUST-0242,2024-03,19.6,5,0
CUST-0242,2024-04,17.8,3,0
CUST-0242,2024-05,15.4,3,0
CUST-0242,2024-06,18.0,4,0
CUST-0242,2024-07,13.8,2,0
CUST-0243,2024-02,21.5,4,1
CUST-0243,2024-03,18.9,5,0
CUST-0243,2024-04,22.2,5,1
CUST-0243,2024-05,16.4,5,1
CUST-0243,2024-06,15.5,4,0
CUST-0243,2024-07,11.5,3,2
CUST-0243,2024-08,17.1,5,0
CUST-0243,2024-09,16.4,7,2
CUST-0243,2024-10,6.6,1,0
CUST-0243,2024-11,13.0,5,0
CUST-0243,2024-12,11.0,4,2
CUST-0243,2025-01,13.4,4,2
CUST-0243,2025-02,11.4,2,0
CUST-0243,2025-03,13.6,5,2
CUST-0243,2025-04,10.8,5,2
CUST-0243,2025-05,7.2,2,0
CUST-0244,2023-07,27.7,6,0
CUST-0244,2023-08,23.7,10,0
CUST-0244,2023-09,21.0,4,0
CUST-0244,2023-10,16.8,4,0
CUST-0244,2023-11,20.7,4,0
CUST-0244,2023-12,22.5,5,0
CUST-0244,2024-01,23.7,7,0
CUST-0244,2024-02,21.4,9,0
CUST-0244,2024-03,30.6,7,0
CUST-0244,2024-04,30.5,9,1
CUST-0244,2024-05,21.0,10,0
CUST-0244,2024-06,20.9,7,1
CUST-0244,2024-07,25.8,7,2
CUST-0244,2024-08,22.9,5,0
CUST-0244,2024-09,29.3,9,0
CUST-0244,2024-10,26.6,10,1
CUST-0244,2024-11,28.3,6,0
CUST-0244,2024-12,24.6,7,0
CUST-0244,2025-01,20.5,4,0
CUST-0244,2025-02,18.7,4,1
CUST-0244,2025-03,23.3,11,0
CUST-0244,2025-04,27.5,7,0
CUST-0244,2025-05,24.2,5,0
CUST-0245,2023-03,,3,0
CUST-0245,2023-04,1.2,1,0
CUST-0245,2023-05,11.3,2,3
CUST-0245,2023-06,3.9,1,0
CUST-0245,2023-07,8.9,2,0
CUST-0245,2023-08,11.5,2,0
CUST-0245,2023-09,4.3,1,0
CUST-0245,2023-10,10.7,3,0
CUST-0245,2023-11,9.5,3,1
CUST-0245,2023-12,8.1,3,0
CUST-0245,2024-01,8.4,3,0
CUST-0245,2024-02,6.3,1,1
CUST-0245,2024-03,6.6,1,0
CUST-0245,2024-04,7.7,2,0
CUST-0245,2024-05,3.1,1,0
CUST-0245,2024-06,5.5,1,0
CUST-0245,2024-07,3.0,1,1
CUST-0245,2024-08,0.0,1,0
CUST-0245,2024-09,0.0,1,0
CUST-0245,2024-10,9.1,2,0
CUST-0245,2024-11,7.6,2,0
CUST-0245,2024-12,2.6,1,0
CUST-0245,2025-01,6.9,1,0
CUST-0245,2025-02,6.6,1,2
CUST-0245,2025-03,6.5,2,1
CUST-0245,2025-04,6.7,1,0
CUST-0245,2025-05,3.3,1,1
CUST-0246,2023-12,13.3,4,0
CUST-0246,2024-01,18.2,4,0
CUST-0246,2024-02,16.9,4,4
CUST-0246,2024-03,19.0,6,2
CUST-0246,2024-04,9.2,2,0
CUST-0246,2024-05,19.8,4,0
CUST-0246,2024-06,15.2,5,2
CUST-0246,2024-07,5.6,1,2
CUST-0246,2024-08,15.4,6,0
CUST-0246,2024-09,0.0,1,3
CUST-0246,2024-10,11.2,4,0
CUST-0246,2024-11,5.1,1,1
CUST-0246,2024-12,9.0,1,2
CUST-0246,2025-01,0.0,1,0
CUST-0246,2025-02,4.4,2,0
CUST-0246,2025-03,8.7,4,1
CUST-0246,2025-04,0.0,1,0
CUST-0246,2025-05,,1,0
CUST-0247,2024-05,23.6,9,0
CUST-0247,2024-06,17.7,3,1
CUST-0247,2024-07,8.7,3,2
CUST-0247,2024-08,11.1,2,0
CUST-0247,2024-09,12.7,5,3
CUST-0247,2024-10,15.7,3,2
CUST-0247,2024-11,13.8,3,1
CUST-0247,2024-12,12.3,2,1
CUST-0247,2025-01,9.3,3,0
CUST-0247,2025-02,0.9,1,3
CUST-0247,2025-03,0.5,1,0
CUST-0247,2025-04,5.5,1,0
CUST-0247,2025-05,0.0,1,1
CUST-0248,2023-04,9.2,2,0
CUST-0248,2023-05,6.2,2,0
CUST-0248,2023-06,5.7,2,0
CUST-0248,2023-07,14.0,3,0
CUST-0248,2023-08,15.7,4,1
CUST-0248,2023-09,12.2,3,1
CUST-0248,2023-10,20.1,5,1
CUST-0248,2023-11,18.3,8,0
CUST-0248,2023-12,9.8,3,0
CUST-0248,2024-01,11.9,4,0
CUST-0248,2024-02,11.6,2,0
CUST-0248,2024-03,13.4,2,0
CUST-0248,2024-04,8.6,2,0
CUST-0248,2024-05,14.6,3,1
CUST-0248,2024-06,11.5,3,1
CUST-0248,2024-07,9.3,1,2
CUST-0248,2024-08,14.0,4,0
CUST-0248,2024-09,9.5,2,0
CUST-0248,2024-10,7.5,2,0
CUST-0248,2024-11,15.0,3,0
CUST-0248,2024-12,7.1,1,1
CUST-0248,2025-01,16.4,4,1
CUST-0248,2025-02,14.9,4,0
CUST-0248,2025-03,15.7,4,0
CUST-0248,2025-04,,4,1
CUST-0248,2025-05,17.5,6,2
CUST-0249,2022-03,19.7,4,0
CUST-0249,2022-04,11.4,3,1
CUST-0249,2022-05,17.7,5,1
CUST-0249,2022-06,18.6,4,1
CUST-0249,2022-07,17.0,4,0
CUST-0249,2022-08,12.5,3,0
CUST-0249,2022-09,13.6,5,0
CUST-0249,2022-10,15.7,7,0
CUST-0249,2022-11,17.7,7,0
CUST-0249,2022-12,22.6,5,1
CUST-0249,2023-01,14.6,5,0
CUST-0249,2023-02,12.3,2,1
CUST-0249,2023-03,18.5,4,1
CUST-0249,2023-04,14.6,4,0
CUST-0249,2023-05,13.6,3,0
CUST-0249,2023-06,15.7,3,0
CUST-0249,2023-07,12.1,2,0
CUST-0249,2023-08,14.9,5,1
CUST-0249,2023-09,15.5,4,0
CUST-0249,2023-10,16.9,4,0
CUST-0249,2023-11,11.9,3,0
CUST-0249,2023-12,13.9,6,2
CUST-0249,2024-01,14.0,4,1
CUST-0249,2024-02,20.1,5,0
CUST-0249,2024-03,14.6,5,0
CUST-0249,2024-04,19.6,5,0
CUST-0249,2024-05,16.4,5,0
CUST-0249,2024-06,12.5,2,0
CUST-0249,2024-07,19.0,7,0
CUST-0249,2024-08,15.8,7,1
CUST-0249,2024-09,,4,1
CUST-0250,2023-10,23.3,5,1
CUST-0250,2023-11,22.8,6,0
CUST-0250,2023-12,30.0,7,0
CUST-0250,2024-01,22.8,5,0
CUST-0250,2024-02,,5,0
CUST-0250,2024-03,27.1,13,0
CUST-0250,2024-04,,4,0
CUST-0250,2024-05,26.7,7,0
CUST-0250,2024-06,26.5,7,0
CUST-0250,2024-07,30.1,10,2
CUST-0250,2024-08,28.3,8,0
CUST-0250,2024-09,23.7,9,0
CUST-0250,2024-10,20.2,4,1
CUST-0250,2024-11,28.0,6,0
CUST-0250,2024-12,22.7,6,0
CUST-0250,2025-01,32.9,9,1
CUST-0250,2025-02,30.2,11,0
CUST-0250,2025-03,29.1,11,2
CUST-0250,2025-04,26.1,8,0
CUST-0250,2025-05,29.1,8,0
CUST-0251,2022-07,17.6,6,1
CUST-0251,2022-08,21.4,5,0
CUST-0251,2022-09,27.0,7,0
CUST-0251,2022-10,20.4,4,0
CUST-0251,2022-11,25.1,12,0
CUST-0251,2022-12,19.5,5,0
CUST-0251,2023-01,18.2,4,0
CUST-0251,2023-02,16.8,5,0
CUST-0251,2023-03,26.3,6,0
CUST-0251,2023-04,17.6,4,0
CUST-0251,2023-05,20.2,4,1
CUST-0251,2023-06,19.1,7,0
CUST-0251,2023-07,22.7,8,0
CUST-0251,2023-08,13.6,3,0
CUST-0251,2023-09,21.5,5,0
CUST-0251,2023-10,19.2,5,0
CUST-0251,2023-11,21.7,5,1
CUST-0251,2023-12,22.2,10,1
CUST-0251,2024-01,16.0,5,0
CUST-0251,2024-02,28.1,8,0
CUST-0251,2024-03,24.3,5,1
CUST-0251,2024-04,21.0,5,0
CUST-0251,2024-05,15.9,3,1
CUST-0251,2024-06,24.1,5,1
CUST-0251,2024-07,24.6,4,0
CUST-0251,2024-08,14.4,3,0
CUST-0251,2024-09,24.6,11,0
CUST-0251,2024-10,21.1,4,0
CUST-0251,2024-11,,6,1
CUST-0251,2024-12,23.5,6,0
CUST-0251,2025-01,25.9,6,1
CUST-0252,2022-07,20.3,4,0
CUST-0252,2022-08,14.0,2,2
CUST-0252,2022-09,16.6,7,0
CUST-0252,2022-10,18.6,8,0
CUST-0252,2022-11,12.5,4,0
CUST-0252,2022-12,15.3,6,0
CUST-0252,2023-01,,4,0
CUST-0252,2023-02,19.8,7,0
CUST-0252,2023-03,21.5,8,0
CUST-0252,2023-04,12.3,3,0
CUST-0252,2023-05,15.0,7,0
CUST-0252,2023-06,18.8,6,1
CUST-0252,2023-07,19.9,4,0
CUST-0252,2023-08,18.4,5,2
CUST-0252,2023-09,22.4,8,0
CUST-0252,2023-10,16.7,7,0
CUST-0252,2023-11,17.1,4,0
CUST-0252,2023-12,18.8,5,0
CUST-0252,2024-01,15.3,4,0
CUST-0252,2024-02,19.3,5,2
CUST-0252,2024-03,17.7,4,0
CUST-0252,2024-04,14.0,4,1
CUST-0252,2024-05,16.1,3,1
CUST-0252,2024-06,25.2,5,0
CUST-0252,2024-07,24.4,5,0
CUST-0252,2024-08,22.5,5,0
CUST-0252,2024-09,17.1,6,0
CUST-0252,2024-10,19.7,9,1
CUST-0252,2024-11,18.2,6,1
CUST-0252,2024-12,26.5,12,0
CUST-0252,2025-01,7.4,2,0
CUST-0253,2022-06,23.9,10,0
CUST-0253,2022-07,27.2,5,0
CUST-0253,2022-08,25.8,7,0
CUST-0253,2022-09,24.6,5,2
CUST-0253,2022-10,24.7,5,1
CUST-0253,2022-11,23.6,10,0
CUST-0253,2022-12,19.5,4,1
CUST-0253,2023-01,26.0,5,0
CUST-0253,2023-02,30.3,9,2
CUST-0253,2023-03,27.0,13,1
CUST-0253,2023-04,31.7,8,0
CUST-0253,2023-05,23.5,6,0
CUST-0253,2023-06,29.6,11,1
CUST-0253,2023-07,27.8,8,0
CUST-0253,2023-08,23.9,10,0
CUST-0253,2023-09,26.5,5,0
CUST-0253,2023-10,23.9,9,0
CUST-0253,2023-11,22.0,9,0
CUST-0253,2023-12,26.6,10,0
CUST-0253,2024-01,27.5,5,0
CUST-0253,2024-02,24.4,5,0
CUST-0253,2024-03,32.7,16,2
CUST-0253,2024-04,22.5,5,1
CUST-0253,2024-05,24.4,10,0
CUST-0253,2024-06,22.5,8,0
CUST-0253,2024-07,28.6,5,1
CUST-0253,2024-08,22.2,7,0
CUST-0253,2024-09,25.4,9,0
CUST-0253,2024-10,27.2,12,0
CUST-0253,2024-11,27.7,6,1
CUST-0253,2024-12,27.2,6,0
CUST-0254,2022-06,24.8,9,1
CUST-0254,2022-07,23.1,5,0
CUST-0254,2022-08,20.7,5,1
CUST-0254,2022-09,16.6,3,2
CUST-0254,2022-10,19.5,4,0
CUST-0254,2022-11,11.0,2,1
CUST-0254,2022-12,13.9,3,1
CUST-0254,2023-01,18.7,6,1
CUST-0254,2023-02,6.7,2,0
CUST-0254,2023-03,20.3,6,1
CUST-0254,2023-04,4.9,1,1
CUST-0254,2023-05,10.1,2,1
CUST-0254,2023-06,15.8,4,2
CUST-0254,2023-07,1.5,1,1
CUST-0254,2023-08,0.4,1,1
CUST-0254,2023-09,17.4,5,2
CUST-0254,2023-10,0.0,1,1
CUST-0254,2023-11,1.8,1,1
CUST-0254,2023-12,0.0,1,3
CUST-0254,2024-01,0.0,1,0
CUST-0254,2024-02,0.0,1,0
CUST-0254,2024-03,0.0,1,1
CUST-0254,2024-04,0.0,1,1
CUST-0254,2024-05,5.4,1,2
CUST-0254,2024-06,0.0,1,0
CUST-0254,2024-07,0.0,1,2
CUST-0254,2024-08,0.0,1,2
CUST-0254,2024-09,0.0,1,2
CUST-0254,2024-10,,1,2
CUST-0254,2024-11,0.0,1,1
CUST-0254,2024-12,6.2,1,3
CUST-0255,2024-03,7.4,1,3
CUST-0255,2024-04,,1,1
CUST-0255,2024-05,6.3,3,0
CUST-0255,2024-06,0.0,1,1
CUST-0255,2024-07,2.0,1,2
CUST-0255,2024-08,2.3,1,0
CUST-0255,2024-09,0.0,1,0
CUST-0255,2024-10,0.0,1,0
CUST-0255,2024-11,0.0,1,2
CUST-0255,2024-12,0.3,1,2
CUST-0255,2025-01,0.0,1,1
CUST-0255,2025-02,0.0,1,1
CUST-0255,2025-03,0.0,1,5
CUST-0255,2025-04,0.0,1,0
CUST-0255,2025-05,0.0,1,0
CUST-0256,2022-11,23.1,8,0
CUST-0256,2022-12,21.5,9,0
CUST-0256,2023-01,15.4,5,0
CUST-0256,2023-02,20.5,8,0
CUST-0256,2023-03,30.2,6,1
CUST-0256,2023-04,23.6,5,0
CUST-0256,2023-05,17.6,6,1
CUST-0256,2023-06,22.0,5,1
CUST-0256,2023-07,19.9,4,0
CUST-0256,2023-08,21.4,7,0
CUST-0256,2023-09,20.5,4,0
CUST-0256,2023-10,15.4,5,0
CUST-0256,2023-11,23.6,5,0
CUST-0256,2023-12,23.5,7,0
CUST-0256,2024-01,19.3,7,0
CUST-0256,2024-02,18.0,4,0
CUST-0256,2024-03,17.1,3,0
CUST-0256,2024-04,28.3,7,1
CUST-0256,2024-05,17.3,6,0
CUST-0256,2024-06,21.6,4,0
CUST-0256,2024-07,29.6,7,1
CUST-0256,2024-08,20.9,4,1
CUST-0256,2024-09,20.2,4,0
CUST-0256,2024-10,17.9,5,0
CUST-0256,2024-11,23.5,4,0
CUST-0256,2024-12,24.2,5,0
CUST-0256,2025-01,27.9,11,0
CUST-0256,2025-02,19.1,5,0
CUST-0256,2025-03,22.1,6,0
CUST-0256,2025-04,25.3,6,2
CUST-0256,2025-05,21.4,8,0
CUST-0257,2022-04,18.7,5,0
CUST-0257,2022-05,10.6,2,1
CUST-0257,2022-06,12.5,2,1
CUST-0257,2022-07,11.4,2,0
CUST-0257,2022-08,5.4,2,0
CUST-0257,2022-09,6.2,2,2
CUST-0257,2022-10,,1,2
CUST-0257,2022-11,8.0,2,0
CUST-0257,2022-12,7.5,1,2
CUST-0257,2023-01,0.0,1,0
CUST-0257,2023-02,6.8,2,2
CUST-0257,2023-03,0.0,1,0
CUST-0257,2023-04,0.0,1,1
CUST-0257,2023-05,0.0,1,2
CUST-0257,2023-06,0.0,1,0
CUST-0257,2023-07,0.0,1,2
CUST-0257,2023-08,0.0,1,0
CUST-0257,2023-09,0.0,1,1
CUST-0257,2023-10,0.0,1,1
CUST-0257,2023-11,0.0,1,2
CUST-0257,2023-12,0.0,1,1
CUST-0257,2024-01,0.0,1,4
CUST-0257,2024-02,,1,0
CUST-0257,2024-03,0.0,1,1
CUST-0257,2024-04,0.0,1,0
CUST-0257,2024-05,0.0,1,1
CUST-0257,2024-06,0.0,1,2
CUST-0257,2024-07,0.0,1,1
CUST-0257,2024-08,,1,2
CUST-0257,2024-09,0.0,1,0
CUST-0257,2024-10,0.0,1,1
CUST-0258,2022-06,23.6,6,0
CUST-0258,2022-07,19.0,8,0
CUST-0258,2022-08,22.6,5,0
CUST-0258,2022-09,9.4,1,0
CUST-0258,2022-10,14.0,3,1
CUST-0258,2022-11,17.0,4,0
CUST-0258,2022-12,22.9,4,0
CUST-0258,2023-01,10.0,2,0
CUST-0258,2023-02,14.2,4,0
CUST-0258,2023-03,14.1,2,0
CUST-0258,2023-04,16.8,5,1
CUST-0258,2023-05,18.9,4,0
CUST-0258,2023-06,16.6,3,0
CUST-0258,2023-07,19.4,9,0
CUST-0258,2023-08,13.0,4,0
CUST-0258,2023-09,14.9,3,0
CUST-0258,2023-10,18.4,7,0
CUST-0258,2023-11,16.8,5,1
CUST-0258,2023-12,17.2,5,0
CUST-0258,2024-01,22.1,5,0
CUST-0258,2024-02,15.2,3,0
CUST-0258,2024-03,15.3,3,1
CUST-0258,2024-04,19.3,8,0
CUST-0258,2024-05,20.0,6,0
CUST-0258,2024-06,12.8,5,0
CUST-0258,2024-07,17.2,7,1
CUST-0258,2024-08,14.7,3,0
CUST-0258,2024-09,18.8,4,0
CUST-0258,2024-10,14.6,4,0
CUST-0258,2024-11,16.2,7,0
CUST-0258,2024-12,18.1,5,1
CUST-0259,2022-12,18.1,4,0
CUST-0259,2023-01,16.7,4,1
CUST-0259,2023-02,16.3,5,0
CUST-0259,2023-03,17.1,8,1
CUST-0259,2023-04,17.2,4,0
CUST-0259,2023-05,,3,0
CUST-0259,2023-06,19.9,6,1
CUST-0259,2023-07,14.6,5,0
CUST-0259,2023-08,15.9,4,0
CUST-0259,2023-09,11.8,3,0
CUST-0259,2023-10,14.3,4,1
CUST-0259,2023-11,20.1,6,0
CUST-0259,2023-12,17.3,4,1
CUST-0259,2024-01,12.6,4,0
CUST-0259,2024-02,14.5,3,0
CUST-0259,2024-03,10.6,4,1
CUST-0259,2024-04,17.0,8,0
CUST-0259,2024-05,20.2,4,0
CUST-0259,2024-06,12.4,5,1
CUST-0259,2024-07,13.8,6,0
CUST-0259,2024-08,15.6,4,0
CUST-0259,2024-09,15.1,6,0
CUST-0259,2024-10,14.8,3,1
CUST-0259,2024-11,16.8,4,0
CUST-0259,2024-12,12.8,3,0
CUST-0259,2025-01,13.0,3,0
CUST-0259,2025-02,21.5,7,0
CUST-0259,2025-03,15.6,4,1
CUST-0259,2025-04,13.0,4,0
CUST-0259,2025-05,15.3,4,0
CUST-0260,2022-11,26.2,10,0
CUST-0260,2022-12,30.0,6,0
CUST-0260,2023-01,25.6,5,0
CUST-0260,2023-02,27.1,9,0
CUST-0260,2023-03,27.4,11,0
CUST-0260,2023-04,24.9,12,0
CUST-0260,2023-05,36.5,8,0
CUST-0260,2023-06,27.2,9,1
CUST-0260,2023-07,24.0,5,0
CUST-0260,2023-08,32.8,11,1
CUST-0260,2023-09,26.4,6,2
CUST-0260,2023-10,27.5,12,0
CUST-0260,2023-11,27.7,6,0
CUST-0260,2023-12,33.5,7,2
CUST-0260,2024-01,27.6,11,1
CUST-0260,2024-02,33.5,7,1
CUST-0260,2024-03,28.6,6,0
CUST-0260,2024-04,26.5,6,0
CUST-0260,2024-05,33.8,15,0
CUST-0260,2024-06,25.6,7,1
CUST-0260,2024-07,26.6,7,0
CUST-0260,2024-08,27.9,5,0
CUST-0260,2024-09,35.7,7,1
CUST-0260,2024-10,28.4,6,1
CUST-0260,2024-11,32.9,15,0
CUST-0260,2024-12,29.1,6,1
CUST-0260,2025-01,31.5,6,1
CUST-0260,2025-02,25.8,7,0
CUST-0260,2025-03,24.0,5,2
CUST-0260,2025-04,29.3,10,1
CUST-0260,2025-05,30.1,6,0
CUST-0261,2022-10,16.6,3,1
CUST-0261,2022-11,16.1,4,0
CUST-0261,2022-12,23.1,5,0
CUST-0261,2023-01,16.8,6,0
CUST-0261,2023-02,17.3,4,1
CUST-0261,2023-03,16.6,6,0
CUST-0261,2023-04,19.0,8,0
CUST-0261,2023-05,15.3,4,0
CUST-0261,2023-06,,7,1
CUST-0261,2023-07,21.1,9,1
CUST-0261,2023-08,16.6,6,1
CUST-0261,2023-09,19.3,4,0
CUST-0261,2023-10,18.2,5,0
CUST-0261,2023-11,20.8,4,1
CUST-0261,2023-12,20.7,9,1
CUST-0261,2024-01,18.1,3,0
CUST-0261,2024-02,18.9,5,1
CUST-0261,2024-03,16.3,3,0
CUST-0261,2024-04,17.6,5,0
CUST-0261,2024-05,20.3,4,1
CUST-0261,2024-06,17.2,4,0
CUST-0261,2024-07,16.3,3,0
CUST-0261,2024-08,18.8,9,0
CUST-0261,2024-09,15.9,4,0
CUST-0261,2024-10,17.7,7,0
CUST-0261,2024-11,15.6,5,2
CUST-0261,2024-12,19.5,9,0
CUST-0261,2025-01,19.7,4,0
CUST-0261,2025-02,17.7,6,2
CUST-0261,2025-03,21.8,9,1
CUST-0261,2025-04,20.8,4,0
CUST-0262,2024-05,3.8,1,0
CUST-0262,2024-06,10.9,3,0
CUST-0262,2024-07,8.1,1,0
CUST-0262,2024-08,5.5,1,0
CUST-0262,2024-09,14.1,4,1
CUST-0262,2024-10,8.2,2,0
CUST-0262,2024-11,11.1,2,0
CUST-0262,2024-12,7.8,2,0
CUST-0262,2025-01,6.7,2,0
CUST-0262,2025-02,6.3,1,1
CUST-0262,2025-03,4.7,1,0
CUST-0262,2025-04,0.8,1,1
CUST-0262,2025-05,6.6,1,1
CUST-0263,2024-02,23.5,5,2
CUST-0263,2024-03,22.6,5,0
CUST-0263,2024-04,23.6,7,0
CUST-0263,2024-05,23.4,5,2
CUST-0263,2024-06,23.5,7,0
CUST-0263,2024-07,19.6,4,0
CUST-0263,2024-08,29.3,6,1
CUST-0263,2024-09,26.2,6,0
CUST-0263,2024-10,21.0,4,0
CUST-0263,2024-11,23.3,8,1
CUST-0263,2024-12,26.2,7,0
CUST-0263,2025-01,21.9,4,1
CUST-0263,2025-02,29.4,5,0
CUST-0263,2025-03,22.0,6,0
CUST-0263,2025-04,23.7,5,1
CUST-0263,2025-05,22.3,9,0
CUST-0264,2023-05,22.0,6,1
CUST-0264,2023-06,16.1,7,0
CUST-0264,2023-07,16.3,4,0
CUST-0264,2023-08,19.0,5,1
CUST-0264,2023-09,12.9,4,0
CUST-0264,2023-10,19.0,4,1
CUST-0264,2023-11,16.7,6,1
CUST-0264,2023-12,22.7,8,1
CUST-0264,2024-01,25.8,6,0
CUST-0264,2024-02,23.1,5,0
CUST-0264,2024-03,27.0,8,0
CUST-0264,2024-04,14.7,3,0
CUST-0264,2024-05,22.1,6,0
CUST-0264,2024-06,26.1,12,0
CUST-0264,2024-07,23.4,4,3
CUST-0264,2024-08,23.3,4,0
CUST-0264,2024-09,22.2,7,0
CUST-0264,2024-10,20.9,8,0
CUST-0264,2024-11,,5,0
CUST-0264,2024-12,21.5,4,0
CUST-0264,2025-01,23.0,5,0
CUST-0264,2025-02,24.4,10,0
CUST-0264,2025-03,19.2,4,2
CUST-0264,2025-04,18.0,5,0
CUST-0264,2025-05,19.5,5,0
CUST-0265,2024-06,8.7,2,1
CUST-0265,2024-07,8.6,2,2
CUST-0265,2024-08,8.5,2,2
CUST-0265,2024-09,7.7,1,2
CUST-0265,2024-10,8.6,1,1
CUST-0265,2024-11,6.1,1,3
CUST-0265,2024-12,6.6,2,2
CUST-0265,2025-01,0.0,1,6
CUST-0265,2025-02,1.9,1,0
CUST-0265,2025-03,0.5,1,0
CUST-0265,2025-04,0.0,1,1
CUST-0265,2025-05,0.0,1,1
CUST-0266,2022-11,4.8,1,2
CUST-0266,2022-12,9.0,2,0
CUST-0266,2023-01,8.2,1,1
CUST-0266,2023-02,5.2,1,1
CUST-0266,2023-03,14.0,4,0
CUST-0266,2023-04,7.4,3,1
CUST-0266,2023-05,6.6,3,0
CUST-0266,2023-06,13.2,2,0
CUST-0266,2023-07,12.5,4,0
CUST-0266,2023-08,0.0,1,0
CUST-0266,2023-09,12.5,2,1
CUST-0266,2023-10,13.5,4,0
CUST-0266,2023-11,5.5,1,0
CUST-0266,2023-12,12.4,3,0
CUST-0266,2024-01,7.5,2,0
CUST-0266,2024-02,11.8,2,0
CUST-0266,2024-03,15.0,7,0
CUST-0266,2024-04,9.2,4,0
CUST-0266,2024-05,9.4,3,2
CUST-0266,2024-06,7.2,1,1
CUST-0266,2024-07,10.8,3,0
CUST-0266,2024-08,13.1,6,0
CUST-0266,2024-09,11.8,2,0
CUST-0266,2024-10,6.3,3,0
CUST-0266,2024-11,5.7,1,0
CUST-0266,2024-12,10.0,2,1
CUST-0266,2025-01,11.3,3,0
CUST-0266,2025-02,10.6,3,0
CUST-0266,2025-03,7.5,2,1
CUST-0266,2025-04,8.8,4,0
CUST-0266,2025-05,7.6,2,0
CUST-0267,2022-05,8.4,2,0
CUST-0267,2022-06,,3,1
CUST-0267,2022-07,,3,0
CUST-0267,2022-08,9.4,2,0
CUST-0267,2022-09,12.9,3,0
CUST-0267,2022-10,9.2,2,1
CUST-0267,2022-11,7.3,2,1
CUST-0267,2022-12,14.3,3,0
CUST-0267,2023-01,10.5,3,0
CUST-0267,2023-02,,1,0
CUST-0267,2023-03,12.2,2,0
CUST-0267,2023-04,12.5,3,2
CUST-0267,2023-05,6.0,1,0
CUST-0267,2023-06,11.3,4,1
CUST-0267,2023-07,13.0,4,1
CUST-0267,2023-08,9.0,2,1
CUST-0267,2023-09,14.3,6,0
CUST-0267,2023-10,13.2,4,0
CUST-0267,2023-11,13.6,2,0
CUST-0267,2023-12,15.2,4,0
CUST-0267,2024-01,10.8,4,0
CUST-0267,2024-02,11.1,3,0
CUST-0267,2024-03,12.9,3,1
CUST-0267,2024-04,12.4,3,0
CUST-0267,2024-05,5.1,1,0
CUST-0267,2024-06,13.2,3,0
CUST-0267,2024-07,10.6,2,1
CUST-0267,2024-08,11.6,3,0
CUST-0267,2024-09,15.2,4,1
CUST-0267,2024-10,13.4,4,2
CUST-0267,2024-11,12.8,4,1
CUST-0268,2022-09,18.9,5,0
CUST-0268,2022-10,20.0,9,0
CUST-0268,2022-11,17.8,6,0
CUST-0268,2022-12,16.6,5,1
CUST-0268,2023-01,19.1,4,0
CUST-0268,2023-02,12.1,2,2
CUST-0268,2023-03,15.4,3,1
CUST-0268,2023-04,23.4,9,0
CUST-0268,2023-05,24.1,5,1
CUST-0268,2023-06,18.5,4,0
CUST-0268,2023-07,20.0,5,0
CUST-0268,2023-08,16.6,3,0
CUST-0268,2023-09,17.9,5,0
CUST-0268,2023-10,17.1,4,1
CUST-0268,2023-11,13.3,3,0
CUST-0268,2023-12,23.0,8,0
CUST-0268,2024-01,21.3,9,0
CUST-0268,2024-02,18.4,4,0
CUST-0268,2024-03,17.2,3,0
CUST-0268,2024-04,19.2,8,2
CUST-0268,2024-05,21.7,6,1
CUST-0268,2024-06,21.3,6,0
CUST-0268,2024-07,15.9,3,1
CUST-0268,2024-08,18.7,4,0
CUST-0268,2024-09,20.7,6,0
CUST-0268,2024-10,23.1,6,0
CUST-0268,2024-11,16.0,5,0
CUST-0268,2024-12,17.5,3,1
CUST-0268,2025-01,17.7,5,1
CUST-0268,2025-02,20.9,5,1
CUST-0268,2025-03,22.8,5,0
CUST-0269,2022-03,12.8,4,2
CUST-0269,2022-04,14.9,3,1
CUST-0269,2022-05,7.6,1,1
CUST-0269,2022-06,,4,1
CUST-0269,2022-07,5.4,2,1
CUST-0269,2022-08,7.6,2,1
CUST-0269,2022-09,15.9,3,0
CUST-0269,2022-10,6.8,2,1
CUST-0269,2022-11,8.2,1,1
CUST-0269,2022-12,0.0,1,0
CUST-0269,2023-01,0.0,1,1
CUST-0269,2023-02,1.3,1,2
CUST-0269,2023-03,10.2,3,1
CUST-0269,2023-04,,1,0
CUST-0269,2023-05,0.0,1,2
CUST-0269,2023-06,0.0,1,1
CUST-0269,2023-07,0.0,1,2
CUST-0269,2023-08,0.0,1,0
CUST-0269,2023-09,0.0,1,1
CUST-0269,2023-10,0.0,1,0
CUST-0269,2023-11,0.0,1,3
CUST-0269,2023-12,0.0,1,1
CUST-0269,2024-01,0.0,1,0
CUST-0269,2024-02,0.0,1,1
CUST-0269,2024-03,0.0,1,2
CUST-0269,2024-04,0.0,1,3
CUST-0269,2024-05,0.1,1,6
CUST-0269,2024-06,0.0,1,2
CUST-0269,2024-07,0.0,1,0
CUST-0269,2024-08,0.0,1,1
CUST-0269,2024-09,0.0,1,1
CUST-0270,2024-05,32.6,14,0
CUST-0270,2024-06,23.9,4,2
CUST-0270,2024-07,23.7,7,0
CUST-0270,2024-08,23.8,7,0
CUST-0270,2024-09,23.1,7,0
CUST-0270,2024-10,20.7,6,0
CUST-0270,2024-11,26.2,6,2
CUST-0270,2024-12,23.8,5,0
CUST-0270,2025-01,24.3,5,0
CUST-0270,2025-02,25.4,7,0
CUST-0270,2025-03,,8,1
CUST-0270,2025-04,21.9,10,3
CUST-0270,2025-05,30.9,11,1
CUST-0271,2022-07,7.3,3,0
CUST-0271,2022-08,13.9,5,2
CUST-0271,2022-09,8.1,3,1
CUST-0271,2022-10,15.0,2,0
CUST-0271,2022-11,13.8,3,1
CUST-0271,2022-12,14.9,6,0
CUST-0271,2023-01,9.6,1,1
CUST-0271,2023-02,13.2,3,0
CUST-0271,2023-03,11.4,3,0
CUST-0271,2023-04,13.0,5,1
CUST-0271,2023-05,15.1,6,1
CUST-0271,2023-06,7.3,1,0
CUST-0271,2023-07,8.6,1,0
CUST-0271,2023-08,14.8,3,0
CUST-0271,2023-09,13.6,3,0
CUST-0271,2023-10,14.0,3,1
CUST-0271,2023-11,10.5,4,0
CUST-0271,2023-12,12.6,3,1
CUST-0271,2024-01,9.6,4,1
CUST-0271,2024-02,12.2,6,1
CUST-0271,2024-03,10.7,4,0
CUST-0271,2024-04,17.4,6,2
CUST-0271,2024-05,13.3,3,1
CUST-0271,2024-06,18.3,3,0
CUST-0271,2024-07,15.5,4,1
CUST-0271,2024-08,13.1,4,1
CUST-0271,2024-09,10.1,2,0
CUST-0271,2024-10,16.0,5,0
CUST-0271,2024-11,3.0,1,0
CUST-0271,2024-12,10.9,2,0
CUST-0271,2025-01,9.7,3,0
CUST-0272,2023-02,17.5,4,1
CUST-0272,2023-03,18.1,6,0
CUST-0272,2023-04,20.7,4,0
CUST-0272,2023-05,20.7,6,0
CUST-0272,2023-06,18.0,3,0
CUST-0272,2023-07,21.7,6,0
CUST-0272,2023-08,18.3,4,0
CUST-0272,2023-09,15.3,6,0
CUST-0272,2023-10,20.5,7,1
CUST-0272,2023-11,16.8,5,2
CUST-0272,2023-12,18.8,6,1
CUST-0272,2024-01,20.5,4,0
CUST-0272,2024-02,19.4,6,1
CUST-0272,2024-03,19.6,4,0
CUST-0272,2024-04,17.9,7,1
CUST-0272,2024-05,20.3,5,0
CUST-0272,2024-06,15.7,4,0
CUST-0272,2024-07,,5,0
CUST-0272,2024-08,19.7,6,1
CUST-0272,2024-09,19.7,5,1
CUST-0272,2024-10,23.7,4,0
CUST-0272,2024-11,17.8,5,1
CUST-0272,2024-12,19.6,6,0
CUST-0272,2025-01,18.0,4,0
CUST-0272,2025-02,16.3,4,1
CUST-0272,2025-03,17.9,6,0
CUST-0272,2025-04,19.8,3,1
CUST-0272,2025-05,,4,0
CUST-0273,2022-07,,11,2
CUST-0273,2022-08,26.1,5,0
CUST-0273,2022-09,29.5,7,2
CUST-0273,2022-10,30.5,9,1
CUST-0273,2022-11,21.4,8,2
CUST-0273,2022-12,22.6,5,0
CUST-0273,2023-01,18.0,7,3
CUST-0273,2023-02,17.4,4,1
CUST-0273,2023-03,15.7,4,0
CUST-0273,2023-04,17.7,5,0
CUST-0273,2023-05,18.5,5,1
CUST-0273,2023-06,16.7,3,0
CUST-0273,2023-07,7.2,1,1
CUST-0273,2023-08,22.3,4,0
CUST-0273,2023-09,3.0,1,3
CUST-0273,2023-10,13.7,4,1
CUST-0273,2023-11,8.3,2,0
CUST-0273,2023-12,1.6,1,1
CUST-0273,2024-01,17.5,6,0
CUST-0273,2024-02,0.0,1,0
CUST-0273,2024-03,0.0,1,1
CUST-0273,2024-04,0.0,1,1
CUST-0273,2024-05,0.0,1,0
CUST-0273,2024-06,11.6,4,1
CUST-0273,2024-07,0.0,1,1
CUST-0273,2024-08,0.0,1,2
CUST-0273,2024-09,0.0,1,2
CUST-0273,2024-10,9.4,4,2
CUST-0273,2024-11,0.0,1,2
CUST-0273,2024-12,0.0,1,0
CUST-0273,2025-01,0.0,1,0
CUST-0274,2024-06,18.8,5,0
CUST-0274,2024-07,13.4,5,1
CUST-0274,2024-08,8.4,1,2
CUST-0274,2024-09,9.0,2,2
CUST-0274,2024-10,8.2,2,0
CUST-0274,2024-11,11.1,3,1
CUST-0274,2024-12,9.8,3,1
CUST-0274,2025-01,8.4,2,3
CUST-0274,2025-02,6.1,2,0
CUST-0274,2025-03,3.4,1,1
CUST-0274,2025-04,0.0,1,3
CUST-0274,2025-05,2.4,1,0
CUST-0275,2022-05,16.4,3,0
CUST-0275,2022-06,12.6,2,1
CUST-0275,2022-07,9.6,4,0
CUST-0275,2022-08,10.4,2,2
CUST-0275,2022-09,9.7,3,1
CUST-0275,2022-10,6.4,2,0
CUST-0275,2022-11,15.1,4,1
CUST-0275,2022-12,15.3,3,0
CUST-0275,2023-01,16.6,3,0
CUST-0275,2023-02,6.9,2,0
CUST-0275,2023-03,16.1,5,0
CUST-0275,2023-04,8.2,2,1
CUST-0275,2023-05,18.9,4,1
CUST-0275,2023-06,7.8,2,0
CUST-0275,2023-07,4.5,1,0
CUST-0275,2023-08,13.9,3,0
CUST-0275,2023-09,17.5,3,2
CUST-0275,2023-10,,4,0
CUST-0275,2023-11,9.2,2,1
CUST-0275,2023-12,14.5,4,1
CUST-0275,2024-01,17.3,3,0
CUST-0275,2024-02,15.8,7,0
CUST-0275,2024-03,14.5,4,0
CUST-0275,2024-04,13.4,3,0
CUST-0275,2024-05,12.0,2,1
CUST-0275,2024-06,12.1,2,0
CUST-0275,2024-07,13.3,4,0
CUST-0275,2024-08,15.3,6,0
CUST-0275,2024-09,17.5,8,0
CUST-0275,2024-10,16.2,6,0
CUST-0275,2024-11,12.0,2,0
CUST-0276,2023-04,23.7,5,0
CUST-0276,2023-05,24.3,11,0
CUST-0276,2023-06,25.6,8,0
CUST-0276,2023-07,24.9,6,0
CUST-0276,2023-08,27.7,7,0
CUST-0276,2023-09,26.0,6,0
CUST-0276,2023-10,25.8,6,1
CUST-0276,2023-11,25.5,7,0
CUST-0276,2023-12,23.2,7,0
CUST-0276,2024-01,22.1,4,0
CUST-0276,2024-02,28.2,7,0
CUST-0276,2024-03,28.6,14,1
CUST-0276,2024-04,26.8,9,0
CUST-0276,2024-05,23.9,8,0
CUST-0276,2024-06,23.8,7,0
CUST-0276,2024-07,25.5,6,0
CUST-0276,2024-08,21.7,6,0
CUST-0276,2024-09,26.0,7,1
CUST-0276,2024-10,26.4,5,0
CUST-0276,2024-11,28.8,5,0
CUST-0276,2024-12,23.6,11,0
CUST-0276,2025-01,22.0,9,3
CUST-0276,2025-02,25.1,5,0
CUST-0276,2025-03,22.0,5,2
CUST-0276,2025-04,26.7,8,0
CUST-0276,2025-05,24.0,8,0
CUST-0277,2024-05,18.5,4,2
CUST-0277,2024-06,8.4,2,2
CUST-0277,2024-07,13.0,2,0
CUST-0277,2024-08,9.3,2,0
CUST-0277,2024-09,7.9,1,1
CUST-0277,2024-10,14.4,5,1
CUST-0277,2024-11,13.3,3,0
CUST-0277,2024-12,5.6,1,2
CUST-0277,2025-01,16.4,7,1
CUST-0277,2025-02,15.4,6,0
CUST-0277,2025-03,,2,1
CUST-0277,2025-04,0.0,1,1
CUST-0277,2025-05,2.8,1,1
CUST-0278,2023-04,21.9,7,0
CUST-0278,2023-05,,5,3
CUST-0278,2023-06,17.3,5,2
CUST-0278,2023-07,18.8,6,1
CUST-0278,2023-08,22.0,4,0
CUST-0278,2023-09,15.8,4,0
CUST-0278,2023-10,16.5,3,0
CUST-0278,2023-11,19.0,8,1
CUST-0278,2023-12,15.0,5,0
CUST-0278,2024-01,14.4,2,0
CUST-0278,2024-02,11.4,4,1
CUST-0278,2024-03,7.2,2,0
CUST-0278,2024-04,7.4,1,1
CUST-0278,2024-05,3.0,1,0
CUST-0278,2024-06,2.5,1,0
CUST-0278,2024-07,4.6,1,1
CUST-0278,2024-08,0.0,1,1
CUST-0278,2024-09,9.0,3,1
CUST-0278,2024-10,2.7,1,0
CUST-0278,2024-11,9.1,2,0
CUST-0278,2024-12,4.9,1,1
CUST-0278,2025-01,0.0,1,1
CUST-0278,2025-02,3.9,1,2
CUST-0278,2025-03,11.8,4,3
CUST-0278,2025-04,0.0,1,1
CUST-0278,2025-05,0.0,1,2
CUST-0279,2024-03,5.7,1,0
CUST-0279,2024-04,6.2,1,0
CUST-0279,2024-05,5.1,1,1
CUST-0279,2024-06,5.0,1,2
CUST-0279,2024-07,0.7,1,2
CUST-0279,2024-08,0.8,1,1
CUST-0279,2024-09,0.3,1,0
CUST-0279,2024-10,0.0,1,2
CUST-0279,2024-11,,1,0
CUST-0279,2024-12,0.0,1,0
CUST-0279,2025-01,0.0,1,0
CUST-0279,2025-02,0.0,1,1
CUST-0279,2025-03,3.2,1,2
CUST-0279,2025-04,,1,0
CUST-0279,2025-05,0.0,1,2
CUST-0280,2024-03,14.2,3,1
CUST-0280,2024-04,15.5,3,0
CUST-0280,2024-05,19.9,7,0
CUST-0280,2024-06,14.9,5,0
CUST-0280,2024-07,14.2,3,0
CUST-0280,2024-08,15.5,4,0
CUST-0280,2024-09,13.9,4,0
CUST-0280,2024-10,20.0,8,0
CUST-0280,2024-11,21.2,7,0
CUST-0280,2024-12,13.5,5,0
CUST-0280,2025-01,16.7,4,0
CUST-0280,2025-02,14.0,3,0
CUST-0280,2025-03,20.2,5,2
CUST-0280,2025-04,16.4,3,1
CUST-0280,2025-05,12.2,2,0
CUST-0281,2023-11,24.5,5,3
CUST-0281,2023-12,24.5,5,2
CUST-0281,2024-01,22.4,5,1
CUST-0281,2024-02,20.1,8,2
CUST-0281,2024-03,16.5,4,0
CUST-0281,2024-04,17.8,4,0
CUST-0281,2024-05,18.0,5,0
CUST-0281,2024-06,16.3,4,2
CUST-0281,2024-07,22.5,4,4
CUST-0281,2024-08,6.2,1,3
CUST-0281,2024-09,10.1,3,1
CUST-0281,2024-10,24.4,6,2
CUST-0281,2024-11,3.1,1,0
CUST-0281,2024-12,17.0,5,1
CUST-0281,2025-01,0.0,1,1
CUST-0281,2025-02,9.3,3,1
CUST-0281,2025-03,0.0,1,1
CUST-0281,2025-04,0.0,1,2
CUST-0281,2025-05,0.0,1,1
CUST-0282,2023-10,12.9,3,0
CUST-0282,2023-11,18.6,7,0
CUST-0282,2023-12,21.8,5,0
CUST-0282,2024-01,21.8,4,0
CUST-0282,2024-02,12.3,4,0
CUST-0282,2024-03,19.0,9,0
CUST-0282,2024-04,17.1,5,0
CUST-0282,2024-05,20.7,4,0
CUST-0282,2024-06,,2,1
CUST-0282,2024-07,17.6,7,0
CUST-0282,2024-08,17.1,6,0
CUST-0282,2024-09,17.7,6,1
CUST-0282,2024-10,18.1,4,0
CUST-0282,2024-11,17.0,6,1
CUST-0282,2024-12,14.7,5,0
CUST-0282,2025-01,20.1,4,0
CUST-0282,2025-02,11.8,2,1
CUST-0282,2025-03,13.1,2,0
CUST-0282,2025-04,17.3,4,0
CUST-0282,2025-05,19.4,4,1
CUST-0283,2023-06,10.0,3,1
CUST-0283,2023-07,8.0,1,1
CUST-0283,2023-08,,1,0
CUST-0283,2023-09,5.5,2,1
CUST-0283,2023-10,0.3,1,0
CUST-0283,2023-11,6.2,1,2
CUST-0283,2023-12,0.0,1,1
CUST-0283,2024-01,1.4,1,3
CUST-0283,2024-02,0.0,1,0
CUST-0283,2024-03,0.0,1,3
CUST-0283,2024-04,0.0,1,3
CUST-0283,2024-05,0.0,1,2
CUST-0283,2024-06,0.0,1,3
CUST-0283,2024-07,0.0,1,3
CUST-0283,2024-08,0.0,1,0
CUST-0283,2024-09,0.0,1,1
CUST-0283,2024-10,0.9,1,2
CUST-0283,2024-11,0.0,1,1
CUST-0283,2024-12,0.0,1,1
CUST-0283,2025-01,0.0,1,3
CUST-0283,2025-02,0.0,1,0
CUST-0283,2025-03,0.0,1,1
CUST-0283,2025-04,0.0,1,0
CUST-0283,2025-05,0.0,1,2
CUST-0284,2023-06,24.0,10,0
CUST-0284,2023-07,22.1,6,1
CUST-0284,2023-08,23.8,6,0
CUST-0284,2023-09,18.7,7,1
CUST-0284,2023-10,20.6,5,1
CUST-0284,2023-11,18.4,5,0
CUST-0284,2023-12,26.2,5,0
CUST-0284,2024-01,21.8,6,0
CUST-0284,2024-02,20.9,4,0
CUST-0284,2024-03,15.9,3,0
CUST-0284,2024-04,20.4,10,0
CUST-0284,2024-05,17.4,7,1
CUST-0284,2024-06,15.3,7,0
CUST-0284,2024-07,19.3,7,0
CUST-0284,2024-08,20.2,8,0
CUST-0284,2024-09,20.1,4,0
CUST-0284,2024-10,20.0,6,1
CUST-0284,2024-11,22.0,6,1
CUST-0284,2024-12,16.2,4,1
CUST-0284,2025-01,24.4,5,0
CUST-0284,2025-02,21.7,5,0
CUST-0284,2025-03,24.9,7,0
CUST-0284,2025-04,18.4,3,0
CUST-0284,2025-05,17.8,6,0
CUST-0285,2024-01,33.9,8,0
CUST-0285,2024-02,17.6,3,3
CUST-0285,2024-03,25.3,5,0
CUST-0285,2024-04,27.5,12,2
CUST-0285,2024-05,,7,0
CUST-0285,2024-06,31.7,10,2
CUST-0285,2024-07,22.8,5,0
CUST-0285,2024-08,31.5,10,1
CUST-0285,2024-09,24.6,5,0
CUST-0285,2024-10,26.9,5,0
CUST-0285,2024-11,34.7,7,0
CUST-0285,2024-12,26.2,9,1
CUST-0285,2025-01,31.9,13,0
CUST-0285,2025-02,26.4,10,0
CUST-0285,2025-03,33.3,7,0
CUST-0285,2025-04,29.5,8,1
CUST-0285,2025-05,27.2,10,1
CUST-0286,2023-01,30.6,9,0
CUST-0286,2023-02,28.9,10,1
CUST-0286,2023-03,30.6,14,1
CUST-0286,2023-04,30.0,6,0
CUST-0286,2023-05,26.1,6,0
CUST-0286,2023-06,24.3,11,0
CUST-0286,2023-07,26.5,5,0
CUST-0286,2023-08,26.3,6,1
CUST-0286,2023-09,24.6,6,1
CUST-0286,2023-10,28.0,7,0
CUST-0286,2023-11,30.9,6,1
CUST-0286,2023-12,31.3,10,0
CUST-0286,2024-01,25.0,9,0
CUST-0286,2024-02,32.4,7,0
CUST-0286,2024-03,25.7,6,0
CUST-0286,2024-04,26.5,6,1
CUST-0286,2024-05,28.7,8,1
CUST-0286,2024-06,34.1,9,1
CUST-0286,2024-07,29.2,14,0
CUST-0286,2024-08,28.1,6,0
CUST-0286,2024-09,32.8,15,1
CUST-0286,2024-10,32.2,13,0
CUST-0286,2024-11,33.7,7,0
CUST-0286,2024-12,22.7,4,0
CUST-0286,2025-01,,7,0
CUST-0286,2025-02,31.0,9,0
CUST-0286,2025-03,24.6,5,0
CUST-0286,2025-04,30.1,13,1
CUST-0286,2025-05,26.6,8,0
CUST-0287,2024-05,13.0,3,0
CUST-0287,2024-06,4.3,1,0
CUST-0287,2024-07,9.5,2,1
CUST-0287,2024-08,13.3,3,0
CUST-0287,2024-09,15.2,4,0
CUST-0287,2024-10,8.2,1,0
CUST-0287,2024-11,14.5,6,1
CUST-0287,2024-12,9.2,2,0
CUST-0287,2025-01,9.5,2,0
CUST-0287,2025-02,8.3,1,0
CUST-0287,2025-03,7.4,1,1
CUST-0287,2025-04,13.8,6,2
CUST-0287,2025-05,12.0,2,0
CUST-0288,2024-03,25.2,5,1
CUST-0288,2024-04,19.5,5,1
CUST-0288,2024-05,,7,0
CUST-0288,2024-06,18.2,5,1
CUST-0288,2024-07,18.2,6,3
CUST-0288,2024-08,11.1,4,0
CUST-0288,2024-09,,8,2
CUST-0288,2024-10,7.3,1,3
CUST-0288,2024-11,9.4,3,2
CUST-0288,2024-12,17.8,8,1
CUST-0288,2025-01,0.0,1,4
CUST-0288,2025-02,10.7,3,3
CUST-0288,2025-03,9.1,3,1
CUST-0288,2025-04,14.3,2,2
CUST-0288,2025-05,7.3,2,1
CUST-0289,2022-12,23.8,5,3
CUST-0289,2023-01,,6,2
CUST-0289,2023-02,28.5,11,2
CUST-0289,2023-03,23.6,10,1
CUST-0289,2023-04,23.8,5,0
CUST-0289,2023-05,27.1,5,3
CUST-0289,2023-06,16.0,3,0
CUST-0289,2023-07,16.6,3,1
CUST-0289,2023-08,15.4,7,1
CUST-0289,2023-09,18.5,6,2
CUST-0289,2023-10,12.2,3,1
CUST-0289,2023-11,16.5,3,0
CUST-0289,2023-12,20.1,9,2
CUST-0289,2024-01,22.8,8,0
CUST-0289,2024-02,5.4,1,1
CUST-0289,2024-03,6.7,1,0
CUST-0289,2024-04,0.0,1,0
CUST-0289,2024-05,8.4,4,1
CUST-0289,2024-06,,1,2
CUST-0289,2024-07,12.8,2,0
CUST-0289,2024-08,12.8,3,3
CUST-0289,2024-09,13.8,6,1
CUST-0289,2024-10,9.6,3,1
CUST-0289,2024-11,6.3,2,3
CUST-0289,2024-12,9.7,3,2
CUST-0289,2025-01,0.0,1,1
CUST-0289,2025-02,0.0,1,2
CUST-0289,2025-03,0.0,1,3
CUST-0289,2025-04,8.1,1,0
CUST-0289,2025-05,0.0,1,2
CUST-0290,2023-01,31.0,7,1
CUST-0290,2023-02,23.7,8,1
CUST-0290,2023-03,21.9,9,2
CUST-0290,2023-04,28.6,10,0
CUST-0290,2023-05,17.6,6,3
CUST-0290,2023-06,20.7,6,2
CUST-0290,2023-07,20.1,6,2
CUST-0290,2023-08,21.4,7,3
CUST-0290,2023-09,13.8,3,2
CUST-0290,2023-10,15.8,6,0
CUST-0290,2023-11,12.9,4,1
CUST-0290,2023-12,17.1,3,4
CUST-0290,2024-01,4.0,1,0
CUST-0290,2024-02,11.2,3,0
CUST-0290,2024-03,,1,1
CUST-0290,2024-04,0.0,1,1
CUST-0290,2024-05,17.7,4,1
CUST-0290,2024-06,3.2,1,1
CUST-0290,2024-07,0.0,1,1
CUST-0290,2024-08,7.2,1,2
CUST-0290,2024-09,15.3,5,1
CUST-0290,2024-10,9.4,3,2
CUST-0290,2024-11,3.3,1,0
CUST-0290,2024-12,4.9,1,1
CUST-0290,2025-01,0.0,1,0
CUST-0290,2025-02,0.0,1,1
CUST-0290,2025-03,0.0,1,0
CUST-0290,2025-04,0.0,1,1
CUST-0290,2025-05,0.0,1,1
CUST-0291,2023-10,28.7,6,1
CUST-0291,2023-11,22.5,7,2
CUST-0291,2023-12,27.2,9,2
CUST-0291,2024-01,26.3,7,0
CUST-0291,2024-02,21.2,4,0
CUST-0291,2024-03,26.4,9,0
CUST-0291,2024-04,29.0,5,2
CUST-0291,2024-05,28.6,10,0
CUST-0291,2024-06,29.0,9,0
CUST-0291,2024-07,28.6,6,0
CUST-0291,2024-08,22.3,6,1
CUST-0291,2024-09,25.4,7,1
CUST-0291,2024-10,24.2,10,0
CUST-0291,2024-11,29.5,9,0
CUST-0291,2024-12,23.9,5,3
CUST-0291,2025-01,23.6,7,0
CUST-0291,2025-02,23.2,5,1
CUST-0291,2025-03,25.8,6,1
CUST-0291,2025-04,23.3,4,0
CUST-0291,2025-05,24.4,9,1
CUST-0292,2024-04,13.3,3,0
CUST-0292,2024-05,15.6,6,0
CUST-0292,2024-06,18.6,4,1
CUST-0292,2024-07,12.3,2,0
CUST-0292,2024-08,16.7,3,0
CUST-0292,2024-09,16.7,4,1
CUST-0292,2024-10,17.5,7,1
CUST-0292,2024-11,15.1,4,0
CUST-0292,2024-12,15.0,5,0
CUST-0292,2025-01,16.8,8,0
CUST-0292,2025-02,10.9,3,0
CUST-0292,2025-03,17.8,5,0
CUST-0292,2025-04,10.6,2,0
CUST-0292,2025-05,10.1,4,1
CUST-0293,2022-03,26.1,6,2
CUST-0293,2022-04,29.2,10,2
CUST-0293,2022-05,17.9,4,0
CUST-0293,2022-06,19.3,6,2
CUST-0293,2022-07,28.4,6,0
CUST-0293,2022-08,17.6,3,0
CUST-0293,2022-09,19.8,6,0
CUST-0293,2022-10,30.6,6,0
CUST-0293,2022-11,18.2,8,1
CUST-0293,2022-12,24.0,7,1
CUST-0293,2023-01,23.4,6,0
CUST-0293,2023-02,21.9,5,0
CUST-0293,2023-03,30.2,14,0
CUST-0293,2023-04,19.9,7,0
CUST-0293,2023-05,27.9,6,1
CUST-0293,2023-06,23.1,7,1
CUST-0293,2023-07,21.5,6,2
CUST-0293,2023-08,25.6,5,0
CUST-0293,2023-09,26.4,7,0
CUST-0293,2023-10,22.6,5,0
CUST-0293,2023-11,20.7,4,0
CUST-0293,2023-12,23.4,6,1
CUST-0293,2024-01,26.1,5,0
CUST-0293,2024-02,19.1,4,0
CUST-0293,2024-03,22.1,5,0
CUST-0293,2024-04,26.5,5,1
CUST-0293,2024-05,,5,0
CUST-0293,2024-06,23.1,5,0
CUST-0293,2024-07,22.1,6,1
CUST-0293,2024-08,23.6,4,0
CUST-0293,2024-09,21.6,7,1
CUST-0294,2022-03,21.8,6,0
CUST-0294,2022-04,18.0,4,0
CUST-0294,2022-05,12.3,3,0
CUST-0294,2022-06,18.6,3,0
CUST-0294,2022-07,14.9,5,2
CUST-0294,2022-08,13.1,2,0
CUST-0294,2022-09,19.4,4,0
CUST-0294,2022-10,13.3,2,2
CUST-0294,2022-11,,4,2
CUST-0294,2022-12,14.3,6,0
CUST-0294,2023-01,10.9,2,1
CUST-0294,2023-02,16.2,5,0
CUST-0294,2023-03,7.6,2,0
CUST-0294,2023-04,19.2,6,0
CUST-0294,2023-05,17.1,3,0
CUST-0294,2023-06,12.5,4,0
CUST-0294,2023-07,17.6,4,1
CUST-0294,2023-08,15.6,3,1
CUST-0294,2023-09,15.6,5,1
CUST-0294,2023-10,17.1,6,1
CUST-0294,2023-11,13.0,3,1
CUST-0294,2023-12,18.9,4,0
CUST-0294,2024-01,16.8,5,0
CUST-0294,2024-02,19.0,4,0
CUST-0294,2024-03,18.1,8,0
CUST-0294,2024-04,16.2,6,0
CUST-0294,2024-05,19.0,5,1
CUST-0294,2024-06,21.8,5,0
CUST-0294,2024-07,19.9,9,1
CUST-0294,2024-08,19.0,4,1
CUST-0294,2024-09,14.9,3,0
CUST-0295,2022-08,8.6,2,0
CUST-0295,2022-09,7.7,2,0
CUST-0295,2022-10,9.0,2,1
CUST-0295,2022-11,13.1,6,0
CUST-0295,2022-12,6.4,1,0
CUST-0295,2023-01,8.0,2,1
CUST-0295,2023-02,6.9,1,1
CUST-0295,2023-03,10.3,4,1
CUST-0295,2023-04,7.2,2,0
CUST-0295,2023-05,10.5,2,0
CUST-0295,2023-06,10.9,4,1
CUST-0295,2023-07,10.9,5,0
CUST-0295,2023-08,7.8,2,3
CUST-0295,2023-09,13.2,5,0
CUST-0295,2023-10,10.6,3,0
CUST-0295,2023-11,16.2,6,0
CUST-0295,2023-12,12.6,2,0
CUST-0295,2024-01,8.7,3,0
CUST-0295,2024-02,9.4,2,0
CUST-0295,2024-03,16.4,4,0
CUST-0295,2024-04,13.0,2,0
CUST-0295,2024-05,8.3,3,0
CUST-0295,2024-06,8.1,2,0
CUST-0295,2024-07,4.4,2,1
CUST-0295,2024-08,8.7,2,0
CUST-0295,2024-09,8.1,3,2
CUST-0295,2024-10,7.3,2,1
CUST-0295,2024-11,9.4,2,1
CUST-0295,2024-12,15.9,3,0
CUST-0295,2025-01,4.3,1,0
CUST-0295,2025-02,10.4,2,0
CUST-0296,2023-01,28.1,7,3
CUST-0296,2023-02,24.7,10,3
CUST-0296,2023-03,28.8,6,1
CUST-0296,2023-04,23.1,6,1
CUST-0296,2023-05,24.2,7,0
CUST-0296,2023-06,27.2,11,0
CUST-0296,2023-07,21.3,5,1
CUST-0296,2023-08,20.5,4,1
CUST-0296,2023-09,23.2,4,0
CUST-0296,2023-10,13.3,2,0
CUST-0296,2023-11,12.9,3,3
CUST-0296,2023-12,10.8,5,2
CUST-0296,2024-01,,2,1
CUST-0296,2024-02,19.1,4,1
CUST-0296,2024-03,16.5,3,1
CUST-0296,2024-04,16.3,3,3
CUST-0296,2024-05,7.5,2,3
CUST-0296,2024-06,1.3,1,3
CUST-0296,2024-07,12.8,4,1
CUST-0296,2024-08,0.7,1,0
CUST-0296,2024-09,6.9,2,2
CUST-0296,2024-10,13.4,2,3
CUST-0296,2024-11,,1,1
CUST-0296,2024-12,18.1,5,1
CUST-0296,2025-01,0.0,1,1
CUST-0296,2025-02,0.7,1,0
CUST-0296,2025-03,0.0,1,2
CUST-0296,2025-04,0.0,1,1
CUST-0296,2025-05,0.0,1,2
CUST-0297,2022-05,16.0,3,0
CUST-0297,2022-06,12.9,2,0
CUST-0297,2022-07,17.9,7,0
CUST-0297,2022-08,16.0,5,0
CUST-0297,2022-09,18.4,4,0
CUST-0297,2022-10,13.3,2,1
CUST-0297,2022-11,14.9,4,0
CUST-0297,2022-12,12.4,5,0
CUST-0297,2023-01,17.3,8,1
CUST-0297,2023-02,17.7,6,0
CUST-0297,2023-03,14.8,4,2
CUST-0297,2023-04,16.8,6,0
CUST-0297,2023-05,19.4,4,0
CUST-0297,2023-06,16.8,6,1
CUST-0297,2023-07,20.7,5,2
CUST-0297,2023-08,16.4,6,0
CUST-0297,2023-09,7.8,3,0
CUST-0297,2023-10,,8,0
CUST-0297,2023-11,13.5,3,0
CUST-0297,2023-12,18.4,3,0
CUST-0297,2024-01,15.4,3,1
CUST-0297,2024-02,19.7,9,0
CUST-0297,2024-03,16.0,6,1
CUST-0297,2024-04,16.3,3,0
CUST-0297,2024-05,16.7,3,0
CUST-0297,2024-06,12.5,2,1
CUST-0297,2024-07,13.9,3,0
CUST-0297,2024-08,23.3,5,1
CUST-0297,2024-09,17.7,3,0
CUST-0297,2024-10,12.0,2,0
CUST-0297,2024-11,15.2,6,0
CUST-0298,2023-04,26.0,6,0
CUST-0298,2023-05,19.6,9,0
CUST-0298,2023-06,23.8,7,0
CUST-0298,2023-07,25.3,8,0
CUST-0298,2023-08,24.7,5,0
CUST-0298,2023-09,29.2,10,2
CUST-0298,2023-10,24.3,6,0
CUST-0298,2023-11,27.6,6,0
CUST-0298,2023-12,24.7,12,2
CUST-0298,2024-01,23.2,4,2
CUST-0298,2024-02,25.1,6,1
CUST-0298,2024-03,23.9,8,0
CUST-0298,2024-04,21.5,7,0
CUST-0298,2024-05,26.6,8,0
CUST-0298,2024-06,22.2,10,0
CUST-0298,2024-07,25.9,12,0
CUST-0298,2024-08,26.6,10,0
CUST-0298,2024-09,26.1,5,0
CUST-0298,2024-10,24.7,5,0
CUST-0298,2024-11,24.9,11,0
CUST-0298,2024-12,22.4,6,0
CUST-0298,2025-01,24.7,6,0
CUST-0298,2025-02,23.3,9,0
CUST-0298,2025-03,25.6,5,0
CUST-0298,2025-04,25.0,8,0
CUST-0298,2025-05,19.6,7,0
CUST-0299,2023-05,23.8,10,0
CUST-0299,2023-06,20.5,4,0
CUST-0299,2023-07,21.8,6,1
CUST-0299,2023-08,16.8,7,0
CUST-0299,2023-09,21.4,4,1
CUST-0299,2023-10,16.7,3,0
CUST-0299,2023-11,17.8,7,0
CUST-0299,2023-12,22.9,6,1
CUST-0299,2024-01,23.4,6,0
CUST-0299,2024-02,21.1,8,0
CUST-0299,2024-03,21.4,6,1
CUST-0299,2024-04,16.0,7,2
CUST-0299,2024-05,19.6,4,0
CUST-0299,2024-06,16.0,4,0
CUST-0299,2024-07,22.8,7,1
CUST-0299,2024-08,22.4,4,0
CUST-0299,2024-09,22.3,4,0
CUST-0299,2024-10,18.5,9,0
CUST-0299,2024-11,,7,0
CUST-0299,2024-12,15.2,5,1
CUST-0299,2025-01,18.7,4,0
CUST-0299,2025-02,14.6,4,2
CUST-0299,2025-03,20.3,9,1
CUST-0299,2025-04,17.8,5,1
CUST-0299,2025-05,23.2,8,0
CUST-0300,2024-05,11.1,2,0
CUST-0300,2024-06,16.0,5,1
CUST-0300,2024-07,12.3,4,0
CUST-0300,2024-08,10.8,2,0
CUST-0300,2024-09,18.1,4,0
CUST-0300,2024-10,18.3,8,0
CUST-0300,2024-11,12.9,4,0
CUST-0300,2024-12,10.7,3,0
CUST-0300,2025-01,,4,0
CUST-0300,2025-02,8.1,1,0
CUST-0300,2025-03,15.1,5,0
CUST-0300,2025-04,14.6,4,1
CUST-0300,2025-05,5.6,1,1
CUST-0301,2023-11,14.2,5,0
CUST-0301,2023-12,15.2,5,0
CUST-0301,2024-01,17.9,5,0
CUST-0301,2024-02,21.0,9,0
CUST-0301,2024-03,17.6,4,1
CUST-0301,2024-04,17.5,8,0
CUST-0301,2024-05,18.8,4,0
CUST-0301,2024-06,18.4,4,4
CUST-0301,2024-07,17.8,8,0
CUST-0301,2024-08,11.5,2,0
CUST-0301,2024-09,16.8,6,0
CUST-0301,2024-10,15.2,4,0
CUST-0301,2024-11,20.1,5,0
CUST-0301,2024-12,,5,0
CUST-0301,2025-01,20.5,4,0
CUST-0301,2025-02,16.2,3,2
CUST-0301,2025-03,18.0,5,0
CUST-0301,2025-04,18.6,5,2
CUST-0301,2025-05,11.4,2,2
CUST-0302,2022-08,17.3,5,2
CUST-0302,2022-09,21.2,5,0
CUST-0302,2022-10,16.2,3,1
CUST-0302,2022-11,17.8,3,1
CUST-0302,2022-12,19.1,5,0
CUST-0302,2023-01,21.3,4,1
CUST-0302,2023-02,19.8,5,1
CUST-0302,2023-03,24.1,11,1
CUST-0302,2023-04,15.2,5,0
CUST-0302,2023-05,15.2,3,1
CUST-0302,2023-06,19.7,5,1
CUST-0302,2023-07,21.4,4,0
CUST-0302,2023-08,17.7,6,1
CUST-0302,2023-09,18.4,4,2
CUST-0302,2023-10,20.6,6,0
CUST-0302,2023-11,16.8,6,1
CUST-0302,2023-12,17.8,7,0
CUST-0302,2024-01,19.3,4,1
CUST-0302,2024-02,19.4,6,0
CUST-0302,2024-03,18.6,6,0
CUST-0302,2024-04,17.5,8,1
CUST-0302,2024-05,21.6,5,0
CUST-0302,2024-06,19.6,7,0
CUST-0302,2024-07,22.3,11,0
CUST-0302,2024-08,25.1,6,0
CUST-0302,2024-09,17.9,5,0
CUST-0302,2024-10,21.5,7,0
CUST-0302,2024-11,,6,0
CUST-0302,2024-12,,5,0
CUST-0302,2025-01,18.4,7,0
CUST-0302,2025-02,17.9,4,0
CUST-0303,2023-12,24.7,6,1
CUST-0303,2024-01,22.8,5,0
CUST-0303,2024-02,11.0,3,1
CUST-0303,2024-03,21.4,7,2
CUST-0303,2024-04,21.6,7,2
CUST-0303,2024-05,17.8,5,0
CUST-0303,2024-06,,5,0
CUST-0303,2024-07,15.5,4,1
CUST-0303,2024-08,20.7,8,0
CUST-0303,2024-09,17.4,5,0
CUST-0303,2024-10,17.0,3,1
CUST-0303,2024-11,23.7,4,1
CUST-0303,2024-12,19.0,4,0
CUST-0303,2025-01,26.7,7,0
CUST-0303,2025-02,20.6,9,1
CUST-0303,2025-03,21.1,9,0
CUST-0303,2025-04,20.8,6,0
CUST-0303,2025-05,,3,0
CUST-0304,2023-12,26.3,9,2
CUST-0304,2024-01,16.8,7,0
CUST-0304,2024-02,21.5,7,1
CUST-0304,2024-03,24.9,9,1
CUST-0304,2024-04,22.9,6,2
CUST-0304,2024-05,21.8,10,1
CUST-0304,2024-06,14.1,3,0
CUST-0304,2024-07,15.2,3,0
CUST-0304,2024-08,8.4,3,2
CUST-0304,2024-09,17.9,4,2
CUST-0304,2024-10,3.1,1,1
CUST-0304,2024-11,9.0,3,1
CUST-0304,2024-12,9.4,1,1
CUST-0304,2025-01,15.5,5,2
CUST-0304,2025-02,0.0,1,0
CUST-0304,2025-03,5.4,1,0
CUST-0304,2025-04,10.3,2,0
CUST-0304,2025-05,0.0,1,3
CUST-0305,2023-09,25.2,8,1
CUST-0305,2023-10,33.8,7,0
CUST-0305,2023-11,21.4,4,0
CUST-0305,2023-12,22.4,6,2
CUST-0305,2024-01,25.2,6,2
CUST-0305,2024-02,17.4,7,0
CUST-0305,2024-03,21.4,4,2
CUST-0305,2024-04,25.6,9,0
CUST-0305,2024-05,19.5,4,0
CUST-0305,2024-06,6.2,1,1
CUST-0305,2024-07,6.6,1,1
CUST-0305,2024-08,7.3,1,2
CUST-0305,2024-09,17.2,3,2
CUST-0305,2024-10,10.7,3,1
CUST-0305,2024-11,3.6,1,1
CUST-0305,2024-12,11.0,2,0
CUST-0305,2025-01,2.4,1,1
CUST-0305,2025-02,0.0,1,0
CUST-0305,2025-03,0.0,1,1
CUST-0305,2025-04,4.0,1,1
CUST-0305,2025-05,6.4,2,2
CUST-0306,2023-09,16.6,5,2
CUST-0306,2023-10,14.4,3,1
CUST-0306,2023-11,16.0,5,0
CUST-0306,2023-12,12.6,3,0
CUST-0306,2024-01,13.1,5,0
CUST-0306,2024-02,,8,0
CUST-0306,2024-03,21.4,9,1
CUST-0306,2024-04,16.1,4,0
CUST-0306,2024-05,7.6,1,1
CUST-0306,2024-06,14.8,3,0
CUST-0306,2024-07,18.6,6,0
CUST-0306,2024-08,14.3,5,1
CUST-0306,2024-09,17.3,5,0
CUST-0306,2024-10,18.9,4,1
CUST-0306,2024-11,25.3,7,0
CUST-0306,2024-12,19.8,4,1
CUST-0306,2025-01,16.8,7,0
CUST-0306,2025-02,15.6,3,0
CUST-0306,2025-03,16.6,5,0
CUST-0306,2025-04,14.5,3,0
CUST-0306,2025-05,22.3,4,1
CUST-0307,2022-10,24.5,6,4
CUST-0307,2022-11,21.8,9,1
CUST-0307,2022-12,23.8,5,2
CUST-0307,2023-01,22.9,7,2
CUST-0307,2023-02,19.6,7,1
CUST-0307,2023-03,15.9,3,0
CUST-0307,2023-04,15.9,3,1
CUST-0307,2023-05,17.0,6,1
CUST-0307,2023-06,9.1,2,2
CUST-0307,2023-07,14.4,3,1
CUST-0307,2023-08,6.0,2,0
CUST-0307,2023-09,3.1,1,4
CUST-0307,2023-10,0.0,1,1
CUST-0307,2023-11,0.0,1,3
CUST-0307,2023-12,10.0,4,2
CUST-0307,2024-01,11.4,3,2
CUST-0307,2024-02,0.0,1,1
CUST-0307,2024-03,,5,0
CUST-0307,2024-04,0.0,1,0
CUST-0307,2024-05,0.0,1,1
CUST-0307,2024-06,4.9,1,1
CUST-0307,2024-07,0.0,1,1
CUST-0307,2024-08,0.0,1,1
CUST-0307,2024-09,0.0,1,0
CUST-0307,2024-10,0.0,1,1
CUST-0307,2024-11,0.0,1,2
CUST-0307,2024-12,0.0,1,0
CUST-0307,2025-01,0.0,1,1
CUST-0307,2025-02,0.0,1,1
CUST-0307,2025-03,1.3,1,2
CUST-0307,2025-04,0.0,1,0
CUST-0308,2023-10,18.1,4,1
CUST-0308,2023-11,18.7,4,0
CUST-0308,2023-12,21.2,4,0
CUST-0308,2024-01,17.2,6,3
CUST-0308,2024-02,18.7,3,1
CUST-0308,2024-03,23.8,5,2
CUST-0308,2024-04,15.5,3,0
CUST-0308,2024-05,10.8,2,1
CUST-0308,2024-06,19.1,4,0
CUST-0308,2024-07,9.1,2,2
CUST-0308,2024-08,14.9,6,1
CUST-0308,2024-09,7.2,1,2
CUST-0308,2024-10,10.1,2,2
CUST-0308,2024-11,7.9,2,0
CUST-0308,2024-12,0.0,1,4
CUST-0308,2025-01,6.4,2,0
CUST-0308,2025-02,0.0,1,1
CUST-0308,2025-03,0.0,1,3
CUST-0308,2025-04,0.0,1,1
CUST-0308,2025-05,0.0,1,0
CUST-0309,2022-05,21.8,6,0
CUST-0309,2022-06,23.8,6,1
CUST-0309,2022-07,28.1,6,2
CUST-0309,2022-08,27.2,8,1
CUST-0309,2022-09,29.5,13,2
CUST-0309,2022-10,25.6,8,0
CUST-0309,2022-11,29.9,12,1
CUST-0309,2022-12,28.8,9,0
CUST-0309,2023-01,31.5,10,0
CUST-0309,2023-02,25.6,10,0
CUST-0309,2023-03,24.4,5,0
CUST-0309,2023-04,26.1,7,0
CUST-0309,2023-05,26.4,8,0
CUST-0309,2023-06,32.2,11,1
CUST-0309,2023-07,28.3,7,0
CUST-0309,2023-08,22.1,4,0
CUST-0309,2023-09,28.4,5,0
CUST-0309,2023-10,26.6,6,0
CUST-0309,2023-11,31.3,9,0
CUST-0309,2023-12,21.4,6,0
CUST-0309,2024-01,27.3,5,1
CUST-0309,2024-02,24.4,6,0
CUST-0309,2024-03,25.1,9,0
CUST-0309,2024-04,22.6,10,0
CUST-0309,2024-05,26.8,8,1
CUST-0309,2024-06,29.5,12,0
CUST-0309,2024-07,23.8,8,0
CUST-0309,2024-08,32.7,9,0
CUST-0309,2024-09,,8,0
CUST-0309,2024-10,24.9,5,0
CUST-0309,2024-11,31.0,9,0
CUST-0310,2023-07,22.2,4,0
CUST-0310,2023-08,24.8,5,3
CUST-0310,2023-09,17.7,4,1
CUST-0310,2023-10,11.5,4,2
CUST-0310,2023-11,13.4,3,1
CUST-0310,2023-12,12.7,2,1
CUST-0310,2024-01,17.3,7,0
CUST-0310,2024-02,16.1,3,0
CUST-0310,2024-03,12.9,2,0
CUST-0310,2024-04,5.3,1,1
CUST-0310,2024-05,3.9,1,2
CUST-0310,2024-06,11.2,2,0
CUST-0310,2024-07,5.4,1,0
CUST-0310,2024-08,15.0,5,1
CUST-0310,2024-09,8.3,1,1
CUST-0310,2024-10,0.0,1,0
CUST-0310,2024-11,2.2,1,3
CUST-0310,2024-12,0.1,1,0
CUST-0310,2025-01,2.1,1,2
CUST-0310,2025-02,0.0,1,1
CUST-0310,2025-03,7.2,3,1
CUST-0310,2025-04,0.0,1,0
CUST-0310,2025-05,0.0,1,0
CUST-0311,2024-04,11.0,4,0
CUST-0311,2024-05,12.6,3,1
CUST-0311,2024-06,10.8,4,1
CUST-0311,2024-07,9.5,4,0
CUST-0311,2024-08,11.4,4,0
CUST-0311,2024-09,13.1,3,2
CUST-0311,2024-10,13.7,4,2
CUST-0311,2024-11,9.0,3,1
CUST-0311,2024-12,11.2,2,0
CUST-0311,2025-01,17.9,5,1
CUST-0311,2025-02,17.9,4,0
CUST-0311,2025-03,9.2,1,0
CUST-0311,2025-04,7.1,1,2
CUST-0311,2025-05,5.9,1,0
CUST-0312,2024-05,22.4,4,0
CUST-0312,2024-06,19.8,4,0
CUST-0312,2024-07,17.4,5,1
CUST-0312,2024-08,16.3,5,0
CUST-0312,2024-09,,4,2
CUST-0312,2024-10,20.5,6,2
CUST-0312,2024-11,16.7,5,0
CUST-0312,2024-12,22.7,8,0
CUST-0312,2025-01,17.3,6,1
CUST-0312,2025-02,16.3,7,1
CUST-0312,2025-03,19.3,4,0
CUST-0312,2025-04,27.0,10,2
CUST-0312,2025-05,24.5,9,0
CUST-0313,2022-09,22.1,5,1
CUST-0313,2022-10,21.7,4,1
CUST-0313,2022-11,22.5,7,1
CUST-0313,2022-12,20.2,5,2
CUST-0313,2023-01,24.6,5,2
CUST-0313,2023-02,20.9,4,2
CUST-0313,2023-03,21.3,4,0
CUST-0313,2023-04,19.0,4,0
CUST-0313,2023-05,18.1,4,0
CUST-0313,2023-06,11.8,2,3
CUST-0313,2023-07,10.8,2,0
CUST-0313,2023-08,,3,1
CUST-0313,2023-09,15.1,3,1
CUST-0313,2023-10,7.1,1,0
CUST-0313,2023-11,18.2,7,0
CUST-0313,2023-12,0.0,1,2
CUST-0313,2024-01,2.1,1,4
CUST-0313,2024-02,0.0,1,3
CUST-0313,2024-03,0.0,1,2
CUST-0313,2024-04,7.1,2,1
CUST-0313,2024-05,0.0,1,1
CUST-0313,2024-06,0.0,1,1
CUST-0313,2024-07,6.6,1,0
CUST-0313,2024-08,0.0,1,1
CUST-0313,2024-09,0.0,1,1
CUST-0313,2024-10,2.9,1,0
CUST-0313,2024-11,0.0,1,1
CUST-0313,2024-12,0.0,1,4
CUST-0313,2025-01,0.0,1,1
CUST-0313,2025-02,0.0,1,0
CUST-0313,2025-03,3.4,1,3
CUST-0314,2022-10,21.1,5,1
CUST-0314,2022-11,21.8,4,1
CUST-0314,2022-12,,8,0
CUST-0314,2023-01,22.7,5,0
CUST-0314,2023-02,21.5,5,0
CUST-0314,2023-03,19.5,7,0
CUST-0314,2023-04,15.4,3,0
CUST-0314,2023-05,16.6,5,1
CUST-0314,2023-06,17.6,4,0
CUST-0314,2023-07,,5,0
CUST-0314,2023-08,16.5,5,0
CUST-0314,2023-09,17.2,5,0
CUST-0314,2023-10,23.5,9,0
CUST-0314,2023-11,15.4,4,0
CUST-0314,2023-12,20.5,6,0
CUST-0314,2024-01,21.7,4,0
CUST-0314,2024-02,20.7,7,0
CUST-0314,2024-03,25.9,7,0
CUST-0314,2024-04,17.5,3,0
CUST-0314,2024-05,19.0,6,0
CUST-0314,2024-06,23.9,8,1
CUST-0314,2024-07,18.7,6,1
CUST-0314,2024-08,21.7,5,0
CUST-0314,2024-09,24.4,9,1
CUST-0314,2024-10,14.9,3,0
CUST-0314,2024-11,15.8,7,1
CUST-0314,2024-12,20.5,5,0
CUST-0314,2025-01,15.9,3,0
CUST-0314,2025-02,13.7,5,1
CUST-0314,2025-03,20.3,8,0
CUST-0314,2025-04,23.8,5,0
CUST-0315,2023-07,6.6,1,1
CUST-0315,2023-08,5.9,2,0
CUST-0315,2023-09,8.0,1,0
CUST-0315,2023-10,2.5,1,0
CUST-0315,2023-11,8.4,3,0
CUST-0315,2023-12,9.8,2,0
CUST-0315,2024-01,6.2,1,0
CUST-0315,2024-02,8.5,2,1
CUST-0315,2024-03,6.6,2,0
CUST-0315,2024-04,8.0,1,0
CUST-0315,2024-05,10.7,2,0
CUST-0315,2024-06,4.0,1,0
CUST-0315,2024-07,12.0,2,0
CUST-0315,2024-08,11.1,5,0
CUST-0315,2024-09,8.7,4,0
CUST-0315,2024-10,9.1,2,0
CUST-0315,2024-11,10.7,4,1
CUST-0315,2024-12,2.9,1,0
CUST-0315,2025-01,3.3,1,0
CUST-0315,2025-02,4.7,1,1
CUST-0315,2025-03,0.8,1,0
CUST-0315,2025-04,10.3,4,0
CUST-0315,2025-05,7.5,2,1
CUST-0316,2022-12,21.3,5,1
CUST-0316,2023-01,23.5,6,2
CUST-0316,2023-02,21.6,7,0
CUST-0316,2023-03,23.1,6,0
CUST-0316,2023-04,23.8,7,0
CUST-0316,2023-05,13.8,5,3
CUST-0316,2023-06,19.4,6,1
CUST-0316,2023-07,18.5,5,0
CUST-0316,2023-08,11.1,5,1
CUST-0316,2023-09,14.4,3,2
CUST-0316,2023-10,14.8,3,0
CUST-0316,2023-11,6.9,1,2
CUST-0316,2023-12,16.0,4,2
CUST-0316,2024-01,20.3,4,2
CUST-0316,2024-02,7.6,3,1
CUST-0316,2024-03,0.0,1,0
CUST-0316,2024-04,2.4,1,1
CUST-0316,2024-05,10.8,2,1
CUST-0316,2024-06,8.0,3,1
CUST-0316,2024-07,2.4,1,0
CUST-0316,2024-08,0.0,1,2
CUST-0316,2024-09,0.0,1,2
CUST-0316,2024-10,0.1,1,1
CUST-0316,2024-11,0.0,1,2
CUST-0316,2024-12,12.1,2,2
CUST-0316,2025-01,7.9,1,0
CUST-0316,2025-02,0.0,1,1
CUST-0316,2025-03,0.0,1,0
CUST-0316,2025-04,3.0,1,2
CUST-0316,2025-05,0.0,1,1
CUST-0317,2023-10,28.2,8,1
CUST-0317,2023-11,28.8,10,1
CUST-0317,2023-12,28.9,12,0
CUST-0317,2024-01,21.4,4,3
CUST-0317,2024-02,29.0,6,2
CUST-0317,2024-03,19.3,5,1
CUST-0317,2024-04,24.4,8,0
CUST-0317,2024-05,21.2,8,1
CUST-0317,2024-06,24.8,8,2
CUST-0317,2024-07,19.4,5,0
CUST-0317,2024-08,19.7,4,0
CUST-0317,2024-09,10.5,5,1
CUST-0317,2024-10,10.7,3,1
CUST-0317,2024-11,21.0,4,0
CUST-0317,2024-12,4.8,1,0
CUST-0317,2025-01,10.0,3,1
CUST-0317,2025-02,3.5,1,0
CUST-0317,2025-03,14.2,3,0
CUST-0317,2025-04,2.1,1,3
CUST-0317,2025-05,11.0,2,2
CUST-0318,2022-07,24.2,4,0
CUST-0318,2022-08,29.8,10,0
CUST-0318,2022-09,26.3,6,1
CUST-0318,2022-10,27.4,6,0
CUST-0318,2022-11,27.2,12,0
CUST-0318,2022-12,23.1,8,0
CUST-0318,2023-01,23.9,5,1
CUST-0318,2023-02,25.3,8,0
CUST-0318,2023-03,26.1,5,0
CUST-0318,2023-04,27.3,8,1
CUST-0318,2023-05,31.4,9,0
CUST-0318,2023-06,21.4,8,1
CUST-0318,2023-07,28.0,10,2
CUST-0318,2023-08,28.2,7,0
CUST-0318,2023-09,26.5,8,0
CUST-0318,2023-10,27.9,6,0
CUST-0318,2023-11,24.6,4,0
CUST-0318,2023-12,31.1,10,1
CUST-0318,2024-01,23.7,5,0
CUST-0318,2024-02,20.3,7,0
CUST-0318,2024-03,21.1,7,1
CUST-0318,2024-04,25.3,10,0
CUST-0318,2024-05,28.5,7,0
CUST-0318,2024-06,29.7,12,1
CUST-0318,2024-07,26.5,6,0
CUST-0318,2024-08,25.5,7,0
CUST-0318,2024-09,30.4,10,3
CUST-0318,2024-10,28.2,9,0
CUST-0318,2024-11,24.4,4,1
CUST-0318,2024-12,29.6,10,0
CUST-0318,2025-01,25.2,5,1
CUST-0319,2022-06,24.5,10,1
CUST-0319,2022-07,22.9,8,0
CUST-0319,2022-08,13.3,3,0
CUST-0319,2022-09,19.9,6,1
CUST-0319,2022-10,13.3,4,1
CUST-0319,2022-11,21.6,5,0
CUST-0319,2022-12,,5,0
CUST-0319,2023-01,20.1,4,0
CUST-0319,2023-02,19.6,6,1
CUST-0319,2023-03,18.6,6,1
CUST-0319,2023-04,24.4,6,0
CUST-0319,2023-05,20.8,5,1
CUST-0319,2023-06,17.4,5,0
CUST-0319,2023-07,26.0,8,0
CUST-0319,2023-08,24.1,7,0
CUST-0319,2023-09,14.3,4,0
CUST-0319,2023-10,21.9,7,0
CUST-0319,2023-11,19.2,7,2
CUST-0319,2023-12,21.8,5,0
CUST-0319,2024-01,24.1,6,0
CUST-0319,2024-02,18.7,8,0
CUST-0319,2024-03,19.4,4,1
CUST-0319,2024-04,22.2,4,0
CUST-0319,2024-05,25.3,12,0
CUST-0319,2024-06,17.7,6,0
CUST-0319,2024-07,14.1,4,0
CUST-0319,2024-08,20.7,5,0
CUST-0319,2024-09,22.3,4,1
CUST-0319,2024-10,15.0,4,1
CUST-0319,2024-11,19.7,6,2
CUST-0319,2024-12,25.3,7,0
CUST-0320,2022-02,9.6,3,3
CUST-0320,2022-03,4.3,1,2
CUST-0320,2022-04,10.0,3,0
CUST-0320,2022-05,5.5,2,4
CUST-0320,2022-06,10.8,2,0
CUST-0320,2022-07,5.2,1,3
CUST-0320,2022-08,0.0,1,2
CUST-0320,2022-09,0.9,1,0
CUST-0320,2022-10,0.8,1,0
CUST-0320,2022-11,0.0,1,0
CUST-0320,2022-12,0.0,1,1
CUST-0320,2023-01,0.0,1,0
CUST-0320,2023-02,2.9,1,0
CUST-0320,2023-03,0.0,1,1
CUST-0320,2023-04,0.0,1,1
CUST-0320,2023-05,0.0,1,1
CUST-0320,2023-06,0.0,1,1
CUST-0320,2023-07,0.9,1,0
CUST-0320,2023-08,0.0,1,3
CUST-0320,2023-09,0.0,1,0
CUST-0320,2023-10,1.3,1,1
CUST-0320,2023-11,0.0,1,2
CUST-0320,2023-12,0.0,1,0
CUST-0320,2024-01,0.0,1,2
CUST-0320,2024-02,0.0,1,4
CUST-0320,2024-03,0.0,1,1
CUST-0320,2024-04,0.0,1,2
CUST-0320,2024-05,0.0,1,2
CUST-0320,2024-06,0.0,1,0
CUST-0320,2024-07,0.0,1,0
CUST-0320,2024-08,0.0,1,1
CUST-0321,2023-02,10.6,2,1
CUST-0321,2023-03,16.0,3,0
CUST-0321,2023-04,7.9,1,0
CUST-0321,2023-05,11.2,2,0
CUST-0321,2023-06,13.0,2,0
CUST-0321,2023-07,11.8,3,1
CUST-0321,2023-08,15.1,3,0
CUST-0321,2023-09,12.7,4,1
CUST-0321,2023-10,10.1,2,1
CUST-0321,2023-11,16.0,3,1
CUST-0321,2023-12,13.4,5,0
CUST-0321,2024-01,7.5,1,2
CUST-0321,2024-02,10.0,4,0
CUST-0321,2024-03,10.9,2,0
CUST-0321,2024-04,14.1,4,0
CUST-0321,2024-05,,4,0
CUST-0321,2024-06,14.8,3,1
CUST-0321,2024-07,12.0,3,1
CUST-0321,2024-08,15.5,4,1
CUST-0321,2024-09,9.1,2,0
CUST-0321,2024-10,12.4,2,0
CUST-0321,2024-11,14.8,4,1
CUST-0321,2024-12,14.1,6,0
CUST-0321,2025-01,6.2,2,1
CUST-0321,2025-02,15.5,4,0
CUST-0321,2025-03,17.4,5,0
CUST-0321,2025-04,14.5,3,0
CUST-0321,2025-05,14.4,6,0
CUST-0322,2022-07,11.8,2,1
CUST-0322,2022-08,9.1,2,0
CUST-0322,2022-09,4.3,1,1
CUST-0322,2022-10,5.9,1,1
CUST-0322,2022-11,9.0,1,0
CUST-0322,2022-12,4.5,1,1
CUST-0322,2023-01,3.8,1,0
CUST-0322,2023-02,0.0,1,0
CUST-0322,2023-03,0.0,1,0
CUST-0322,2023-04,2.0,1,0
CUST-0322,2023-05,0.0,1,0
CUST-0322,2023-06,1.7,1,3
CUST-0322,2023-07,0.0,1,2
CUST-0322,2023-08,0.0,1,2
CUST-0322,2023-09,5.8,1,2
CUST-0322,2023-10,0.0,1,1
CUST-0322,2023-11,0.0,1,1
CUST-0322,2023-12,0.3,1,1
CUST-0322,2024-01,0.0,1,1
CUST-0322,2024-02,0.0,1,0
CUST-0322,2024-03,0.0,1,2
CUST-0322,2024-04,0.0,1,1
CUST-0322,2024-05,0.0,1,1
CUST-0322,2024-06,0.0,1,1
CUST-0322,2024-07,0.0,1,0
CUST-0322,2024-08,,1,2
CUST-0322,2024-09,0.0,1,4
CUST-0322,2024-10,0.0,1,3
CUST-0322,2024-11,0.0,1,0
CUST-0322,2024-12,0.0,1,1
CUST-0322,2025-01,0.0,1,2
CUST-0323,2022-09,29.1,9,2
CUST-0323,2022-10,27.3,7,1
CUST-0323,2022-11,28.7,8,2
CUST-0323,2022-12,23.0,7,2
CUST-0323,2023-01,21.1,6,2
CUST-0323,2023-02,16.2,4,0
CUST-0323,2023-03,20.7,4,1
CUST-0323,2023-04,25.1,5,1
CUST-0323,2023-05,17.0,4,2
CUST-0323,2023-06,10.4,2,1
CUST-0323,2023-07,17.6,6,0
CUST-0323,2023-08,11.7,5,2
CUST-0323,2023-09,6.3,2,2
CUST-0323,2023-10,20.0,8,1
CUST-0323,2023-11,0.8,1,2
CUST-0323,2023-12,18.9,5,3
CUST-0323,2024-01,20.2,6,0
CUST-0323,2024-02,3.9,1,1
CUST-0323,2024-03,0.0,1,0
CUST-0323,2024-04,0.1,1,3
CUST-0323,2024-05,13.5,3,1
CUST-0323,2024-06,,1,3
CUST-0323,2024-07,4.2,1,2
CUST-0323,2024-08,0.0,1,0
CUST-0323,2024-09,0.0,1,2
CUST-0323,2024-10,0.0,1,3
CUST-0323,2024-11,0.5,1,4
CUST-0323,2024-12,6.9,2,2
CUST-0323,2025-01,0.0,1,2
CUST-0323,2025-02,0.0,1,2
CUST-0323,2025-03,0.0,1,1
CUST-0324,2024-04,25.5,6,1
CUST-0324,2024-05,24.9,8,0
CUST-0324,2024-06,32.7,10,0
CUST-0324,2024-07,,8,0
CUST-0324,2024-08,20.8,9,1
CUST-0324,2024-09,24.7,7,0
CUST-0324,2024-10,21.0,7,1
CUST-0324,2024-11,23.2,10,0
CUST-0324,2024-12,26.5,5,0
CUST-0324,2025-01,22.3,4,0
CUST-0324,2025-02,29.1,6,1
CUST-0324,2025-03,22.5,8,0
CUST-0324,2025-04,24.9,9,0
CUST-0324,2025-05,24.6,9,0
CUST-0325,2024-01,17.5,4,2
CUST-0325,2024-02,15.5,5,2
CUST-0325,2024-03,25.6,10,0
CUST-0325,2024-04,14.2,5,0
CUST-0325,2024-05,19.9,5,1
CUST-0325,2024-06,21.7,5,0
CUST-0325,2024-07,22.2,5,0
CUST-0325,2024-08,21.3,4,0
CUST-0325,2024-09,20.2,4,0
CUST-0325,2024-10,17.1,3,0
CUST-0325,2024-11,20.7,5,1
CUST-0325,2024-12,16.1,4,0
CUST-0325,2025-01,21.8,7,1
CUST-0325,2025-02,20.9,4,0
CUST-0325,2025-03,19.0,4,0
CUST-0325,2025-04,18.8,6,0
CUST-0325,2025-05,21.7,7,1
CUST-0326,2024-01,12.7,5,0
CUST-0326,2024-02,14.8,2,2
CUST-0326,2024-03,14.2,3,0
CUST-0326,2024-04,6.9,1,0
CUST-0326,2024-05,8.7,2,0
CUST-0326,2024-06,12.4,4,0
CUST-0326,2024-07,6.9,1,0
CUST-0326,2024-08,,1,1
CUST-0326,2024-09,5.1,1,0
CUST-0326,2024-10,9.4,3,1
CUST-0326,2024-11,9.1,2,0
CUST-0326,2024-12,9.3,2,0
CUST-0326,2025-01,10.1,2,0
CUST-0326,2025-02,5.3,2,0
CUST-0326,2025-03,4.6,1,0
CUST-0326,2025-04,12.2,4,0
CUST-0326,2025-05,14.6,4,0
CUST-0327,2023-06,17.3,5,0
CUST-0327,2023-07,12.3,2,0
CUST-0327,2023-08,18.3,4,1
CUST-0327,2023-09,20.0,4,1
CUST-0327,2023-10,15.2,4,0
CUST-0327,2023-11,20.2,4,1
CUST-0327,2023-12,15.0,6,0
CUST-0327,2024-01,17.8,3,1
CUST-0327,2024-02,20.2,6,1
CUST-0327,2024-03,12.9,3,1
CUST-0327,2024-04,16.4,4,1
CUST-0327,2024-05,,2,0
CUST-0327,2024-06,19.8,4,0
CUST-0327,2024-07,16.5,6,0
CUST-0327,2024-08,16.3,3,1
CUST-0327,2024-09,15.3,3,1
CUST-0327,2024-10,12.0,5,0
CUST-0327,2024-11,17.2,5,1
CUST-0327,2024-12,10.5,2,0
CUST-0327,2025-01,16.4,4,1
CUST-0327,2025-02,19.0,4,2
CUST-0327,2025-03,11.4,3,0
CUST-0327,2025-04,15.4,3,0
CUST-0327,2025-05,18.6,5,0
CUST-0328,2022-04,24.5,8,1
CUST-0328,2022-05,25.0,6,0
CUST-0328,2022-06,28.7,6,0
CUST-0328,2022-07,24.0,9,0
CUST-0328,2022-08,26.1,11,0
CUST-0328,2022-09,24.3,5,1
CUST-0328,2022-10,27.7,5,1
CUST-0328,2022-11,28.1,7,1
CUST-0328,2022-12,27.6,6,0
CUST-0328,2023-01,23.0,7,1
CUST-0328,2023-02,31.1,9,0
CUST-0328,2023-03,26.3,5,0
CUST-0328,2023-04,30.4,6,2
CUST-0328,2023-05,27.7,8,0
CUST-0328,2023-06,29.8,9,0
CUST-0328,2023-07,28.0,9,1
CUST-0328,2023-08,23.7,5,0
CUST-0328,2023-09,21.1,5,1
CUST-0328,2023-10,26.7,11,0
CUST-0328,2023-11,28.8,6,0
CUST-0328,2023-12,30.4,9,1
CUST-0328,2024-01,20.8,4,0
CUST-0328,2024-02,23.5,11,0
CUST-0328,2024-03,24.6,8,0
CUST-0328,2024-04,26.8,10,0
CUST-0328,2024-05,26.5,6,0
CUST-0328,2024-06,30.6,13,0
CUST-0328,2024-07,26.2,6,0
CUST-0328,2024-08,30.8,7,0
CUST-0328,2024-09,29.3,13,0
CUST-0328,2024-10,30.6,7,1
CUST-0329,2023-11,10.2,3,0
CUST-0329,2023-12,9.1,4,0
CUST-0329,2024-01,10.5,4,1
CUST-0329,2024-02,14.1,3,0
CUST-0329,2024-03,7.6,2,1
CUST-0329,2024-04,10.3,4,1
CUST-0329,2024-05,10.7,4,0
CUST-0329,2024-06,10.4,2,2
CUST-0329,2024-07,6.0,2,0
CUST-0329,2024-08,15.6,3,0
CUST-0329,2024-09,11.1,2,0
CUST-0329,2024-10,11.0,2,0
CUST-0329,2024-11,4.6,1,0
CUST-0329,2024-12,16.2,4,0
CUST-0329,2025-01,10.7,5,0
CUST-0329,2025-02,3.8,1,0
CUST-0329,2025-03,6.4,1,0
CUST-0329,2025-04,9.2,1,1
CUST-0329,2025-05,,4,1
CUST-0330,2023-06,7.8,3,2
CUST-0330,2023-07,13.9,3,1
CUST-0330,2023-08,6.7,1,0
CUST-0330,2023-09,8.6,2,4
CUST-0330,2023-10,3.5,1,1
CUST-0330,2023-11,,1,1
CUST-0330,2023-12,0.3,1,1
CUST-0330,2024-01,3.0,1,1
CUST-0330,2024-02,3.5,1,1
CUST-0330,2024-03,1.4,1,1
CUST-0330,2024-04,0.0,1,1
CUST-0330,2024-05,0.0,1,0
CUST-0330,2024-06,0.0,1,2
CUST-0330,2024-07,0.0,1,3
CUST-0330,2024-08,0.0,1,0
CUST-0330,2024-09,0.0,1,4
CUST-0330,2024-10,0.0,1,0
CUST-0330,2024-11,0.0,1,2
CUST-0330,2024-12,0.0,1,0
CUST-0330,2025-01,0.0,1,1
CUST-0330,2025-02,0.0,1,0
CUST-0330,2025-03,0.0,1,3
CUST-0330,2025-04,0.0,1,0
CUST-0330,2025-05,0.0,1,2
CUST-0331,2024-03,10.6,2,0
CUST-0331,2024-04,16.5,5,0
CUST-0331,2024-05,16.4,6,0
CUST-0331,2024-06,5.9,1,0
CUST-0331,2024-07,16.3,3,0
CUST-0331,2024-08,12.3,3,1
CUST-0331,2024-09,15.6,4,1
CUST-0331,2024-10,13.9,3,1
CUST-0331,2024-11,9.7,3,1
CUST-0331,2024-12,9.6,3,0
CUST-0331,2025-01,15.1,6,0
CUST-0331,2025-02,8.7,2,0
CUST-0331,2025-03,16.3,3,1
CUST-0331,2025-04,16.7,5,0
CUST-0331,2025-05,14.2,3,0
CUST-0332,2023-03,22.6,5,0
CUST-0332,2023-04,31.0,14,0
CUST-0332,2023-05,30.7,6,1
CUST-0332,2023-06,27.1,11,0
CUST-0332,2023-07,27.7,6,1
CUST-0332,2023-08,28.4,14,0
CUST-0332,2023-09,30.3,7,0
CUST-0332,2023-10,31.6,9,1
CUST-0332,2023-11,28.6,5,1
CUST-0332,2023-12,29.7,11,0
CUST-0332,2024-01,32.2,8,0
CUST-0332,2024-02,31.4,8,0
CUST-0332,2024-03,25.8,6,0
CUST-0332,2024-04,27.3,12,0
CUST-0332,2024-05,27.1,6,1
CUST-0332,2024-06,31.9,8,0
CUST-0332,2024-07,30.7,8,0
CUST-0332,2024-08,30.1,8,0
CUST-0332,2024-09,31.9,15,0
CUST-0332,2024-10,21.4,7,0
CUST-0332,2024-11,,6,0
CUST-0332,2024-12,26.2,7,1
CUST-0332,2025-01,26.3,7,0
CUST-0332,2025-02,22.7,8,0
CUST-0332,2025-03,28.6,8,0
CUST-0332,2025-04,26.5,9,0
CUST-0332,2025-05,28.6,8,1
CUST-0333,2022-06,10.7,3,1
CUST-0333,2022-07,1.3,1,2
CUST-0333,2022-08,3.7,1,0
CUST-0333,2022-09,7.6,2,1
CUST-0333,2022-10,4.9,1,0
CUST-0333,2022-11,0.4,1,1
CUST-0333,2022-12,5.8,2,1
CUST-0333,2023-01,0.0,1,0
CUST-0333,2023-02,1.0,1,0
CUST-0333,2023-03,0.0,1,2
CUST-0333,2023-04,0.6,1,3
CUST-0333,2023-05,0.0,1,4
CUST-0333,2023-06,0.0,1,2
CUST-0333,2023-07,0.0,1,1
CUST-0333,2023-08,0.0,1,1
CUST-0333,2023-09,0.0,1,0
CUST-0333,2023-10,0.0,1,1
CUST-0333,2023-11,1.5,1,1
CUST-0333,2023-12,0.0,1,1
CUST-0333,2024-01,0.0,1,0
CUST-0333,2024-02,0.0,1,1
CUST-0333,2024-03,,1,0
CUST-0333,2024-04,0.0,1,0
CUST-0333,2024-05,0.0,1,3
CUST-0333,2024-06,0.0,1,1
CUST-0333,2024-07,0.0,1,0
CUST-0333,2024-08,0.0,1,0
CUST-0333,2024-09,0.0,1,1
CUST-0333,2024-10,0.0,1,1
CUST-0333,2024-11,0.0,1,3
CUST-0333,2024-12,0.0,1,2
CUST-0334,2023-06,16.5,3,0
CUST-0334,2023-07,21.1,6,1
CUST-0334,2023-08,14.7,7,1
CUST-0334,2023-09,19.7,4,0
CUST-0334,2023-10,21.4,4,0
CUST-0334,2023-11,22.5,6,1
CUST-0334,2023-12,20.6,5,0
CUST-0334,2024-01,22.8,8,0
CUST-0334,2024-02,19.4,5,0
CUST-0334,2024-03,11.7,2,1
CUST-0334,2024-04,15.2,7,0
CUST-0334,2024-05,14.7,2,0
CUST-0334,2024-06,17.1,5,0
CUST-0334,2024-07,21.8,7,0
CUST-0334,2024-08,18.3,7,0
CUST-0334,2024-09,19.7,4,1
CUST-0334,2024-10,17.3,6,0
CUST-0334,2024-11,17.2,3,1
CUST-0334,2024-12,20.8,8,1
CUST-0334,2025-01,19.7,5,1
CUST-0334,2025-02,17.5,3,0
CUST-0334,2025-03,15.9,7,0
CUST-0334,2025-04,15.1,6,0
CUST-0334,2025-05,15.3,3,1
CUST-0335,2023-02,23.9,8,0
CUST-0335,2023-03,22.2,7,0
CUST-0335,2023-04,29.2,10,0
CUST-0335,2023-05,29.7,7,0
CUST-0335,2023-06,27.3,6,1
CUST-0335,2023-07,29.2,10,0
CUST-0335,2023-08,24.8,5,0
CUST-0335,2023-09,26.5,6,0
CUST-0335,2023-10,26.8,6,2
CUST-0335,2023-11,28.1,11,0
CUST-0335,2023-12,26.2,6,1
CUST-0335,2024-01,27.7,6,1
CUST-0335,2024-02,28.8,6,0
CUST-0335,2024-03,26.8,8,0
CUST-0335,2024-04,28.0,5,2
CUST-0335,2024-05,26.5,5,0
CUST-0335,2024-06,32.3,7,0
CUST-0335,2024-07,27.7,9,0
CUST-0335,2024-08,30.3,7,0
CUST-0335,2024-09,27.0,6,1
CUST-0335,2024-10,26.2,6,0
CUST-0335,2024-11,29.6,6,0
CUST-0335,2024-12,32.8,15,0
CUST-0335,2025-01,38.9,8,1
CUST-0335,2025-02,33.5,11,0
CUST-0335,2025-03,25.7,9,0
CUST-0335,2025-04,27.3,6,0
CUST-0335,2025-05,31.6,10,1
CUST-0336,2023-08,21.7,5,0
CUST-0336,2023-09,25.2,5,2
CUST-0336,2023-10,27.3,13,0
CUST-0336,2023-11,16.6,3,1
CUST-0336,2023-12,17.0,6,1
CUST-0336,2024-01,12.5,3,0
CUST-0336,2024-02,19.9,7,0
CUST-0336,2024-03,21.0,5,1
CUST-0336,2024-04,13.9,5,1
CUST-0336,2024-05,20.9,5,0
CUST-0336,2024-06,23.9,7,0
CUST-0336,2024-07,18.9,4,0
CUST-0336,2024-08,23.2,5,1
CUST-0336,2024-09,24.6,9,0
CUST-0336,2024-10,18.1,5,0
CUST-0336,2024-11,16.4,3,0
CUST-0336,2024-12,26.4,9,0
CUST-0336,2025-01,20.1,9,0
CUST-0336,2025-02,20.4,8,0
CUST-0336,2025-03,14.2,3,1
CUST-0336,2025-04,17.8,7,0
CUST-0336,2025-05,21.9,4,0
CUST-0337,2022-12,29.2,6,0
CUST-0337,2023-01,27.8,8,1
CUST-0337,2023-02,26.7,9,0
CUST-0337,2023-03,30.7,7,0
CUST-0337,2023-04,24.0,6,0
CUST-0337,2023-05,26.8,5,0
CUST-0337,2023-06,29.7,6,0
CUST-0337,2023-07,27.8,6,1
CUST-0337,2023-08,26.5,5,0
CUST-0337,2023-09,24.8,8,0
CUST-0337,2023-10,,8,0
CUST-0337,2023-11,26.5,6,2
CUST-0337,2023-12,30.7,9,0
CUST-0337,2024-01,27.3,9,0
CUST-0337,2024-02,22.8,5,1
CUST-0337,2024-03,32.1,10,1
CUST-0337,2024-04,23.2,6,0
CUST-0337,2024-05,29.2,9,0
CUST-0337,2024-06,27.3,13,0
CUST-0337,2024-07,18.9,3,0
CUST-0337,2024-08,32.0,8,0
CUST-0337,2024-09,28.3,10,2
CUST-0337,2024-10,24.9,8,0
CUST-0337,2024-11,30.5,6,0
CUST-0337,2024-12,30.4,7,0
CUST-0337,2025-01,27.2,6,0
CUST-0337,2025-02,,5,0
CUST-0337,2025-03,32.6,9,0
CUST-0337,2025-04,28.5,11,1
CUST-0337,2025-05,25.1,9,0
CUST-0338,2022-10,10.6,2,1
CUST-0338,2022-11,12.9,3,3
CUST-0338,2022-12,10.4,2,2
CUST-0338,2023-01,7.5,1,0
CUST-0338,2023-02,11.8,2,2
CUST-0338,2023-03,1.3,1,1
CUST-0338,2023-04,6.9,1,1
CUST-0338,2023-05,7.3,1,3
CUST-0338,2023-06,0.0,1,1
CUST-0338,2023-07,0.0,1,1
CUST-0338,2023-08,0.0,1,0
CUST-0338,2023-09,2.6,1,0
CUST-0338,2023-10,0.0,1,1
CUST-0338,2023-11,4.3,1,2
CUST-0338,2023-12,0.0,1,1
CUST-0338,2024-01,0.0,1,2
CUST-0338,2024-02,5.8,1,3
CUST-0338,2024-03,0.0,1,1
CUST-0338,2024-04,0.0,1,0
CUST-0338,2024-05,0.0,1,1
CUST-0338,2024-06,0.0,1,3
CUST-0338,2024-07,0.0,1,2
CUST-0338,2024-08,0.0,1,1
CUST-0338,2024-09,0.0,1,2
CUST-0338,2024-10,0.0,1,0
CUST-0338,2024-11,0.0,1,4
CUST-0338,2024-12,0.0,1,0
CUST-0338,2025-01,0.0,1,1
CUST-0338,2025-02,0.0,1,4
CUST-0338,2025-03,0.0,1,0
CUST-0338,2025-04,0.0,1,2
CUST-0339,2022-04,21.3,8,0
CUST-0339,2022-05,22.5,5,1
CUST-0339,2022-06,20.2,4,0
CUST-0339,2022-07,17.5,3,0
CUST-0339,2022-08,22.8,6,1
CUST-0339,2022-09,21.2,5,0
CUST-0339,2022-10,22.9,5,0
CUST-0339,2022-11,22.1,6,1
CUST-0339,2022-12,26.5,6,0
CUST-0339,2023-01,15.9,5,1
CUST-0339,2023-02,14.7,4,0
CUST-0339,2023-03,,7,0
CUST-0339,2023-04,20.1,4,0
CUST-0339,2023-05,19.4,5,0
CUST-0339,2023-06,20.4,7,2
CUST-0339,2023-07,18.8,5,0
CUST-0339,2023-08,24.6,5,0
CUST-0339,2023-09,22.4,8,0
CUST-0339,2023-10,19.1,5,0
CUST-0339,2023-11,11.9,3,0
CUST-0339,2023-12,19.2,6,0
CUST-0339,2024-01,23.8,7,1
CUST-0339,2024-02,18.9,4,0
CUST-0339,2024-03,18.7,5,0
CUST-0339,2024-04,21.6,4,0
CUST-0339,2024-05,18.5,3,0
CUST-0339,2024-06,21.2,7,1
CUST-0339,2024-07,19.1,4,1
CUST-0339,2024-08,14.8,5,1
CUST-0339,2024-09,19.9,8,1
CUST-0339,2024-10,,6,1
CUST-0340,2024-05,24.5,7,0
CUST-0340,2024-06,19.6,4,0
CUST-0340,2024-07,20.4,4,5
CUST-0340,2024-08,17.3,7,0
CUST-0340,2024-09,19.5,3,0
CUST-0340,2024-10,16.0,6,2
CUST-0340,2024-11,13.2,3,2
CUST-0340,2024-12,15.9,4,2
CUST-0340,2025-01,6.0,1,0
CUST-0340,2025-02,9.7,4,1
CUST-0340,2025-03,16.0,4,2
CUST-0340,2025-04,9.9,4,1
CUST-0340,2025-05,11.0,2,1
CUST-0341,2023-11,22.8,8,0
CUST-0341,2023-12,21.8,8,0
CUST-0341,2024-01,26.3,11,0
CUST-0341,2024-02,21.6,9,0
CUST-0341,2024-03,24.6,11,0
CUST-0341,2024-04,25.0,5,0
CUST-0341,2024-05,26.7,11,1
CUST-0341,2024-06,26.8,5,1
CUST-0341,2024-07,18.1,8,0
CUST-0341,2024-08,18.1,5,0
CUST-0341,2024-09,27.1,12,0
CUST-0341,2024-10,20.5,6,0
CUST-0341,2024-11,24.2,5,1
CUST-0341,2024-12,23.5,4,0
CUST-0341,2025-01,26.7,6,1
CUST-0341,2025-02,27.5,7,1
CUST-0341,2025-03,19.0,8,0
CUST-0341,2025-04,24.9,8,0
CUST-0341,2025-05,20.6,4,0
CUST-0342,2023-02,14.2,3,0
CUST-0342,2023-03,12.5,3,0
CUST-0342,2023-04,20.6,8,1
CUST-0342,2023-05,18.2,3,0
CUST-0342,2023-06,16.6,4,0
CUST-0342,2023-07,18.2,4,0
CUST-0342,2023-08,24.4,8,0
CUST-0342,2023-09,19.8,8,0
CUST-0342,2023-10,16.2,7,0
CUST-0342,2023-11,20.6,4,0
CUST-0342,2023-12,12.7,4,0
CUST-0342,2024-01,12.0,2,1
CUST-0342,2024-02,17.8,3,1
CUST-0342,2024-03,18.8,3,1
CUST-0342,2024-04,16.3,6,1
CUST-0342,2024-05,21.3,5,0
CUST-0342,2024-06,19.8,8,0
CUST-0342,2024-07,16.3,3,1
CUST-0342,2024-08,16.5,4,0
CUST-0342,2024-09,16.2,4,0
CUST-0342,2024-10,14.2,3,0
CUST-0342,2024-11,18.9,7,0
CUST-0342,2024-12,18.8,6,0
CUST-0342,2025-01,17.1,3,0
CUST-0342,2025-02,,3,0
CUST-0342,2025-03,18.1,5,2
CUST-0342,2025-04,14.8,3,0
CUST-0342,2025-05,12.5,3,0
CUST-0343,2022-07,,5,2
CUST-0343,2022-08,26.8,9,2
CUST-0343,2022-09,,5,2
CUST-0343,2022-10,15.6,3,1
CUST-0343,2022-11,14.3,3,0
CUST-0343,2022-12,23.2,6,0
CUST-0343,2023-01,22.4,6,0
CUST-0343,2023-02,14.4,3,0
CUST-0343,2023-03,20.9,7,1
CUST-0343,2023-04,16.0,4,0
CUST-0343,2023-05,27.4,10,1
CUST-0343,2023-06,19.8,6,0
CUST-0343,2023-07,15.5,4,2
CUST-0343,2023-08,20.4,5,0
CUST-0343,2023-09,14.7,3,0
CUST-0343,2023-10,14.5,4,0
CUST-0343,2023-11,20.4,6,1
CUST-0343,2023-12,19.1,8,1
CUST-0343,2024-01,,4,3
CUST-0343,2024-02,18.0,6,0
CUST-0343,2024-03,23.5,8,0
CUST-0343,2024-04,19.7,6,0
CUST-0343,2024-05,18.8,3,1
CUST-0343,2024-06,17.7,6,0
CUST-0343,2024-07,15.8,4,1
CUST-0343,2024-08,23.5,10,0
CUST-0343,2024-09,19.2,5,1
CUST-0343,2024-10,12.9,5,1
CUST-0343,2024-11,19.0,6,2
CUST-0343,2024-12,19.7,4,1
CUST-0343,2025-01,17.1,4,0
CUST-0344,2023-07,27.9,6,2
CUST-0344,2023-08,28.5,7,1
CUST-0344,2023-09,,9,1
CUST-0344,2023-10,22.6,9,1
CUST-0344,2023-11,22.5,5,2
CUST-0344,2023-12,22.7,5,1
CUST-0344,2024-01,17.3,7,2
CUST-0344,2024-02,21.5,4,2
CUST-0344,2024-03,21.8,4,5
CUST-0344,2024-04,25.3,5,2
CUST-0344,2024-05,16.1,3,1
CUST-0344,2024-06,8.2,1,0
CUST-0344,2024-07,5.8,2,5
CUST-0344,2024-08,15.7,5,0
CUST-0344,2024-09,1.5,1,0
CUST-0344,2024-10,17.8,4,1
CUST-0344,2024-11,1.7,1,3
CUST-0344,2024-12,15.2,5,0
CUST-0344,2025-01,13.2,4,1
CUST-0344,2025-02,12.4,4,0
CUST-0344,2025-03,0.0,1,0
CUST-0344,2025-04,0.0,1,2
CUST-0344,2025-05,0.0,1,2
CUST-0345,2023-01,4.7,1,2
CUST-0345,2023-02,7.9,2,0
CUST-0345,2023-03,7.5,2,1
CUST-0345,2023-04,8.7,1,0
CUST-0345,2023-05,11.1,2,0
CUST-0345,2023-06,10.0,4,0
CUST-0345,2023-07,7.7,1,0
CUST-0345,2023-08,7.9,1,0
CUST-0345,2023-09,5.8,1,0
CUST-0345,2023-10,4.0,1,0
CUST-0345,2023-11,7.3,1,0
CUST-0345,2023-12,9.6,3,0
CUST-0345,2024-01,6.7,1,0
CUST-0345,2024-02,8.2,2,0
CUST-0345,2024-03,6.6,2,0
CUST-0345,2024-04,11.9,5,0
CUST-0345,2024-05,5.8,1,1
CUST-0345,2024-06,8.4,1,0
CUST-0345,2024-07,11.3,3,0
CUST-0345,2024-08,11.2,2,1
CUST-0345,2024-09,9.0,2,0
CUST-0345,2024-10,5.3,1,0
CUST-0345,2024-11,5.3,1,0
CUST-0345,2024-12,3.7,1,0
CUST-0345,2025-01,12.3,2,0
CUST-0345,2025-02,13.3,2,0
CUST-0345,2025-03,13.8,5,0
CUST-0345,2025-04,8.0,4,1
CUST-0345,2025-05,12.7,4,1
CUST-0346,2023-07,13.9,4,0
CUST-0346,2023-08,15.2,6,0
CUST-0346,2023-09,11.9,3,0
CUST-0346,2023-10,15.1,6,0
CUST-0346,2023-11,11.0,3,2
CUST-0346,2023-12,12.2,3,0
CUST-0346,2024-01,7.5,1,0
CUST-0346,2024-02,11.0,2,0
CUST-0346,2024-03,6.9,1,0
CUST-0346,2024-04,11.3,4,0
CUST-0346,2024-05,10.2,3,0
CUST-0346,2024-06,15.2,4,0
CUST-0346,2024-07,11.2,3,0
CUST-0346,2024-08,7.7,2,1
CUST-0346,2024-09,8.3,2,0
CUST-0346,2024-10,14.0,2,0
CUST-0346,2024-11,12.4,3,0
CUST-0346,2024-12,11.7,4,0
CUST-0346,2025-01,11.1,3,0
CUST-0346,2025-02,12.4,5,0
CUST-0346,2025-03,9.4,3,0
CUST-0346,2025-04,12.5,5,0
CUST-0346,2025-05,7.8,1,2
CUST-0347,2022-03,29.0,8,0
CUST-0347,2022-04,21.9,6,0
CUST-0347,2022-05,25.2,11,0
CUST-0347,2022-06,25.3,10,0
CUST-0347,2022-07,22.4,4,1
CUST-0347,2022-08,27.9,8,0
CUST-0347,2022-09,21.7,8,1
CUST-0347,2022-10,24.6,5,0
CUST-0347,2022-11,25.8,9,1
CUST-0347,2022-12,28.3,6,1
CUST-0347,2023-01,25.1,8,0
CUST-0347,2023-02,20.1,5,0
CUST-0347,2023-03,22.1,4,0
CUST-0347,2023-04,24.7,6,0
CUST-0347,2023-05,25.8,11,0
CUST-0347,2023-06,29.8,12,0
CUST-0347,2023-07,25.5,9,1
CUST-0347,2023-08,20.8,5,0
CUST-0347,2023-09,22.0,5,1
CUST-0347,2023-10,21.3,8,0
CUST-0347,2023-11,28.8,7,0
CUST-0347,2023-12,29.2,11,0
CUST-0347,2024-01,30.1,10,0
CUST-0347,2024-02,31.8,12,0
CUST-0347,2024-03,,9,1
CUST-0347,2024-04,30.4,7,0
CUST-0347,2024-05,27.1,6,0
CUST-0347,2024-06,24.8,7,0
CUST-0347,2024-07,26.7,5,0
CUST-0347,2024-08,25.5,6,0
CUST-0347,2024-09,26.5,9,0
CUST-0348,2022-06,17.0,4,1
CUST-0348,2022-07,17.1,3,0
CUST-0348,2022-08,12.8,3,0
CUST-0348,2022-09,19.8,5,1
CUST-0348,2022-10,14.8,6,1
CUST-0348,2022-11,12.5,3,1
CUST-0348,2022-12,18.2,5,0
CUST-0348,2023-01,14.1,3,1
CUST-0348,2023-02,15.2,5,0
CUST-0348,2023-03,18.6,4,0
CUST-0348,2023-04,20.5,5,1
CUST-0348,2023-05,16.0,6,1
CUST-0348,2023-06,11.5,5,0
CUST-0348,2023-07,8.2,1,0
CUST-0348,2023-08,13.7,5,0
CUST-0348,2023-09,19.4,8,2
CUST-0348,2023-10,13.7,6,0
CUST-0348,2023-11,20.6,4,0
CUST-0348,2023-12,8.1,2,0
CUST-0348,2024-01,19.4,7,0
CUST-0348,2024-02,10.9,3,0
CUST-0348,2024-03,14.6,5,0
CUST-0348,2024-04,14.6,5,1
CUST-0348,2024-05,11.6,3,1
CUST-0348,2024-06,,6,0
CUST-0348,2024-07,12.2,3,0
CUST-0348,2024-08,13.8,3,1
CUST-0348,2024-09,9.5,1,1
CUST-0348,2024-10,10.3,4,0
CUST-0348,2024-11,14.4,4,0
CUST-0348,2024-12,16.6,4,1
CUST-0349,2023-10,20.5,4,2
CUST-0349,2023-11,10.1,4,2
CUST-0349,2023-12,12.5,5,0
CUST-0349,2024-01,16.0,6,1
CUST-0349,2024-02,12.5,4,0
CUST-0349,2024-03,7.8,2,0
CUST-0349,2024-04,8.5,3,1
CUST-0349,2024-05,6.0,1,1
CUST-0349,2024-06,5.5,1,0
CUST-0349,2024-07,9.8,3,2
CUST-0349,2024-08,0.0,1,0
CUST-0349,2024-09,0.0,1,0
CUST-0349,2024-10,0.4,1,2
CUST-0349,2024-11,4.2,1,3
CUST-0349,2024-12,0.0,1,1
CUST-0349,2025-01,2.9,1,0
CUST-0349,2025-02,0.0,1,1
CUST-0349,2025-03,0.0,1,3
CUST-0349,2025-04,4.8,1,1
CUST-0349,2025-05,0.0,1,2
CUST-0350,2022-02,17.7,6,0
CUST-0350,2022-03,10.8,2,0
CUST-0350,2022-04,14.3,6,1
CUST-0350,2022-05,14.3,6,1
CUST-0350,2022-06,15.2,3,0
CUST-0350,2022-07,15.6,3,0
CUST-0350,2022-08,14.2,3,0
CUST-0350,2022-09,12.4,3,0
CUST-0350,2022-10,8.6,3,0
CUST-0350,2022-11,13.8,4,0
CUST-0350,2022-12,9.7,2,1
CUST-0350,2023-01,20.4,5,1
CUST-0350,2023-02,10.6,3,0
CUST-0350,2023-03,13.2,2,0
CUST-0350,2023-04,20.1,9,1
CUST-0350,2023-05,12.7,4,0
CUST-0350,2023-06,15.2,4,1
CUST-0350,2023-07,12.4,4,1
CUST-0350,2023-08,19.3,5,1
CUST-0350,2023-09,13.3,4,0
CUST-0350,2023-10,9.2,2,1
CUST-0350,2023-11,9.2,2,0
CUST-0350,2023-12,11.4,2,1
CUST-0350,2024-01,12.1,4,0
CUST-0350,2024-02,22.8,9,1
CUST-0350,2024-03,17.8,8,0
CUST-0350,2024-04,16.6,3,0
CUST-0350,2024-05,18.2,5,0
CUST-0350,2024-06,18.6,6,1
CUST-0350,2024-07,18.0,6,1
CUST-0350,2024-08,16.4,6,0
CUST-0351,2023-09,11.9,3,2
CUST-0351,2023-10,16.9,4,0
CUST-0351,2023-11,10.9,3,2
CUST-0351,2023-12,12.8,5,0
CUST-0351,2024-01,8.1,2,1
CUST-0351,2024-02,17.1,3,1
CUST-0351,2024-03,17.4,6,0
CUST-0351,2024-04,14.4,4,0
CUST-0351,2024-05,14.5,5,1
CUST-0351,2024-06,14.1,3,0
CUST-0351,2024-07,11.2,3,0
CUST-0351,2024-08,17.1,4,1
CUST-0351,2024-09,14.3,4,0
CUST-0351,2024-10,19.7,3,0
CUST-0351,2024-11,12.4,4,0
CUST-0351,2024-12,13.3,2,1
CUST-0351,2025-01,8.4,3,0
CUST-0351,2025-02,15.1,3,0
CUST-0351,2025-03,13.1,2,3
CUST-0351,2025-04,13.4,5,1
CUST-0351,2025-05,16.6,3,1
CUST-0352,2023-01,26.5,7,1
CUST-0352,2023-02,22.2,5,1
CUST-0352,2023-03,23.9,10,0
CUST-0352,2023-04,20.9,4,0
CUST-0352,2023-05,21.8,10,2
CUST-0352,2023-06,,8,1
CUST-0352,2023-07,22.3,5,0
CUST-0352,2023-08,27.1,11,0
CUST-0352,2023-09,23.8,4,1
CUST-0352,2023-10,22.9,5,0
CUST-0352,2023-11,20.3,8,0
CUST-0352,2023-12,18.8,4,0
CUST-0352,2024-01,17.3,6,0
CUST-0352,2024-02,31.2,9,0
CUST-0352,2024-03,24.8,8,1
CUST-0352,2024-04,22.6,8,0
CUST-0352,2024-05,17.2,7,0
CUST-0352,2024-06,23.4,6,0
CUST-0352,2024-07,20.6,8,0
CUST-0352,2024-08,25.5,6,0
CUST-0352,2024-09,22.3,5,1
CUST-0352,2024-10,27.7,6,1
CUST-0352,2024-11,21.3,7,1
CUST-0352,2024-12,24.4,6,0
CUST-0352,2025-01,25.1,9,0
CUST-0352,2025-02,23.0,7,0
CUST-0352,2025-03,25.5,6,0
CUST-0352,2025-04,20.1,8,0
CUST-0352,2025-05,30.0,8,0
CUST-0353,2022-01,18.1,5,1
CUST-0353,2022-02,17.9,4,0
CUST-0353,2022-03,23.6,6,0
CUST-0353,2022-04,18.1,4,0
CUST-0353,2022-05,19.4,5,1
CUST-0353,2022-06,17.6,7,0
CUST-0353,2022-07,17.3,4,0
CUST-0353,2022-08,13.7,2,0
CUST-0353,2022-09,18.5,9,0
CUST-0353,2022-10,19.1,7,1
CUST-0353,2022-11,22.6,8,0
CUST-0353,2022-12,24.7,10,0
CUST-0353,2023-01,19.9,9,0
CUST-0353,2023-02,22.6,7,0
CUST-0353,2023-03,18.3,6,0
CUST-0353,2023-04,22.7,4,0
CUST-0353,2023-05,21.6,4,0
CUST-0353,2023-06,15.8,3,0
CUST-0353,2023-07,17.0,3,0
CUST-0353,2023-08,18.9,8,1
CUST-0353,2023-09,18.3,3,0
CUST-0353,2023-10,16.0,5,0
CUST-0353,2023-11,19.4,9,0
CUST-0353,2023-12,20.5,9,1
CUST-0353,2024-01,19.6,9,0
CUST-0353,2024-02,18.6,7,1
CUST-0353,2024-03,15.4,6,1
CUST-0353,2024-04,18.3,3,0
CUST-0353,2024-05,17.0,4,0
CUST-0353,2024-06,19.5,5,1
CUST-0353,2024-07,19.5,4,0
CUST-0354,2023-11,20.2,6,0
CUST-0354,2023-12,17.8,8,0
CUST-0354,2024-01,16.3,4,2
CUST-0354,2024-02,19.3,7,1
CUST-0354,2024-03,21.6,8,0
CUST-0354,2024-04,13.9,3,0
CUST-0354,2024-05,22.0,4,0
CUST-0354,2024-06,13.6,2,1
CUST-0354,2024-07,15.8,3,0
CUST-0354,2024-08,15.2,7,1
CUST-0354,2024-09,10.8,2,0
CUST-0354,2024-10,17.3,4,1
CUST-0354,2024-11,16.2,3,0
CUST-0354,2024-12,15.3,4,0
CUST-0354,2025-01,16.2,3,1
CUST-0354,2025-02,11.3,2,0
CUST-0354,2025-03,17.4,6,1
CUST-0354,2025-04,18.5,7,2
CUST-0354,2025-05,16.4,5,0
CUST-0355,2023-09,10.0,2,2
CUST-0355,2023-10,9.0,2,0
CUST-0355,2023-11,5.6,1,1
CUST-0355,2023-12,,1,2
CUST-0355,2024-01,7.5,1,2
CUST-0355,2024-02,4.4,1,1
CUST-0355,2024-03,5.6,1,1
CUST-0355,2024-04,9.4,1,1
CUST-0355,2024-05,0.0,1,1
CUST-0355,2024-06,0.0,1,0
CUST-0355,2024-07,0.0,1,2
CUST-0355,2024-08,0.0,1,1
CUST-0355,2024-09,0.0,1,4
CUST-0355,2024-10,0.0,1,1
CUST-0355,2024-11,0.0,1,1
CUST-0355,2024-12,0.0,1,1
CUST-0355,2025-01,0.0,1,1
CUST-0355,2025-02,0.0,1,1
CUST-0355,2025-03,0.0,1,1
CUST-0355,2025-04,0.0,1,3
CUST-0355,2025-05,0.0,1,0
CUST-0356,2024-01,18.7,5,0
CUST-0356,2024-02,22.0,5,0
CUST-0356,2024-03,21.3,5,0
CUST-0356,2024-04,21.5,5,1
CUST-0356,2024-05,19.2,7,0
CUST-0356,2024-06,14.2,3,0
CUST-0356,2024-07,12.1,5,1
CUST-0356,2024-08,20.1,4,0
CUST-0356,2024-09,14.9,7,0
CUST-0356,2024-10,20.7,9,0
CUST-0356,2024-11,16.9,4,0
CUST-0356,2024-12,18.2,4,0
CUST-0356,2025-01,21.5,4,1
CUST-0356,2025-02,15.1,3,0
CUST-0356,2025-03,,5,0
CUST-0356,2025-04,13.3,4,1
CUST-0356,2025-05,15.6,6,0
CUST-0357,2024-03,15.7,5,2
CUST-0357,2024-04,12.8,3,2
CUST-0357,2024-05,17.4,4,1
CUST-0357,2024-06,15.7,3,2
CUST-0357,2024-07,12.6,2,2
CUST-0357,2024-08,8.1,2,1
CUST-0357,2024-09,3.3,1,2
CUST-0357,2024-10,11.4,2,1
CUST-0357,2024-11,8.3,1,1
CUST-0357,2024-12,3.2,1,1
CUST-0357,2025-01,7.8,3,3
CUST-0357,2025-02,11.5,3,1
CUST-0357,2025-03,0.1,1,2
CUST-0357,2025-04,0.0,1,1
CUST-0357,2025-05,0.0,1,0
CUST-0358,2023-10,5.7,1,0
CUST-0358,2023-11,16.4,4,0
CUST-0358,2023-12,13.3,2,1
CUST-0358,2024-01,17.0,8,1
CUST-0358,2024-02,11.2,3,0
CUST-0358,2024-03,14.0,3,0
CUST-0358,2024-04,10.0,2,1
CUST-0358,2024-05,,2,0
CUST-0358,2024-06,13.5,3,0
CUST-0358,2024-07,12.6,5,0
CUST-0358,2024-08,10.7,2,0
CUST-0358,2024-09,11.1,2,0
CUST-0358,2024-10,19.5,6,0
CUST-0358,2024-11,15.9,3,0
CUST-0358,2024-12,13.2,3,0
CUST-0358,2025-01,11.9,2,1
CUST-0358,2025-02,10.9,2,0
CUST-0358,2025-03,7.1,1,0
CUST-0358,2025-04,14.3,4,0
CUST-0358,2025-05,13.5,5,0
CUST-0359,2024-01,19.2,4,3
CUST-0359,2024-02,16.8,6,0
CUST-0359,2024-03,14.4,6,0
CUST-0359,2024-04,12.7,3,0
CUST-0359,2024-05,16.0,7,1
CUST-0359,2024-06,11.6,2,2
CUST-0359,2024-07,,2,1
CUST-0359,2024-08,6.8,2,0
CUST-0359,2024-09,8.8,2,1
CUST-0359,2024-10,4.6,1,1
CUST-0359,2024-11,11.4,2,1
CUST-0359,2024-12,12.3,3,1
CUST-0359,2025-01,0.0,1,1
CUST-0359,2025-02,0.0,1,2
CUST-0359,2025-03,0.0,1,0
CUST-0359,2025-04,1.1,1,1
CUST-0359,2025-05,0.0,1,4
CUST-0360,2022-04,20.0,6,0
CUST-0360,2022-05,16.6,3,0
CUST-0360,2022-06,12.9,5,2
CUST-0360,2022-07,8.2,2,2
CUST-0360,2022-08,9.1,2,2
CUST-0360,2022-09,15.9,4,0
CUST-0360,2022-10,6.9,1,0
CUST-0360,2022-11,5.8,1,1
CUST-0360,2022-12,9.5,2,2
CUST-0360,2023-01,5.9,1,2
CUST-0360,2023-02,8.4,3,0
CUST-0360,2023-03,0.1,1,1
CUST-0360,2023-04,0.0,1,2
CUST-0360,2023-05,5.6,1,3
CUST-0360,2023-06,0.0,1,4
CUST-0360,2023-07,7.8,2,2
CUST-0360,2023-08,1.4,1,0
CUST-0360,2023-09,4.1,1,1
CUST-0360,2023-10,0.0,1,0
CUST-0360,2023-11,0.0,1,3
CUST-0360,2023-12,0.0,1,4
CUST-0360,2024-01,8.3,1,0
CUST-0360,2024-02,1.4,1,0
CUST-0360,2024-03,3.0,1,1
CUST-0360,2024-04,0.0,1,0
CUST-0360,2024-05,0.0,1,3
CUST-0360,2024-06,0.0,1,3
CUST-0360,2024-07,0.0,1,0
CUST-0360,2024-08,0.0,1,3
CUST-0360,2024-09,0.0,1,1
CUST-0360,2024-10,0.0,1,6
CUST-0361,2024-04,31.1,7,0
CUST-0361,2024-05,32.0,8,0
CUST-0361,2024-06,30.0,6,1
CUST-0361,2024-07,29.3,12,0
CUST-0361,2024-08,31.6,13,0
CUST-0361,2024-09,31.3,9,1
CUST-0361,2024-10,25.1,8,0
CUST-0361,2024-11,28.6,6,1
CUST-0361,2024-12,29.1,6,0
CUST-0361,2025-01,29.8,6,2
CUST-0361,2025-02,26.0,5,1
CUST-0361,2025-03,32.1,16,0
CUST-0361,2025-04,28.1,12,0
CUST-0361,2025-05,31.1,8,1
CUST-0362,2024-04,29.1,9,0
CUST-0362,2024-05,26.5,5,0
CUST-0362,2024-06,25.0,8,2
CUST-0362,2024-07,21.1,4,0
CUST-0362,2024-08,22.7,9,0
CUST-0362,2024-09,21.8,5,0
CUST-0362,2024-10,18.0,6,0
CUST-0362,2024-11,23.5,8,1
CUST-0362,2024-12,24.5,7,0
CUST-0362,2025-01,20.6,6,1
CUST-0362,2025-02,21.6,5,0
CUST-0362,2025-03,28.6,6,1
CUST-0362,2025-04,22.3,6,0
CUST-0362,2025-05,20.4,5,0
CUST-0363,2023-09,28.9,8,0
CUST-0363,2023-10,26.2,5,1
CUST-0363,2023-11,30.0,8,0
CUST-0363,2023-12,21.3,9,0
CUST-0363,2024-01,28.9,10,0
CUST-0363,2024-02,24.3,10,0
CUST-0363,2024-03,24.9,7,0
CUST-0363,2024-04,24.7,8,0
CUST-0363,2024-05,21.4,10,0
CUST-0363,2024-06,23.5,9,0
CUST-0363,2024-07,23.6,7,0
CUST-0363,2024-08,27.1,5,0
CUST-0363,2024-09,29.9,6,0
CUST-0363,2024-10,31.6,7,1
CUST-0363,2024-11,26.7,5,0
CUST-0363,2024-12,24.9,6,0
CUST-0363,2025-01,26.0,5,0
CUST-0363,2025-02,20.1,6,0
CUST-0363,2025-03,22.9,11,0
CUST-0363,2025-04,,6,0
CUST-0363,2025-05,23.6,10,0
CUST-0364,2023-12,15.1,4,0
CUST-0364,2024-01,20.3,4,0
CUST-0364,2024-02,22.9,5,0
CUST-0364,2024-03,18.3,6,0
CUST-0364,2024-04,,4,0
CUST-0364,2024-05,21.7,4,0
CUST-0364,2024-06,22.6,9,0
CUST-0364,2024-07,13.9,4,0
CUST-0364,2024-08,17.2,6,0
CUST-0364,2024-09,14.5,3,0
CUST-0364,2024-10,17.9,4,2
CUST-0364,2024-11,21.5,9,0
CUST-0364,2024-12,17.0,3,0
CUST-0364,2025-01,19.7,5,1
CUST-0364,2025-02,26.7,11,1
CUST-0364,2025-03,17.7,6,1
CUST-0364,2025-04,14.2,3,0
CUST-0364,2025-05,21.6,5,0
CUST-0365,2023-10,17.9,5,3
CUST-0365,2023-11,,5,1
CUST-0365,2023-12,11.1,2,1
CUST-0365,2024-01,19.1,3,1
CUST-0365,2024-02,16.7,5,2
CUST-0365,2024-03,9.6,2,0
CUST-0365,2024-04,11.8,2,1
CUST-0365,2024-05,5.4,1,1
CUST-0365,2024-06,5.8,1,0
CUST-0365,2024-07,0.7,1,0
CUST-0365,2024-08,0.0,1,0
CUST-0365,2024-09,12.1,3,0
CUST-0365,2024-10,8.3,2,1
CUST-0365,2024-11,8.0,1,2
CUST-0365,2024-12,1.8,1,1
CUST-0365,2025-01,4.0,1,1
CUST-0365,2025-02,0.0,1,0
CUST-0365,2025-03,0.2,1,1
CUST-0365,2025-04,0.0,1,0
CUST-0365,2025-05,0.0,1,1
CUST-0366,2024-02,,3,0
CUST-0366,2024-03,15.9,3,1
CUST-0366,2024-04,16.1,3,0
CUST-0366,2024-05,15.6,5,0
CUST-0366,2024-06,18.0,4,0
CUST-0366,2024-07,13.4,2,1
CUST-0366,2024-08,20.1,4,1
CUST-0366,2024-09,18.9,6,0
CUST-0366,2024-10,19.1,6,0
CUST-0366,2024-11,17.9,4,1
CUST-0366,2024-12,16.0,4,0
CUST-0366,2025-01,16.4,7,0
CUST-0366,2025-02,16.9,4,0
CUST-0366,2025-03,12.9,5,0
CUST-0366,2025-04,22.7,6,2
CUST-0366,2025-05,20.2,4,0
CUST-0367,2024-03,14.5,2,0
CUST-0367,2024-04,24.3,7,1
CUST-0367,2024-05,19.8,6,0
CUST-0367,2024-06,14.1,5,0
CUST-0367,2024-07,19.3,7,0
CUST-0367,2024-08,13.0,2,0
CUST-0367,2024-09,20.8,4,0
CUST-0367,2024-10,17.1,7,0
CUST-0367,2024-11,18.4,5,2
CUST-0367,2024-12,17.8,4,0
CUST-0367,2025-01,16.4,5,0
CUST-0367,2025-02,19.3,4,1
CUST-0367,2025-03,13.8,3,0
CUST-0367,2025-04,16.9,3,1
CUST-0367,2025-05,19.8,8,1
CUST-0368,2023-04,12.1,5,0
CUST-0368,2023-05,10.8,3,0
CUST-0368,2023-06,15.8,4,0
CUST-0368,2023-07,13.6,5,1
CUST-0368,2023-08,14.6,3,0
CUST-0368,2023-09,18.6,7,0
CUST-0368,2023-10,11.4,4,0
CUST-0368,2023-11,13.3,4,0
CUST-0368,2023-12,17.4,4,0
CUST-0368,2024-01,11.6,2,0
CUST-0368,2024-02,14.9,5,0
CUST-0368,2024-03,14.8,5,0
CUST-0368,2024-04,13.4,3,1
CUST-0368,2024-05,17.0,4,0
CUST-0368,2024-06,15.3,4,0
CUST-0368,2024-07,14.0,3,1
CUST-0368,2024-08,11.7,3,0
CUST-0368,2024-09,11.6,3,0
CUST-0368,2024-10,13.0,3,1
CUST-0368,2024-11,15.6,4,0
CUST-0368,2024-12,17.1,3,0
CUST-0368,2025-01,8.8,2,0
CUST-0368,2025-02,13.2,4,1
CUST-0368,2025-03,8.3,2,1
CUST-0368,2025-04,15.7,3,0
CUST-0368,2025-05,12.8,2,0
CUST-0369,2024-01,11.8,2,0
CUST-0369,2024-02,9.6,2,0
CUST-0369,2024-03,5.1,1,2
CUST-0369,2024-04,5.0,1,0
CUST-0369,2024-05,8.2,3,1
CUST-0369,2024-06,3.8,1,0
CUST-0369,2024-07,6.5,2,0
CUST-0369,2024-08,6.0,1,0
CUST-0369,2024-09,13.7,6,1
CUST-0369,2024-10,7.7,3,1
CUST-0369,2024-11,4.1,1,0
CUST-0369,2024-12,4.9,1,0
CUST-0369,2025-01,6.9,3,0
CUST-0369,2025-02,8.7,1,0
CUST-0369,2025-03,14.1,4,0
CUST-0369,2025-04,8.2,2,0
CUST-0369,2025-05,16.4,3,0
CUST-0370,2024-04,21.3,7,3
CUST-0370,2024-05,26.1,10,0
CUST-0370,2024-06,22.7,4,0
CUST-0370,2024-07,24.8,5,0
CUST-0370,2024-08,28.1,11,1
CUST-0370,2024-09,25.6,6,0
CUST-0370,2024-10,28.6,12,0
CUST-0370,2024-11,25.0,11,1
CUST-0370,2024-12,23.9,8,1
CUST-0370,2025-01,26.5,7,0
CUST-0370,2025-02,24.6,5,0
CUST-0370,2025-03,24.6,6,0
CUST-0370,2025-04,20.8,5,0
CUST-0370,2025-05,24.0,6,0
CUST-0371,2022-09,24.9,7,0
CUST-0371,2022-10,31.4,9,0
CUST-0371,2022-11,24.8,6,1
CUST-0371,2022-12,23.7,11,1
CUST-0371,2023-01,29.8,7,0
CUST-0371,2023-02,23.8,10,1
CUST-0371,2023-03,23.0,5,4
CUST-0371,2023-04,24.1,9,1
CUST-0371,2023-05,32.3,9,0
CUST-0371,2023-06,20.9,5,0
CUST-0371,2023-07,28.0,6,0
CUST-0371,2023-08,23.3,11,0
CUST-0371,2023-09,23.7,5,0
CUST-0371,2023-10,22.3,5,2
CUST-0371,2023-11,23.8,5,0
CUST-0371,2023-12,25.6,6,0
CUST-0371,2024-01,27.5,8,0
CUST-0371,2024-02,26.1,7,0
CUST-0371,2024-03,23.7,7,0
CUST-0371,2024-04,33.2,15,1
CUST-0371,2024-05,20.1,6,2
CUST-0371,2024-06,25.0,11,0
CUST-0371,2024-07,23.9,7,0
CUST-0371,2024-08,29.2,5,0
CUST-0371,2024-09,27.4,6,1
CUST-0371,2024-10,19.0,3,0
CUST-0371,2024-11,29.5,7,0
CUST-0371,2024-12,28.5,7,2
CUST-0371,2025-01,16.0,7,0
CUST-0371,2025-02,23.0,5,0
CUST-0371,2025-03,21.5,7,0
CUST-0372,2022-02,20.2,7,0
CUST-0372,2022-03,17.8,8,1
CUST-0372,2022-04,20.7,4,0
CUST-0372,2022-05,16.2,3,0
CUST-0372,2022-06,19.9,5,0
CUST-0372,2022-07,15.4,3,1
CUST-0372,2022-08,26.2,7,0
CUST-0372,2022-09,19.8,7,1
CUST-0372,2022-10,20.1,7,0
CUST-0372,2022-11,19.0,4,0
CUST-0372,2022-12,16.3,3,0
CUST-0372,2023-01,14.5,6,3
CUST-0372,2023-02,23.5,5,0
CUST-0372,2023-03,21.4,5,0
CUST-0372,2023-04,20.6,5,1
CUST-0372,2023-05,27.4,5,0
CUST-0372,2023-06,19.4,6,0
CUST-0372,2023-07,19.0,8,1
CUST-0372,2023-08,20.5,8,0
CUST-0372,2023-09,14.5,5,0
CUST-0372,2023-10,20.9,5,0
CUST-0372,2023-11,15.9,6,1
CUST-0372,2023-12,19.1,5,0
CUST-0372,2024-01,17.4,5,0
CUST-0372,2024-02,17.7,3,0
CUST-0372,2024-03,10.6,2,0
CUST-0372,2024-04,23.3,9,0
CUST-0372,2024-05,21.2,8,0
CUST-0372,2024-06,19.5,6,1
CUST-0372,2024-07,20.8,6,1
CUST-0372,2024-08,18.6,4,2
CUST-0373,2022-06,,10,3
CUST-0373,2022-07,24.6,5,0
CUST-0373,2022-08,17.3,4,1
CUST-0373,2022-09,,2,0
CUST-0373,2022-10,16.7,3,0
CUST-0373,2022-11,18.6,4,1
CUST-0373,2022-12,17.9,4,0
CUST-0373,2023-01,14.4,5,3
CUST-0373,2023-02,12.3,2,2
CUST-0373,2023-03,10.6,4,1
CUST-0373,2023-04,14.5,3,1
CUST-0373,2023-05,24.8,5,1
CUST-0373,2023-06,3.9,1,2
CUST-0373,2023-07,17.9,3,1
CUST-0373,2023-08,0.0,1,0
CUST-0373,2023-09,0.0,1,1
CUST-0373,2023-10,0.0,1,1
CUST-0373,2023-11,9.6,2,2
CUST-0373,2023-12,0.0,1,1
CUST-0373,2024-01,0.0,1,1
CUST-0373,2024-02,3.5,1,0
CUST-0373,2024-03,0.0,1,0
CUST-0373,2024-04,9.7,2,1
CUST-0373,2024-05,9.6,2,1
CUST-0373,2024-06,0.0,1,1
CUST-0373,2024-07,0.0,1,0
CUST-0373,2024-08,1.1,1,3
CUST-0373,2024-09,4.3,1,0
CUST-0373,2024-10,3.7,1,3
CUST-0373,2024-11,0.0,1,0
CUST-0373,2024-12,0.0,1,1
CUST-0374,2022-01,15.4,3,0
CUST-0374,2022-02,12.8,3,0
CUST-0374,2022-03,14.9,3,0
CUST-0374,2022-04,11.7,3,2
CUST-0374,2022-05,13.9,3,0
CUST-0374,2022-06,18.7,6,3
CUST-0374,2022-07,14.5,4,0
CUST-0374,2022-08,14.8,4,0
CUST-0374,2022-09,17.1,6,0
CUST-0374,2022-10,19.6,5,0
CUST-0374,2022-11,,4,1
CUST-0374,2022-12,15.6,4,0
CUST-0374,2023-01,17.4,4,0
CUST-0374,2023-02,16.3,3,0
CUST-0374,2023-03,13.7,5,0
CUST-0374,2023-04,12.0,4,0
CUST-0374,2023-05,17.9,4,1
CUST-0374,2023-06,21.3,4,0
CUST-0374,2023-07,11.7,3,1
CUST-0374,2023-08,23.1,5,1
CUST-0374,2023-09,15.9,4,1
CUST-0374,2023-10,7.9,1,0
CUST-0374,2023-11,9.8,2,0
CUST-0374,2023-12,14.1,6,2
CUST-0374,2024-01,18.2,4,1
CUST-0374,2024-02,11.3,3,0
CUST-0374,2024-03,14.2,4,0
CUST-0374,2024-04,15.3,3,0
CUST-0374,2024-05,15.3,5,0
CUST-0374,2024-06,14.3,7,1
CUST-0374,2024-07,16.8,3,1
CUST-0375,2023-01,19.2,5,0
CUST-0375,2023-02,29.5,10,0
CUST-0375,2023-03,27.4,9,1
CUST-0375,2023-04,25.5,8,0
CUST-0375,2023-05,28.7,8,0
CUST-0375,2023-06,30.6,7,0
CUST-0375,2023-07,,7,1
CUST-0375,2023-08,27.3,12,1
CUST-0375,2023-09,31.3,13,0
CUST-0375,2023-10,30.3,7,1
CUST-0375,2023-11,29.4,11,0
CUST-0375,2023-12,32.1,6,1
CUST-0375,2024-01,21.5,5,0
CUST-0375,2024-02,27.8,5,0
CUST-0375,2024-03,,8,0
CUST-0375,2024-04,28.0,7,0
CUST-0375,2024-05,23.6,6,1
CUST-0375,2024-06,25.7,10,0
CUST-0375,2024-07,28.7,11,1
CUST-0375,2024-08,34.1,7,0
CUST-0375,2024-09,29.5,11,0
CUST-0375,2024-10,33.4,8,0
CUST-0375,2024-11,27.4,8,0
CUST-0375,2024-12,29.8,14,0
CUST-0375,2025-01,,8,2
CUST-0375,2025-02,30.4,13,1
CUST-0375,2025-03,29.4,11,0
CUST-0375,2025-04,27.5,13,1
CUST-0375,2025-05,31.4,10,0
CUST-0376,2022-01,13.5,3,0
CUST-0376,2022-02,8.0,2,4
CUST-0376,2022-03,12.1,2,1
CUST-0376,2022-04,7.1,1,1
CUST-0376,2022-05,14.9,3,0
CUST-0376,2022-06,14.8,3,1
CUST-0376,2022-07,10.3,2,1
CUST-0376,2022-08,0.0,1,1
CUST-0376,2022-09,2.5,1,0
CUST-0376,2022-10,0.0,1,1
CUST-0376,2022-11,0.6,1,1
CUST-0376,2022-12,5.2,1,0
CUST-0376,2023-01,0.0,1,1
CUST-0376,2023-02,0.0,1,3
CUST-0376,2023-03,0.0,1,2
CUST-0376,2023-04,0.9,1,3
CUST-0376,2023-05,0.0,1,0
CUST-0376,2023-06,3.1,1,1
CUST-0376,2023-07,0.0,1,2
CUST-0376,2023-08,0.0,1,0
CUST-0376,2023-09,4.2,1,0
CUST-0376,2023-10,0.0,1,1
CUST-0376,2023-11,0.0,1,1
CUST-0376,2023-12,0.7,1,2
CUST-0376,2024-01,0.0,1,1
CUST-0376,2024-02,0.0,1,3
CUST-0376,2024-03,,1,0
CUST-0376,2024-04,0.0,1,1
CUST-0376,2024-05,1.4,1,2
CUST-0376,2024-06,0.0,1,0
CUST-0376,2024-07,0.0,1,0
CUST-0377,2022-08,9.1,3,0
CUST-0377,2022-09,9.6,2,0
CUST-0377,2022-10,11.1,3,0
CUST-0377,2022-11,13.2,5,2
CUST-0377,2022-12,8.7,3,0
CUST-0377,2023-01,11.0,5,0
CUST-0377,2023-02,13.0,5,1
CUST-0377,2023-03,6.3,1,0
CUST-0377,2023-04,16.3,3,0
CUST-0377,2023-05,11.5,3,1
CUST-0377,2023-06,9.2,3,0
CUST-0377,2023-07,8.4,4,1
CUST-0377,2023-08,13.9,4,0
CUST-0377,2023-09,6.1,3,0
CUST-0377,2023-10,7.9,2,0
CUST-0377,2023-11,7.6,1,2
CUST-0377,2023-12,12.3,3,0
CUST-0377,2024-01,9.4,2,1
CUST-0377,2024-02,14.0,4,0
CUST-0377,2024-03,12.0,4,0
CUST-0377,2024-04,9.1,2,2
CUST-0377,2024-05,8.0,2,0
CUST-0377,2024-06,4.5,1,0
CUST-0377,2024-07,10.5,2,1
CUST-0377,2024-08,9.3,3,1
CUST-0377,2024-09,14.2,3,0
CUST-0377,2024-10,4.4,1,0
CUST-0377,2024-11,8.8,3,1
CUST-0377,2024-12,6.6,2,0
CUST-0377,2025-01,8.6,3,0
CUST-0377,2025-02,15.4,5,0
CUST-0378,2022-08,17.7,7,0
CUST-0378,2022-09,20.5,9,0
CUST-0378,2022-10,26.4,7,0
CUST-0378,2022-11,19.8,7,1
CUST-0378,2022-12,21.9,5,0
CUST-0378,2023-01,21.5,5,0
CUST-0378,2023-02,19.3,4,0
CUST-0378,2023-03,17.4,5,0
CUST-0378,2023-04,18.9,4,0
CUST-0378,2023-05,26.1,6,0
CUST-0378,2023-06,14.4,4,0
CUST-0378,2023-07,20.0,4,0
CUST-0378,2023-08,17.3,8,1
CUST-0378,2023-09,20.4,4,1
CUST-0378,2023-10,20.3,8,0
CUST-0378,2023-11,20.6,5,1
CUST-0378,2023-12,22.2,4,1
CUST-0378,2024-01,16.8,5,0
CUST-0378,2024-02,22.0,4,1
CUST-0378,2024-03,20.3,4,0
CUST-0378,2024-04,15.2,5,0
CUST-0378,2024-05,17.5,4,0
CUST-0378,2024-06,15.9,6,1
CUST-0378,2024-07,16.4,5,0
CUST-0378,2024-08,17.0,4,0
CUST-0378,2024-09,23.5,4,1
CUST-0378,2024-10,19.1,4,1
CUST-0378,2024-11,,7,0
CUST-0378,2024-12,18.8,7,0
CUST-0378,2025-01,20.3,5,0
CUST-0378,2025-02,15.9,7,2
CUST-0379,2023-09,11.9,3,1
CUST-0379,2023-10,,3,0
CUST-0379,2023-11,10.4,2,0
CUST-0379,2023-12,11.3,2,0
CUST-0379,2024-01,5.8,1,0
CUST-0379,2024-02,8.4,2,0
CUST-0379,2024-03,3.7,1,1
CUST-0379,2024-04,15.8,3,0
CUST-0379,2024-05,13.6,3,0
CUST-0379,2024-06,10.7,2,0
CUST-0379,2024-07,,5,2
CUST-0379,2024-08,13.1,3,0
CUST-0379,2024-09,9.8,2,0
CUST-0379,2024-10,,2,1
CUST-0379,2024-11,12.3,5,0
CUST-0379,2024-12,14.6,3,0
CUST-0379,2025-01,8.9,4,2
CUST-0379,2025-02,11.4,4,0
CUST-0379,2025-03,13.0,4,0
CUST-0379,2025-04,12.7,3,0
CUST-0379,2025-05,6.5,1,0
CUST-0380,2022-08,7.7,1,2
CUST-0380,2022-09,12.4,2,0
CUST-0380,2022-10,11.2,5,0
CUST-0380,2022-11,10.0,2,2
CUST-0380,2022-12,8.4,3,1
CUST-0380,2023-01,0.0,1,0
CUST-0380,2023-02,0.0,1,3
CUST-0380,2023-03,7.4,1,1
CUST-0380,2023-04,7.0,2,1
CUST-0380,2023-05,5.3,1,0
CUST-0380,2023-06,2.0,1,0
CUST-0380,2023-07,0.0,1,0
CUST-0380,2023-08,0.0,1,1
CUST-0380,2023-09,0.0,1,1
CUST-0380,2023-10,0.0,1,2
CUST-0380,2023-11,0.0,1,1
CUST-0380,2023-12,0.0,1,1
CUST-0380,2024-01,0.0,1,1
CUST-0380,2024-02,0.0,1,2
CUST-0380,2024-03,0.6,1,0
CUST-0380,2024-04,0.0,1,1
CUST-0380,2024-05,0.0,1,1
CUST-0380,2024-06,,1,2
CUST-0380,2024-07,0.0,1,2
CUST-0380,2024-08,0.0,1,1
CUST-0380,2024-09,0.0,1,0
CUST-0380,2024-10,0.0,1,0
CUST-0380,2024-11,0.0,1,0
CUST-0380,2024-12,0.0,1,0
CUST-0380,2025-01,0.0,1,2
CUST-0380,2025-02,0.0,1,1
CUST-0381,2024-05,25.6,9,0
CUST-0381,2024-06,26.8,5,0
CUST-0381,2024-07,25.8,5,1
CUST-0381,2024-08,25.3,11,0
CUST-0381,2024-09,25.9,6,0
CUST-0381,2024-10,29.0,6,1
CUST-0381,2024-11,26.0,6,0
CUST-0381,2024-12,23.7,4,0
CUST-0381,2025-01,30.4,15,1
CUST-0381,2025-02,26.6,7,1
CUST-0381,2025-03,25.9,8,0
CUST-0381,2025-04,30.1,6,0
CUST-0381,2025-05,15.6,3,2
CUST-0382,2022-06,14.9,3,0
CUST-0382,2022-07,12.9,4,1
CUST-0382,2022-08,8.7,2,0
CUST-0382,2022-09,12.8,3,0
CUST-0382,2022-10,12.6,5,0
CUST-0382,2022-11,8.0,2,0
CUST-0382,2022-12,16.6,5,0
CUST-0382,2023-01,12.1,5,0
CUST-0382,2023-02,13.2,2,1
CUST-0382,2023-03,11.1,2,0
CUST-0382,2023-04,,1,0
CUST-0382,2023-05,9.4,1,0
CUST-0382,2023-06,6.6,1,0
CUST-0382,2023-07,9.1,2,0
CUST-0382,2023-08,6.1,1,1
CUST-0382,2023-09,9.6,3,0
CUST-0382,2023-10,9.9,2,0
CUST-0382,2023-11,9.5,4,0
CUST-0382,2023-12,7.5,1,0
CUST-0382,2024-01,12.5,5,1
CUST-0382,2024-02,10.3,3,0
CUST-0382,2024-03,11.6,3,1
CUST-0382,2024-04,8.5,2,3
CUST-0382,2024-05,14.1,2,0
CUST-0382,2024-06,7.5,2,0
CUST-0382,2024-07,9.1,4,1
CUST-0382,2024-08,11.0,2,1
CUST-0382,2024-09,5.8,2,0
CUST-0382,2024-10,11.7,4,0
CUST-0382,2024-11,12.1,2,1
CUST-0382,2024-12,7.9,3,0
CUST-0383,2024-05,13.8,4,1
CUST-0383,2024-06,9.8,1,0
CUST-0383,2024-07,9.7,3,0
CUST-0383,2024-08,17.1,6,1
CUST-0383,2024-09,11.5,2,0
CUST-0383,2024-10,,5,1
CUST-0383,2024-11,13.6,4,2
CUST-0383,2024-12,10.4,3,0
CUST-0383,2025-01,16.9,5,1
CUST-0383,2025-02,12.8,3,0
CUST-0383,2025-03,13.2,2,0
CUST-0383,2025-04,9.6,2,0
CUST-0383,2025-05,11.6,3,0
CUST-0384,2023-05,26.0,5,1
CUST-0384,2023-06,13.8,2,0
CUST-0384,2023-07,25.8,11,0
CUST-0384,2023-08,25.2,8,1
CUST-0384,2023-09,25.5,8,0
CUST-0384,2023-10,24.6,5,2
CUST-0384,2023-11,26.0,7,0
CUST-0384,2023-12,21.1,5,0
CUST-0384,2024-01,23.3,6,0
CUST-0384,2024-02,24.2,6,0
CUST-0384,2024-03,25.0,5,0
CUST-0384,2024-04,22.5,6,1
CUST-0384,2024-05,17.7,5,2
CUST-0384,2024-06,20.0,5,0
CUST-0384,2024-07,26.2,12,1
CUST-0384,2024-08,20.3,4,0
CUST-0384,2024-09,23.2,6,0
CUST-0384,2024-10,20.9,9,0
CUST-0384,2024-11,24.3,7,0
CUST-0384,2024-12,22.7,7,0
CUST-0384,2025-01,21.8,5,0
CUST-0384,2025-02,18.8,4,0
CUST-0384,2025-03,21.3,4,0
CUST-0384,2025-04,17.7,8,0
CUST-0384,2025-05,18.7,9,0
CUST-0385,2022-08,27.8,8,0
CUST-0385,2022-09,25.1,10,1
CUST-0385,2022-10,29.4,9,3
CUST-0385,2022-11,23.7,5,1
CUST-0385,2022-12,26.5,9,1
CUST-0385,2023-01,18.2,3,0
CUST-0385,2023-02,24.4,10,1
CUST-0385,2023-03,23.6,7,0
CUST-0385,2023-04,19.4,5,1
CUST-0385,2023-05,16.9,5,0
CUST-0385,2023-06,18.1,5,1
CUST-0385,2023-07,18.8,5,1
CUST-0385,2023-08,16.6,5,0
CUST-0385,2023-09,24.8,9,1
CUST-0385,2023-10,4.8,1,0
CUST-0385,2023-11,9.9,2,1
CUST-0385,2023-12,16.3,4,0
CUST-0385,2024-01,2.9,1,2
CUST-0385,2024-02,0.0,1,2
CUST-0385,2024-03,11.7,3,1
CUST-0385,2024-04,9.6,2,2
CUST-0385,2024-05,3.7,1,4
CUST-0385,2024-06,8.6,3,1
CUST-0385,2024-07,0.0,1,1
CUST-0385,2024-08,16.3,4,3
CUST-0385,2024-09,5.8,1,2
CUST-0385,2024-10,0.0,1,0
CUST-0385,2024-11,1.9,1,1
CUST-0385,2024-12,0.1,1,2
CUST-0385,2025-01,4.0,1,0
CUST-0385,2025-02,9.7,2,2
CUST-0386,2022-02,18.8,4,1
CUST-0386,2022-03,28.2,7,0
CUST-0386,2022-04,24.5,12,2
CUST-0386,2022-05,19.6,4,0
CUST-0386,2022-06,32.0,12,0
CUST-0386,2022-07,20.8,5,0
CUST-0386,2022-08,24.6,10,1
CUST-0386,2022-09,20.7,7,1
CUST-0386,2022-10,24.2,5,0
CUST-0386,2022-11,21.5,5,0
CUST-0386,2022-12,27.9,10,2
CUST-0386,2023-01,24.5,10,0
CUST-0386,2023-02,26.7,7,0
CUST-0386,2023-03,22.4,4,0
CUST-0386,2023-04,22.4,4,0
CUST-0386,2023-05,26.0,6,0
CUST-0386,2023-06,15.1,4,1
CUST-0386,2023-07,19.9,5,1
CUST-0386,2023-08,20.8,5,1
CUST-0386,2023-09,21.1,4,0
CUST-0386,2023-10,27.8,5,0
CUST-0386,2023-11,25.6,5,0
CUST-0386,2023-12,25.1,5,0
CUST-0386,2024-01,21.9,6,0
CUST-0386,2024-02,26.4,8,0
CUST-0386,2024-03,24.6,5,0
CUST-0386,2024-04,16.2,3,1
CUST-0386,2024-05,23.4,5,1
CUST-0386,2024-06,,13,0
CUST-0386,2024-07,26.9,6,0
CUST-0386,2024-08,28.6,10,1
CUST-0387,2022-10,13.8,4,1
CUST-0387,2022-11,16.7,3,1
CUST-0387,2022-12,13.9,4,1
CUST-0387,2023-01,13.8,3,2
CUST-0387,2023-02,10.5,2,0
CUST-0387,2023-03,10.9,3,2
CUST-0387,2023-04,10.3,2,2
CUST-0387,2023-05,7.4,1,0
CUST-0387,2023-06,0.0,1,0
CUST-0387,2023-07,2.6,1,1
CUST-0387,2023-08,4.8,1,1
CUST-0387,2023-09,0.2,1,1
CUST-0387,2023-10,0.0,1,0
CUST-0387,2023-11,0.0,1,1
CUST-0387,2023-12,1.3,1,1
CUST-0387,2024-01,8.7,2,2
CUST-0387,2024-02,0.0,1,0
CUST-0387,2024-03,,1,0
CUST-0387,2024-04,0.0,1,0
CUST-0387,2024-05,0.0,1,1
CUST-0387,2024-06,0.0,1,2
CUST-0387,2024-07,0.0,1,2
CUST-0387,2024-08,0.0,1,1
CUST-0387,2024-09,0.0,1,0
CUST-0387,2024-10,0.0,1,2
CUST-0387,2024-11,0.0,1,2
CUST-0387,2024-12,0.0,1,2
CUST-0387,2025-01,0.0,1,1
CUST-0387,2025-02,0.0,1,1
CUST-0387,2025-03,0.0,1,0
CUST-0387,2025-04,0.0,1,1
CUST-0388,2023-06,20.0,5,0
CUST-0388,2023-07,30.1,11,0
CUST-0388,2023-08,27.5,5,0
CUST-0388,2023-09,27.0,5,0
CUST-0388,2023-10,24.0,5,0
CUST-0388,2023-11,26.9,9,0
CUST-0388,2023-12,22.1,6,0
CUST-0388,2024-01,29.0,12,1
CUST-0388,2024-02,26.0,8,2
CUST-0388,2024-03,25.3,5,0
CUST-0388,2024-04,19.9,5,0
CUST-0388,2024-05,27.1,5,0
CUST-0388,2024-06,28.9,7,0
CUST-0388,2024-07,24.7,7,1
CUST-0388,2024-08,26.9,6,1
CUST-0388,2024-09,24.6,5,2
CUST-0388,2024-10,27.7,10,0
CUST-0388,2024-11,27.2,7,0
CUST-0388,2024-12,21.5,4,0
CUST-0388,2025-01,23.9,6,0
CUST-0388,2025-02,28.7,12,0
CUST-0388,2025-03,23.1,4,1
CUST-0388,2025-04,26.9,7,1
CUST-0388,2025-05,23.5,5,0
CUST-0389,2022-04,22.8,4,1
CUST-0389,2022-05,14.7,6,1
CUST-0389,2022-06,24.2,7,0
CUST-0389,2022-07,,6,0
CUST-0389,2022-08,13.0,2,0
CUST-0389,2022-09,22.2,6,1
CUST-0389,2022-10,22.5,8,0
CUST-0389,2022-11,17.3,4,0
CUST-0389,2022-12,14.4,3,0
CUST-0389,2023-01,10.8,5,1
CUST-0389,2023-02,23.1,5,0
CUST-0389,2023-03,22.5,7,0
CUST-0389,2023-04,24.3,9,0
CUST-0389,2023-05,23.3,9,0
CUST-0389,2023-06,20.0,6,0
CUST-0389,2023-07,25.1,7,1
CUST-0389,2023-08,16.9,5,0
CUST-0389,2023-09,17.9,7,2
CUST-0389,2023-10,20.6,8,2
CUST-0389,2023-11,20.8,8,0
CUST-0389,2023-12,15.7,3,1
CUST-0389,2024-01,18.3,6,0
CUST-0389,2024-02,20.1,4,0
CUST-0389,2024-03,20.7,5,0
CUST-0389,2024-04,20.9,4,0
CUST-0389,2024-05,18.3,6,1
CUST-0389,2024-06,22.2,8,0
CUST-0389,2024-07,21.0,4,2
CUST-0389,2024-08,21.4,4,1
CUST-0389,2024-09,19.8,5,0
CUST-0389,2024-10,20.3,4,0
CUST-0390,2022-05,15.5,6,0
CUST-0390,2022-06,18.9,6,0
CUST-0390,2022-07,20.1,7,0
CUST-0390,2022-08,22.1,5,0
CUST-0390,2022-09,27.5,12,0
CUST-0390,2022-10,19.3,4,0
CUST-0390,2022-11,19.7,7,1
CUST-0390,2022-12,28.6,9,0
CUST-0390,2023-01,22.4,9,0
CUST-0390,2023-02,25.8,6,0
CUST-0390,2023-03,25.8,6,0
CUST-0390,2023-04,25.2,6,0
CUST-0390,2023-05,26.4,8,0
CUST-0390,2023-06,17.9,4,1
CUST-0390,2023-07,25.5,11,0
CUST-0390,2023-08,24.2,9,1
CUST-0390,2023-09,25.8,11,0
CUST-0390,2023-10,26.6,6,0
CUST-0390,2023-11,13.6,3,1
CUST-0390,2023-12,17.4,6,1
CUST-0390,2024-01,22.8,8,0
CUST-0390,2024-02,23.6,7,0
CUST-0390,2024-03,21.5,5,0
CUST-0390,2024-04,18.0,5,0
CUST-0390,2024-05,20.7,6,0
CUST-0390,2024-06,18.7,5,1
CUST-0390,2024-07,26.9,6,1
CUST-0390,2024-08,25.0,11,1
CUST-0390,2024-09,25.4,12,0
CUST-0390,2024-10,23.7,5,0
CUST-0390,2024-11,21.3,5,0
CUST-0391,2022-04,,6,3
CUST-0391,2022-05,20.3,9,3
CUST-0391,2022-06,12.5,3,0
CUST-0391,2022-07,6.2,1,2
CUST-0391,2022-08,14.4,3,2
CUST-0391,2022-09,12.8,2,1
CUST-0391,2022-10,6.4,1,2
CUST-0391,2022-11,1.9,1,2
CUST-0391,2022-12,7.8,2,2
CUST-0391,2023-01,5.3,1,0
CUST-0391,2023-02,8.3,2,4
CUST-0391,2023-03,0.0,1,2
CUST-0391,2023-04,5.5,1,1
CUST-0391,2023-05,5.6,2,2
CUST-0391,2023-06,0.4,1,3
CUST-0391,2023-07,0.0,1,1
CUST-0391,2023-08,0.0,1,0
CUST-0391,2023-09,0.0,1,1
CUST-0391,2023-10,0.0,1,0
CUST-0391,2023-11,0.0,1,0
CUST-0391,2023-12,0.0,1,0
CUST-0391,2024-01,1.8,1,0
CUST-0391,2024-02,5.3,2,1
CUST-0391,2024-03,0.0,1,1
CUST-0391,2024-04,0.0,1,0
CUST-0391,2024-05,0.0,1,0
CUST-0391,2024-06,0.0,1,1
CUST-0391,2024-07,0.0,1,3
CUST-0391,2024-08,0.0,1,1
CUST-0391,2024-09,0.0,1,1
CUST-0391,2024-10,0.0,1,3
CUST-0392,2023-09,22.6,4,0
CUST-0392,2023-10,22.5,10,0
CUST-0392,2023-11,28.7,6,0
CUST-0392,2023-12,24.2,4,0
CUST-0392,2024-01,27.6,9,0
CUST-0392,2024-02,23.5,5,0
CUST-0392,2024-03,27.2,7,0
CUST-0392,2024-04,22.6,5,0
CUST-0392,2024-05,24.8,6,1
CUST-0392,2024-06,28.9,7,0
CUST-0392,2024-07,23.0,7,0
CUST-0392,2024-08,23.2,5,1
CUST-0392,2024-09,25.5,10,1
CUST-0392,2024-10,25.9,5,2
CUST-0392,2024-11,29.4,6,0
CUST-0392,2024-12,27.9,8,0
CUST-0392,2025-01,27.6,11,0
CUST-0392,2025-02,25.1,7,1
CUST-0392,2025-03,28.9,7,0
CUST-0392,2025-04,27.0,6,0
CUST-0392,2025-05,25.6,8,0
CUST-0393,2022-03,11.2,2,0
CUST-0393,2022-04,8.3,3,1
CUST-0393,2022-05,15.3,6,4
CUST-0393,2022-06,10.0,2,1
CUST-0393,2022-07,4.1,2,1
CUST-0393,2022-08,10.8,2,1
CUST-0393,2022-09,0.5,1,1
CUST-0393,2022-10,0.0,1,3
CUST-0393,2022-11,7.0,2,1
CUST-0393,2022-12,5.5,1,1
CUST-0393,2023-01,0.0,1,1
CUST-0393,2023-02,0.0,1,2
CUST-0393,2023-03,3.6,1,2
CUST-0393,2023-04,0.0,1,0
CUST-0393,2023-05,3.3,1,3
CUST-0393,2023-06,8.4,1,2
CUST-0393,2023-07,0.0,1,0
CUST-0393,2023-08,0.0,1,0
CUST-0393,2023-09,0.0,1,0
CUST-0393,2023-10,0.0,1,1
CUST-0393,2023-11,0.0,1,0
CUST-0393,2023-12,0.0,1,1
CUST-0393,2024-01,0.0,1,1
CUST-0393,2024-02,0.0,1,1
CUST-0393,2024-03,0.0,1,0
CUST-0393,2024-04,0.8,1,1
CUST-0393,2024-05,0.0,1,2
CUST-0393,2024-06,0.0,1,0
CUST-0393,2024-07,0.0,1,1
CUST-0393,2024-08,0.0,1,0
CUST-0393,2024-09,0.0,1,0
CUST-0394,2022-01,10.6,2,0
CUST-0394,2022-02,16.5,6,0
CUST-0394,2022-03,22.9,4,0
CUST-0394,2022-04,12.6,2,0
CUST-0394,2022-05,12.5,2,0
CUST-0394,2022-06,13.7,4,0
CUST-0394,2022-07,12.8,5,0
CUST-0394,2022-08,13.3,2,2
CUST-0394,2022-09,14.4,6,1
CUST-0394,2022-10,16.3,7,1
CUST-0394,2022-11,10.0,3,0
CUST-0394,2022-12,19.8,4,1
CUST-0394,2023-01,18.2,4,1
CUST-0394,2023-02,15.3,6,0
CUST-0394,2023-03,11.8,4,0
CUST-0394,2023-04,20.1,4,0
CUST-0394,2023-05,13.7,3,1
CUST-0394,2023-06,15.5,3,0
CUST-0394,2023-07,9.5,2,0
CUST-0394,2023-08,11.7,3,0
CUST-0394,2023-09,16.4,3,0
CUST-0394,2023-10,12.9,2,1
CUST-0394,2023-11,11.6,2,1
CUST-0394,2023-12,23.0,6,0
CUST-0394,2024-01,13.0,4,0
CUST-0394,2024-02,13.0,4,1
CUST-0394,2024-03,12.4,2,1
CUST-0394,2024-04,10.6,4,1
CUST-0394,2024-05,16.3,7,0
CUST-0394,2024-06,16.5,3,0
CUST-0394,2024-07,22.4,9,0
CUST-0395,2023-02,7.0,2,0
CUST-0395,2023-03,8.1,1,1
CUST-0395,2023-04,6.0,1,1
CUST-0395,2023-05,5.1,1,0
CUST-0395,2023-06,1.7,1,1
CUST-0395,2023-07,,1,1
CUST-0395,2023-08,8.2,1,1
CUST-0395,2023-09,0.9,1,0
CUST-0395,2023-10,3.0,1,3
CUST-0395,2023-11,6.2,2,2
CUST-0395,2023-12,0.0,1,2
CUST-0395,2024-01,0.0,1,1
CUST-0395,2024-02,0.0,1,0
CUST-0395,2024-03,0.0,1,2
CUST-0395,2024-04,4.3,1,0
CUST-0395,2024-05,0.0,1,2
CUST-0395,2024-06,0.0,1,0
CUST-0395,2024-07,0.0,1,0
CUST-0395,2024-08,0.0,1,0
CUST-0395,2024-09,0.0,1,0
CUST-0395,2024-10,0.0,1,1
CUST-0395,2024-11,0.0,1,1
CUST-0395,2024-12,0.0,1,0
CUST-0395,2025-01,0.0,1,1
CUST-0395,2025-02,0.0,1,2
CUST-0395,2025-03,0.0,1,2
CUST-0395,2025-04,0.0,1,1
CUST-0395,2025-05,0.0,1,2
CUST-0396,2022-10,21.2,4,3
CUST-0396,2022-11,22.1,7,1
CUST-0396,2022-12,17.8,4,0
CUST-0396,2023-01,,4,0
CUST-0396,2023-02,17.8,3,0
CUST-0396,2023-03,24.7,5,2
CUST-0396,2023-04,17.7,7,0
CUST-0396,2023-05,16.4,3,1
CUST-0396,2023-06,17.4,7,1
CUST-0396,2023-07,6.3,1,0
CUST-0396,2023-08,7.2,3,1
CUST-0396,2023-09,6.8,1,0
CUST-0396,2023-10,13.2,5,1
CUST-0396,2023-11,8.4,3,3
CUST-0396,2023-12,15.2,5,1
CUST-0396,2024-01,,4,0
CUST-0396,2024-02,20.0,5,0
CUST-0396,2024-03,0.0,1,2
CUST-0396,2024-04,0.0,1,2
CUST-0396,2024-05,1.7,1,1
CUST-0396,2024-06,10.4,3,1
CUST-0396,2024-07,0.0,1,1
CUST-0396,2024-08,0.0,1,0
CUST-0396,2024-09,0.2,1,0
CUST-0396,2024-10,14.7,6,2
CUST-0396,2024-11,17.1,6,2
CUST-0396,2024-12,0.0,1,2
CUST-0396,2025-01,0.0,1,1
CUST-0396,2025-02,0.0,1,1
CUST-0396,2025-03,1.8,1,1
CUST-0396,2025-04,0.0,1,2
CUST-0397,2023-05,18.8,6,0
CUST-0397,2023-06,25.8,11,0
CUST-0397,2023-07,22.9,4,0
CUST-0397,2023-08,24.7,5,0
CUST-0397,2023-09,20.6,6,0
CUST-0397,2023-10,23.5,10,0
CUST-0397,2023-11,23.2,10,1
CUST-0397,2023-12,18.7,4,0
CUST-0397,2024-01,21.8,7,1
CUST-0397,2024-02,24.7,7,0
CUST-0397,2024-03,25.9,9,1
CUST-0397,2024-04,19.6,9,0
CUST-0397,2024-05,20.8,6,0
CUST-0397,2024-06,22.5,5,0
CUST-0397,2024-07,20.5,4,0
CUST-0397,2024-08,21.9,10,0
CUST-0397,2024-09,22.4,5,0
CUST-0397,2024-10,22.2,7,0
CUST-0397,2024-11,23.1,4,0
CUST-0397,2024-12,24.9,7,0
CUST-0397,2025-01,22.0,4,0
CUST-0397,2025-02,21.7,6,0
CUST-0397,2025-03,27.5,9,0
CUST-0397,2025-04,28.9,9,0
CUST-0397,2025-05,21.7,4,1
CUST-0398,2024-04,13.6,3,0
CUST-0398,2024-05,14.3,4,0
CUST-0398,2024-06,12.3,5,1
CUST-0398,2024-07,5.1,2,0
CUST-0398,2024-08,11.3,3,0
CUST-0398,2024-09,4.6,1,2
CUST-0398,2024-10,5.6,2,0
CUST-0398,2024-11,0.0,1,0
CUST-0398,2024-12,0.0,1,1
CUST-0398,2025-01,1.0,1,1
CUST-0398,2025-02,3.4,1,3
CUST-0398,2025-03,0.0,1,1
CUST-0398,2025-04,0.0,1,0
CUST-0398,2025-05,0.0,1,1
CUST-0399,2024-02,14.0,5,0
CUST-0399,2024-03,16.4,3,0
CUST-0399,2024-04,23.2,4,0
CUST-0399,2024-05,17.5,4,1
CUST-0399,2024-06,13.9,3,0
CUST-0399,2024-07,20.5,6,0
CUST-0399,2024-08,15.6,5,0
CUST-0399,2024-09,24.0,5,1
CUST-0399,2024-10,15.7,4,0
CUST-0399,2024-11,20.3,5,1
CUST-0399,2024-12,20.5,5,0
CUST-0399,2025-01,16.9,5,0
CUST-0399,2025-02,19.3,3,1
CUST-0399,2025-03,16.4,3,0
CUST-0399,2025-04,17.8,6,1
CUST-0399,2025-05,25.9,5,0
CUST-0400,2023-04,9.6,3,1
CUST-0400,2023-05,7.3,3,0
CUST-0400,2023-06,11.3,3,0
CUST-0400,2023-07,11.9,3,1
CUST-0400,2023-08,9.0,3,0
CUST-0400,2023-09,7.6,2,1
CUST-0400,2023-10,8.7,2,1
CUST-0400,2023-11,14.8,3,0
CUST-0400,2023-12,9.7,3,1
CUST-0400,2024-01,12.8,4,0
CUST-0400,2024-02,5.8,2,0
CUST-0400,2024-03,12.3,3,0
CUST-0400,2024-04,8.1,1,0
CUST-0400,2024-05,6.0,2,0
CUST-0400,2024-06,6.8,2,1
CUST-0400,2024-07,11.8,2,0
CUST-0400,2024-08,5.5,1,0
CUST-0400,2024-09,9.0,2,1
CUST-0400,2024-10,8.2,2,0
CUST-0400,2024-11,9.6,4,0
CUST-0400,2024-12,8.1,2,1
CUST-0400,2025-01,3.3,1,0
CUST-0400,2025-02,11.9,2,0
CUST-0400,2025-03,5.2,2,1
CUST-0400,2025-04,10.3,4,0
CUST-0400,2025-05,6.7,1,1
